label,text
0,"Mình rất thất vọng với Surface, sạc quá tệ, hay bị chậm vãi."
0,Pin thật sự chán
0,Chụp đêm xấu như nhau... Cái cảm biến bé như hạt gạo thì so sánh làm gì cho mất công Mà tinh tế chơi thiết bị hay chơi lỹ thuật chụp ảnh thế ?
0,Pin hơi kém
1,"Em đồng ý với bác luôn đó, thời này samsung nó ăn đứt các hãng khác luôn rồi à, từ thiết kế đến tiện ích tính năng"
0,bật HDR lên sao nhìn nó cứ lóa lên ấy nhỉ
1,"Không có gì để chê ở món kem này, quá đặc sắc."
1,"Apple Watch thiết kế nhanh, pin mượt."
0,Giá đó mua 6plus ngon hơn.có những đứa bị điên mới mua 5SE
1,"Mình rất thích gà rán ở đây, quán phục vụ chuẩn vị, đồ ăn hấp dẫn."
1,Với tầm giá này thì Nokia là tốt nhất rồi.
1,Màn hình này hoàn toàn đẹp
1,"Món trà sữa ngon hết sẩy, gia vị thơm."
0,"Gia vị món phở quá nhạt, ăn không vô."
0,"Mình rất thất vọng với Samsung, sạc chán, hay bị chậm vãi."
1,"Món phở vị đặc sắc, không gian làm rất vừa vị."
0,Màn hình khá chậm
0,"Gia vị món phở quá quá tệ, ăn không vô."
1,"Mình rất hài lòng với Huawei, chip mạnh, không nóng máy."
0,Mới ăn thử bánh xèo ở đây mà thấy ôi cực kỳ.
0,Mua HP về dùng thử mà thấy lỗi quá.
1,"Không có gì để chê ở món mì xào này, quá ngon."
1,"Surfacebook đẹp quá, phải gom lúa mua ngay con macbook mới được"
0,"Không thể chấp nhận được món cà phê này, quá nhạt."
0,"Acer thiết kế chậm, màn hình thì quá cùi."
1,"Mua Sony cho bố dùng, bố khen sắc nét."
0,"Con Acer này dùng kém, pin mất sóng."
1,"Không có gì để chê ở Nokia, quá nhanh."
0,Với tầm giá này mà LG quá chán vậy là không đáng tiền.
1,"Con Macbook này dùng phù hợp, pin không bị lag."
0,"Con Lenovo này dùng chán, pin giật lag."
1,"Mình rất thích bún bò ở đây, quán phục vụ tuyệt vời, đồ ăn chất lượng."
1,Quán này mì quảng là chuẩn vị nhất rồi.
0,"Không thể chấp nhận được món cơm tấm này, quá chua."
0,Camera ít mượt mà
0,Máy ít xuất sắc
1,"Realme thiết kế sang trọng, loa không bị lag."
1,"Dẫn đồng nghiệp đi ăn hải sản, em trai khen vừa vị."
0,"Asus thiết kế nóng, màn hình thì hết pin nhanh."
0,"Có ai đó cảnh báo Blackberry không nên gia công hàng trung quốc để mất thương hiệu không vậy, ai, ai làm việc đó đi nào, xem như làm việc thiện"
0,"HP đơ quá, xài một thời gian là thấy quá cùi."
0,Thiết kế chả đẹp
1,"Mình rất thích hải sản ở đây, quán phục vụ chất lượng, đồ ăn cuốn hút."
0,"Huawei thiết kế đơ, bộ nhớ thì hay bị lỗi."
1,Với tầm giá này thì AirPods là bền nhất rồi.
1,"Con Vivo này dùng đẳng cấp, pin vô đối."
0,"Gia vị món kem quá quá kém, ăn không vô."
0,"Con Surface này dùng nóng, pin quá chán."
0,Mạng thật sự dở
1,Con này tương thích với QC 2.0 mua về cho còn Zen2 xài ngon
0,"Surface thiết kế quá tệ, cảm ứng thì hết pin nhanh."
1,Điện thoại này quá êm
0,"Món cơm tấm vị dở, không đáng tiền tí nào."
1,"Mua iPhone cho mẹ dùng, đồng nghiệp khen nhanh."
1,Bức hình nào là nhỏ xíu. Và 950 chưa bjo là cái đt có camera cùi.
1,"Mua Lenovo cho bố dùng, con khen ấn tượng."
0,"Samsung bình thường quá, xài vài tháng là thấy nóng máy."
0,Mua Sony về dùng thử mà thấy mờ quá.
0,"Con Acer này dùng chậm, pin loạn cảm ứng."
0,Chắc lại ế như S6 thôi!?!
1,"Nokia nhẹ quá, xài cả năm rồi vẫn phê lắm."
1,"EM thấy dùng khá ổn đấy chứ hiệu năng tốt, máy mượt. pin tốt. mọi ng đừng quá quan tâm tới dung lượng pin, cách tối ưu pin mới là vấn đề thích xa mà chưa có tiền"
1,"Món cà phê ở quán này giòn cực kỳ, ăn suốt mấy tháng vẫn ghiền."
0,Mới mua con Xiaomi này về mà thấy kém cực kỳ.
0,Mới ăn thử gà rán ở đây mà thấy tanh cực kỳ.
0,Mới mua con Dell này về mà thấy quá kém cực kỳ.
0,"Con Lenovo này dùng lỗi, pin lag lòi."
1,"Dell hoàn hảo quá, xài vài hôm rồi vẫn hoạt động tốt."
1,"Con Huawei này dùng tốt, pin tốt."
0,Điện thoại chưa mát
1,"Không có gì để chê ở món bún chả này, quá ngon tuyệt."
0,Với tầm giá này mà AirPods chán vậy là không đáng tiền.
0,"Mình cũng là Fansam và iFan , rất thích 2 hãng vì máy tốt và đẹp , nhưng thừa nhận hôm nay samsung cũng đã đạt tới mức tận cùng thiết kế , mọi ý tưởng bây giờ xoay vòng , Note7 giống note5 , s6 ,s7 , chẳng có sự đột phá gì mới"
0,Sản phẩm hơi lag
1,"Apple Watch ngon lành quá, xài mấy ngày rồi vẫn đẹp."
1,"Món pizza vị ngon miệng, gia vị làm rất béo."
0,Mạng hơi chán
0,"Món cơm tấm ở quán này khô quá, ăn một tháng là thấy quá tệ."
1,"Mình rất hài lòng với Acer, sạc đẳng cấp, tốt."
0,"Món phở vị chán, không đáng tiền tí nào."
1,"Không có gì để chê ở món lẩu này, quá tuyệt vời."
1,"Mua Nokia cho con dùng, em gái khen đẳng cấp."
0,"Con Xiaomi này dùng quá tệ, pin rất tệ."
0,"Lớp kính bề mặt quá mỏng và cảm ứng dễ bị liệt hàng hoặc liệt toàn bộ là đặc điểm dễ nhận thấy trên sản phẩm của Sony và LG! Sony, LG đã tự làm mất lượng khách hàng khá lớn khi họ cho ra mắt những sản phẩm cao cấp mà không chú ý hoàn thiện chất lượng cảm ứng cũng như kính bảo vệ. Việc tích hợp phím chức năng vào trong màn hình cũng là một sai lầm nghiêm trọng. Là người bán điện thoại, chúng tôi rất sợ khi phải bảo hành sản phẩm của LG và Sony! Có thể có bạn vào đây ném đá: ""Tôi đang dùng Sony, LG đây, chất lượng rất tốt, không sao cả!"". Xin thưa, bạn chỉ dùng một vài cái còn chúng tôi bán cả vài ngàn cái. Nếu tôi bán Samsung hoặc iphone, tôi rất yên tâm về cảm ứng của máy và không lo vụ loạn hay liệt cảm ứng."
1,Mê quá !
0,"Đồng ý vs bạn, mình từ Zen2 qua SF1. Mình khá hối hận vì chuyển qua SF1 vì camera chụp ko đc đẹp, máy thỉnh thoảng bị lag mặc dù 3GB RAM (ko chơi game nặng nha)."
0,"Gia vị món phở quá khét, ăn không vô."
1,"Mình rất hài lòng với iPad, wifi hoàn hảo, rất tốt."
1,"ôi đẳng cấp quá, 2 sim 2 sóng online :))"
0,Táo làm gì có cửa mà đem so với một siêu phẩm như vậy trời?
0,"Không thể chấp nhận được món kem này, quá khô."
1,"Mới ăn thử trà sữa ở đây, vị rất ngon lắm luôn."
0,Mới mua con Surface này về mà thấy chậm cực kỳ.
0,Mua HP về dùng thử mà thấy quá chán quá.
1,Pin này vô cùng đỉnh
0,"Món mì xào vị nhạt, không đáng tiền tí nào."
0,"Không thể chấp nhận được món bánh xèo này, quá khét."
0,Với tầm giá này mà Asus đơ vậy là không đáng tiền.
1,"Viền dải kim loại nhìn cũng đẹp mà bạn, còn viền kim loại được build trên mấy con cao cấp thôi."
0,Mới ăn thử lẩu ở đây mà thấy chán cực kỳ.
1,Với tầm giá này thì Samsung là nhẹ nhất rồi.
0,Giá khá đắt
1,"mỏng, nặng đầm tay, nghe nhạc tốt, lọc âm thanh như V8 mua về thay cho con 1280 ngay."
0,Dẫn vợ đi ăn kem mà bố chê tanh quá.
0,"Mình rất thất vọng với gà rán, nước chấm nguội ngắt, đồ ăn nhạt nhẽo."
1,Đẹp quá chất quá mê em này rồi 6s nhìn chán chán xấu xấu đc mỗi thương hiệu
1,Quán này vịt quay là ngon miệng nhất rồi.
0,"Nokia thiết kế lỗi, màn hình thì chậm vãi."
0,"Món cà phê ở quán này quá tệ quá, ăn mấy ngày là thấy mất vệ sinh."
0,Với tầm giá này mà iPad quá tệ vậy là không đáng tiền.
0,"Món gỏi cuốn ở quán này mặn quá, ăn vài tháng là thấy nhạt nhẽo."
1,Quán này bánh xèo là rất ngon nhất rồi.
0,Dẫn vợ đi ăn phở mà chồng chê ngấy quá.
1,"Con Samsung này dùng bền, pin rất bền."
1,"Món bún bò ở quán này chuẩn vị cực kỳ, ăn vài hôm vẫn ghiền."
1,đẹp quá.
1,"Mình rất thích gỏi cuốn ở đây, quán phục vụ đậm đà, đồ ăn rất ngon."
1,Nếu thật như vậy thì NOTE7 quá đỉnh!
1,"ZenBook UX303 này thu hút ghê nhỉ, màn hình cảm ứng luôn. Lúc nào mà không có chuột thì đây cũng là giải pháp tối ưu trong việc thao tác nhanh."
1,"cái anh thấy là giao diện của winpro bên dòng máy khác thì phải ,còn cái này đúng là rom 6.5 smartphone mà ,nó tương tự rom 6.1 thêm một ít tiện ích và chức năng ,đặc biệt chạy ít hao pin .."
1,"Món bún bò ngon hết sẩy, gia vị ngon miệng."
1,"Mình rất hài lòng với Macbook, cảm ứng đẹp, vẫn mượt."
0,Mới ăn thử gà rán ở đây mà thấy nhạt cực kỳ.
1,Với tầm giá này thì LG là đẳng cấp nhất rồi.
1,"Không có gì để chê ở món cà phê này, quá vừa miệng."
1,Bồ kết nhất chất lượng hình ảnh của TV samsung đó.
0,"Mình rất thất vọng với Huawei, pin chán, hay bị vô dụng."
1,"HP đẳng cấp quá, xài vài tháng rồi vẫn ok lắm."
0,"Huawei thiết kế quá tệ, wifi thì không xài được."
0,"Không thể chấp nhận được Lenovo, quá tệ."
0,"Không thể chấp nhận được iPhone, quá bình thường."
0,"Mình rất thất vọng với Realme, màn hình yếu, hay bị yếu xìu."
1,"Xiaomi mượt mà quá, xài mấy ngày rồi vẫn không nóng máy."
0,"Món pizza ở quán này không tươi quá, ăn suốt mấy tháng là thấy nhạt nhẽo."
0,Mới ăn thử cà phê ở đây mà thấy quá kém cực kỳ.
0,Mới ăn thử phở ở đây mà thấy dở cực kỳ.
0,Máy cực kỳ lag
1,"Bản 6.5 này được cái theme đẹp hơn 6.1 , có thêm một số tính năng mới (như regedit , sytem clear, java ..) tuy nhiên nó lại bớt đi coreplayer và đặc biệt là putsmail ( trước đây dùng bản 6.1 khi có mail thì microsoft exchange nó đẩy ngay về máy )."
1,Quán này gỏi cuốn là giòn nhất rồi.
1,"Món pizza ngon hết sẩy, gia vị giòn."
1,"Con iPhone này dùng tuyệt vời, pin phê lắm."
1,đẹp thật
0,chẳn có gì đột phá về ngoại hình
1,"Không có gì để chê ở món nem cuốn này, quá ngon."
0,Quán này đồ ăn dở vậy là không đáng tiền.
1,"không bạn ạ, ngày xưa hay bị chập chơn vì chưa lên được quốc tế, bây giờ dùng thậm chí sóng còn tốt hơn 1 số dòng máy ở nhà."
0,"Món nem cuốn vị không tươi, không đáng tiền tí nào."
1,"Acer thiết kế đẹp, màn hình dùng rất sướng."
1,"Mới tậu con LG này về, sang trọng cực kỳ luôn."
0,vẻ bên ngoài không mấy thay đổi ! làm cho người dùng cảm thấy nhàm chán
0,"Không thể chấp nhận được món gà rán này, quá chua lè."
1,"Không có gì để chê ở Sony, quá sắc nét."
0,"Không thể chấp nhận được món gà rán này, quá quá tệ."
1,"Không có gì để chê ở AirPods, quá tuyệt vời."
1,"Mới tậu con Xiaomi này về, ngon lành cực kỳ luôn."
0,"Con Oppo này dùng bình thường, pin sụt pin nhanh."
1,"Dẫn vợ đi ăn gà rán, bạn bè khen đậm đà."
1,chưa bao giờ mong em đấy ra nhanh như lúc này để 4.5 xuống giá hot em về động phòng chơi đợi mỏi cổ quá
0,"J7 đi bạn, camera cùng 13m nhưng M4 chụp hình xấu tệ hại luôn, khả năng bắt nét cực kém."
0,"Đang dùng hết pin thì sao đây, iphone ngày càng thiết kế dở tệ hết sáng tạo rồi."
0,"Không thể chấp nhận được món bún bò này, quá quá tệ."
1,"đen phối vàng nhìn bí ẩn thật , tuyệt !"
0,"AirPods lỗi quá, xài suốt mấy tháng là thấy sụt pin nhanh."
0,Apple có vẻ đã cạn kiệt ý tưởng. Iphone 7 với phiên bản như thế này thì tôi sẽ lựa chọn Samsung s7
0,Mới ăn thử pizza ở đây mà thấy tanh cực kỳ.
1,"D300+35 f1.8 là quá đủ rồi, màu sắc đẹp,auto wb chuẩn, đo sáng ko chê chỗ nào, thiếu sáng có flast cóc, pin trâu chụp cả 1.000 shots...."
1,"Chuẩn đấy bác, em setting đc 3G rùi. Công nhận em này đẹp, em cầm đi chơi mà ai ai cũng muốn cầm xem. Đợt sắp tới thì chỉ sợ ko đủ sức cầm hàng về thui."
1,"Món gà rán ngon hết sẩy, gia vị chuẩn vị."
1,Với tầm giá này thì Samsung là tốt nhất rồi.
0,Mua HP về dùng thử mà thấy quá tệ quá.
0,"AirPods thiết kế mờ, camera thì nóng máy."
1,"Con Oppo này dùng tuyệt vời, pin không bị lag."
0,"Viền cạnh dưới quá to. Quá bảo thủ với kiểu thiết kế này, không hợp thời. Ắt sẽ lại thất bại !"
0,"Chụp trong điều kiện thiếu sáng có vẻ không tốt lắm, phải dùng lightroom mới kích màu và làm trong hình ảnh được thì không ổn."
1,"Dẫn em gái đi ăn mì quảng, vợ khen quá đã."
1,"Chỉ thích bbos, bb chạy android bây h giống như Apple sxuat tivi. BBos kho ứng dụng nghèo nàn nhưng độ ổn định cực tốt, tại sao không bỏ tiền ra phát triển cái bbos mà phai chạy theo cái hdh mở lởm chởm, chắp vá, được cái trực quan, dễ phát triển tý chứ android ngốn ram, ngốn đủ thứ,virus hoành hành. Android giống như lắp 1 chiếc xe đồ chơi chỉ có 4 cái bánh còn phần trên ai muốn lắp gì cũng dc, được nhiều nguời thích vì nó thị hiếu, gần giống như nhạc của Sơn Tùng MTP. Đó là ý kiến cá nhân."
1,"Không có gì để chê ở Dell, quá hoàn hảo."
1,"Dẫn em trai đi ăn bún bò, người yêu khen rất ngon."
0,"Con Acer này dùng xấu, pin không xài được."
0,"Gia vị món gỏi cuốn quá đắng, ăn không vô."
0,"Asus chán quá, xài vài tháng là thấy loạn cảm ứng."
1,Sản phẩm này cực kỳ đẹp
1,"Không có gì để chê ở Acer, quá ngon lành."
1,"Mình rất hài lòng với Xiaomi, màn hình phù hợp, dùng rất sướng."
0,Với tầm giá này mà AirPods lỗi vậy là không đáng tiền.
1,"Món bánh xèo ở quán này thơm cực kỳ, ăn vài tháng vẫn ghiền."
0,Mới ăn thử nướng ở đây mà thấy chua cực kỳ.
1,Màn hình này hoàn toàn bền
1,"Món bún chả ở quán này vừa miệng cực kỳ, ăn suốt mấy tháng vẫn ghiền."
0,"Surface lag quá, xài suốt mấy tháng là thấy không đáng tiền."
1,"Mình rất hài lòng với Xiaomi, thiết kế cao cấp, đẹp."
1,"Dẫn chồng đi ăn bún bò, con khen ngon tuyệt."
0,"Mình rất thất vọng với Samsung, cấu hình bình thường, hay bị quá cùi."
0,"Hết ý tưởng, ios 10 còn làm cái trò mèo ấn nút home mở màn hình thì 3 bữa ra đi cái nút home, Apple làm cái trò mèo gì vậy không biết."
1,"Món mì quảng vị chất lượng, decor làm rất chuẩn vị."
0,"Món phở ở quán này quá tệ quá, ăn suốt mấy tháng là thấy quá tệ."
0,Mới ăn thử nướng ở đây mà thấy khô cực kỳ.
0,"Không thể chấp nhận được Lenovo, quá mờ."
0,"Thôi, bái bai iphone luôn, quá mất thể diện và quá kém cỏi. nên đuổi ngay tim cóc may ra có người làm tốt mới lấy lại được danh tiếng cho apple. Giờ chỉ có samsung là lắng nghe người dùng thôi."
1,"Mình rất hài lòng với AirPods, loa phù hợp, ổn định."
0,"Không thể chấp nhận được Oppo, quá loạn."
0,"Gia vị món nem cuốn quá nguội ngắt, ăn không vô."
1,Chất lượng này cực kỳ đẹp
0,Máy chả đẹp
1,"Mình rất thích hải sản ở đây, quán phục vụ hấp dẫn, đồ ăn đặc sắc."
0,"Món bánh mì ở quán này đắng quá, ăn suốt mấy tháng là thấy không nuốt nổi."
0,Với tầm giá này mà Sony quá kém vậy là không đáng tiền.
1,"Mình rất thích lẩu ở đây, quán phục vụ quá đã, đồ ăn tươi."
1,"Con Vivo này dùng nhẹ, pin tuyệt vời."
1,Quán này mì quảng là hấp dẫn nhất rồi.
1,Trên cả ĐẸP.
0,"Kg có chức năng chống nước thì làm sao cạnh tranh với ss, quá tệ, nếu con Steve Job thì sẽ khác"
1,"Macbook thiết kế sang trọng, cảm ứng mượt."
0,Điện thoại ít hoàn hảo
1,"Mua AirPods cho con dùng, vợ khen nhanh."
0,"Không thể chấp nhận được Lenovo, quá quá kém."
1,"Mình rất hài lòng với Nokia, camera mỏng, vẫn mượt."
0,Dẫn vợ đi ăn pizza mà con chê ngấy quá.
1,"Không có gì để chê ở Samsung, quá mỏng."
1,"Món cơm tấm ngon hết sẩy, gia vị đậm đà."
0,Với tầm giá này mà Macbook lởm vậy là không đáng tiền.
0,"Gia vị món bánh xèo quá chán, ăn không vô."
0,Camera cực kỳ kém
0,"Không thể chấp nhận được món cơm tấm này, quá mặn."
1,Quán này sushi là chất lượng nhất rồi.
0,Xấu kinh dị
0,Dẫn em trai đi ăn gà rán mà bạn bè chê nhạt quá.
1,"Mình rất thích mì xào ở đây, quán phục vụ ngon miệng, đồ ăn chất lượng."
1,quá ngon.hi vọng mấy anh xách tay ăn lãi ít để em có cơ hội sử dụng :))
1,Dịch vụ này vô cùng đỉnh
1,"Món kem ở quán này ngon tuyệt cực kỳ, ăn một tuần vẫn ghiền."
0,Dịch vụ chưa mượt mà
1,"Ban co the ghe mat xem wa e Lenovo Yoga moi, theo ca nhan minh thay yoga thiet ke dep, cau hinh cung manh."
1,Với tầm giá này thì Asus là xuất sắc nhất rồi.
1,"Sony xuất sắc quá, xài một tuần rồi vẫn ổn định."
1,"Không có gì để chê ở món bánh mì này, quá đậm đà."
0,"mình cũng bị tình trạng này khi tắt TV Sony bằng điều khiển sau 1 thời gian nhất định, bật lên sẽ không có tiếng và mất quyền điều khiển. TV chỉ có thể trở lại trạng thái bình thường khi rút phích nguồn cắm lại."
0,Mua LG về dùng thử mà thấy giật quá.
1,"Lenovo đẳng cấp quá, xài hơn nửa năm rồi vẫn vô đối."
0,"LG mờ quá, xài vài hôm là thấy nhanh tã."
0,thật sự mình thấy asus gia công phần cứng rất ọp ẹp !!!
1,Quá đẹp . Ước ji nó mang hiệu của việt nam
1,Dịch vụ này quá mát
0,"nó nặng hơn, to hơn, màn bé hơn, pin yếu hơn."
1,"Mình rất hài lòng với Acer, cảm ứng bền, đẹp."
0,Máy khá dở
1,"Con iPhone này dùng nhẹ, pin vô đối."
1,Điện thoại này vô cùng xuất sắc
1,"Món mì xào ngon hết sẩy, gia vị thơm."
0,"Không thể chấp nhận được Oppo, quá lag."
1,Thiết kế này khá mát
1,"Mới tậu con LG này về, mạnh cực kỳ luôn."
0,"Giá k tốt bằng xiaomi, thấy xiaomi ok hơn."
1,"Không có gì để chê ở Huawei, quá hoàn hảo."
1,"Mình rất hài lòng với LG, bàn phím bền, không nóng máy."
0,"iPhone thiết kế bình thường, hiệu năng thì quá đơ."
1,"Dẫn em trai đi ăn bánh mì, mẹ khen quá đã."
1,"LG ấn tượng quá, xài hơn nửa năm rồi vẫn rất tốt."
0,Mua LG về dùng thử mà thấy kém quá.
0,"iPad thiết kế mờ, hệ điều hành thì mất sóng."
0,"Gia vị món sushi quá khô, ăn không vô."
0,Với tầm giá này mà Lenovo kém vậy là không đáng tiền.
0,Và camera lồi lên 3mm :v
0,Với tầm giá này mà Surface lag vậy là không đáng tiền.
1,Quá ổn so với tầm giá!
0,"Không thể chấp nhận được món gà rán này, quá dở."
1,"Ý kiến cá nhân: ĐT của Huawei rất tốt, đáng đồng tiền. Hài lòng với tiền bỏ ra."
0,"Món mì xào ở quán này chua lè quá, ăn cả tuần là thấy tanh rình."
1,"Mình rất thích cơm tấm ở đây, quán phục vụ thơm, đồ ăn thơm."
0,Asus làm rất tệ về độ sáng màn hình :)
0,"Con Lenovo này dùng lởm, pin sụt pin nhanh."
1,cá nhân thì thích wp
0,"Con LG này dùng lởm, pin vô dụng."
1,"Mình rất thích cà phê ở đây, quán phục vụ xuất sắc, đồ ăn đậm đà."
1,"Món phở ở quán này cuốn hút cực kỳ, ăn vài hôm vẫn ghiền."
0,"Apple Watch lag quá, xài cả tuần là thấy yếu xìu."
0,Càng ngày càng tệ.....hút máu liên tục lỗi nguyên cục..không hiểu ông tim cook làm gì với apple nữa...
1,"Món phở ở quán này ngon cực kỳ, ăn một tháng vẫn ghiền."
0,Dòng Asus trong tầm giá khi nào cấu hình cũng khủng nhất nhưng sài rồi mới biết nó ẹ nhất.
1,"Mới ăn thử trà sữa ở đây, vị tươi lắm luôn."
1,"Mình rất hài lòng với Surface, camera đáng tiền, mạnh."
0,"Realme loạn quá, xài vài tháng là thấy yếu xìu."
0,Chiêu quảng cáo thôi mà
1,"Là camera s7 mà, có gì mà phải review thêm."
1,"Món gỏi cuốn vị rất ngon, nước dùng làm rất sạch sẽ."
1,Quán này hải sản là chất lượng nhất rồi.
0,"Không thể chấp nhận được Huawei, quá quá tệ."
0,"Tôi dùng 4G ở Hà Nội mà toàn bị rớt xuống 3G, chập chờn. Mà cũng chả nhanh hơn là bao, ko ổn định bằng 3G."
0,"Mình rất thất vọng với Acer, hệ điều hành quá tệ, hay bị mất sóng."
1,Với tầm giá này thì LG là ổn định nhất rồi.
0,Mới mua con iPhone này về mà thấy chán cực kỳ.
1,Ngon thật. Xiao ra thêm cái mặt hiển thị đồng hồ thì đúng là đẹp. giá mượt qá
1,Với tầm giá này thì iPad là đẹp nhất rồi.
0,"Không thể chấp nhận được món cà phê này, quá chua."
0,Dẫn em gái đi ăn gỏi cuốn mà đồng nghiệp chê khét quá.
1,"Xiaomi nhẹ quá, xài vài hôm rồi vẫn vẫn mượt."
1,"Món vịt quay ở quán này thơm cực kỳ, ăn vài tháng vẫn ghiền."
1,"Mua Oppo cho chồng dùng, con khen hoàn hảo."
1,Màn hình này rất hoàn hảo
0,"Mình rất thất vọng với Asus, vân tay xấu, hay bị loạn cảm ứng."
0,Ôi cái giá hút máu
1,Thôi mua m5 đi!!!rất tuyệt vời!!!
1,"Smartphone mà phần mềm IOS + phần cứng của SS là hết ý, miễn chê lun!"
0,"Không thể chấp nhận được món bún chả này, quá nhạt."
1,Dùng ipad bền lắm.. vài đời android thì cái ipad nó mới hỏng.. sao bảo không bán đc
1,"Món sushi vị chất lượng, không gian làm rất giòn."
1,"Mới ăn thử mì quảng ở đây, vị chất lượng lắm luôn."
0,Mới ăn thử cơm tấm ở đây mà thấy quá tệ cực kỳ.
0,"Mình rất thất vọng với cà phê, đồ ăn khét, đồ ăn khét lẹt."
1,Ngon. Đỡ phải dùng thẻ nhớ.
0,Ngoại hình của em ấy  XẤU QUÁ
0,"Con Samsung này dùng không ổn, pin quá cùi."
1,"Dẫn người yêu đi ăn vịt quay, đồng nghiệp khen chất lượng."
1,"Dẫn bố đi ăn hải sản, bạn bè khen đặc sắc."
0,"Gia vị món gỏi cuốn quá quá dở, ăn không vô."
0,"Sony Z các đời 1- 5 hay bị lỗi nguồn, hết kiệt pin sạc lại không vào phải dung kích và sạc qua 1 đêm, màn hình hay bị cháy loang trắng ngay cạnh phím nguồn, các nắp thẻ, sim ở cạnh hay bị rơi ra do gioăng cao su hư,...còn rất nhiều lỗi các bạn"
0,"Không thể chấp nhận được món sushi này, quá chua lè."
1,"Dẫn chồng đi ăn trà sữa, em trai khen chuẩn vị."
1,"Đang dùng con macbook cao nhất trên bài ,mọi thứ quá tuyệt"
1,"Mua Macbook cho em trai dùng, vợ khen ấn tượng."
1,"Mua Realme cho đồng nghiệp dùng, đồng nghiệp khen mạnh."
0,Sản phẩm không tuyệt vời
0,Dùng loại này nhanh tã máy lắm bạn. Pin thì khỏi phải nói. Rất ảo và nhanh sụt pin
0,Với tầm giá này mà Oppo nóng vậy là không đáng tiền.
0,"Gia vị món mì xào quá quá kém, ăn không vô."
1,Camera này hoàn toàn đỉnh
1,"Apple Watch thiết kế cao cấp, camera vẫn mượt."
0,Mới ăn thử pizza ở đây mà thấy nguội ngắt cực kỳ.
0,Mới ăn thử lẩu ở đây mà thấy đắng cực kỳ.
0,Mình đang xài cục Anker 13.000 và rất hài lòng với em nó. Mua trên Amazon chỉ có $27 Thiết nghĩ cục Asus này so với Anker chắc ko có cửa rồi
0,Mới mua con Realme này về mà thấy quá tệ cực kỳ.
0,"HP lởm quá, xài cả năm là thấy quá chán."
1,"Món gà rán vị ngon tuyệt, món ăn làm rất tươi."
1,"mình thì dùng con s4 gần 3 năm rồi, vẫn ngon lành, samsung thì cứ dòng s với note mà chiến"
0,"32 bít RAM 2GB đã không chạy nổi rồi, giờ lên 64 chắc chịu"
1,Ban mua MI 4 của xiamao hơn tuy là của tàu nhưng dùng sướng hơn samsung và sony cấu hình hơn hẳn
1,"Mua LG cho em trai dùng, bố khen ngon lành."
1,"Dẫn em gái đi ăn sushi, con khen giòn."
1,Asus ngày càng hoàn thiện mình
0,Mới mua con Realme này về mà thấy lỗi cực kỳ.
1,"Realme thiết kế ngon lành, vân tay rất tốt."
1,"Món vịt quay ngon hết sẩy, gia vị vừa vị."
1,Thiết kế này khá đỉnh
0,có ai thấy màu xấu quá ko. nhìn cứ dại dại. và 2 cạnh trên dưới thừa quá nhiều. điểm yếu cố hữu của sony
0,"Không thể chấp nhận được Samsung, quá chậm."
1,"Không có gì để chê ở Xiaomi, quá ấn tượng."
0,"Món trà sữa vị không tươi, không đáng tiền tí nào."
0,Nút “quay lại” vô cùng tiện lợi thì không có nhưng lại có nút “chuyển đổi chế độ rung - chuông”. Có lẽ Apple để dần nhận ra sự ngớ ngẩn.
0,"Nếu chọn 1 trong 2 máy trên thì mình khuyên bạn mua samsung vì sony m4 aqua đang vướng lỗi bộ nhớ trong còn rất ít để cài ứng dụng, bạn có thể google để rõ hơn, nếu thích sony bạn có thể mua dòng khác, good luck"
0,Mới ăn thử bánh xèo ở đây mà thấy khô cực kỳ.
0,Dẫn mẹ đi ăn cơm tấm mà đồng nghiệp chê nguội ngắt quá.
0,"Món gỏi cuốn vị khét, không đáng tiền tí nào."
0,"Món nướng ở quán này thiu quá, ăn cả tuần là thấy không đáng tiền."
0,"Gia vị món phở quá khô, ăn không vô."
0,"Không thể chấp nhận được Macbook, quá tệ."
0,Mới mua con iPhone này về mà thấy chậm cực kỳ.
0,"Món bún chả vị chán, không đáng tiền tí nào."
1,"Con Asus này dùng xuất sắc, pin ok lắm."
0,"Con Asus này dùng lag, pin hết pin nhanh."
1,"Con Huawei này dùng đẹp, pin ok lắm."
0,Sản phẩm rất kém
1,"Vận động viên ở hồ bơi, cứu hộ này nọ hoặc lái tàu, thuyền buồm du lịch nữa...khá ngon, đa dụng"
1,"Winphone cũng là lựa chọn tốt cho tính ổn định, an toàn và hiệu suất cao."
0,Mới mua con iPhone này về mà thấy kém cực kỳ.
1,"Mình rất hài lòng với HP, hệ điều hành bền, đẹp."
1,"Samsung số 1, quá tuyệt vời."
0,"Vivo quá tệ quá, xài mấy ngày là thấy chán hẳn."
1,"Mình rất hài lòng với Sony, hiệu năng tốt, dùng rất sướng."
0,"Oppo chán quá, xài một tháng là thấy quá chán."
1,"Mới tậu con Asus này về, xuất sắc cực kỳ luôn."
0,"Mình rất thất vọng với bún chả, đồ uống khét, đồ ăn nhạt nhẽo."
1,"Con tab s2 là ngon nhất, ipad cho những người thiếu hiểu biết công nghệ dùng thì ổn."
0,"Apple Watch bình thường quá, xài suốt mấy tháng là thấy quá chán."
1,"Mobile star phơi khủng dữ, so phơi với Lumina 1520 xem sao mod ơi"
0,Dẫn em trai đi ăn vịt quay mà con chê nhạt quá.
0,Với tầm giá này mà Dell nặng vậy là không đáng tiền.
1,"Không có gì để chê ở iPad, quá nhanh."
0,"Mua đt khác lại phải nhét túi quần à? Nếu gắn sim dc trên đồng hhồ thì chỉ cần giơ tay ra xem ai gọi tới và bấm tai nghe blt là mghe luôn thôi. Thiét bị liên lạc cực lỳ di động bao gồm 1 smw+ tai blt kẹp áo. Còn smp, tablet vứt cốp xe, vứt trong cặp oke? Chứ còn đeo smw mà túi quần vẫn cồm cộm cái đt to vật và fai rut đt ra nghe hoặc đưa đh lên miệng alo thì vứt đh đi cho xong"
0,Dẫn em gái đi ăn cà phê mà đồng nghiệp chê chán quá.
1,Quán này phở là quá đã nhất rồi.
1,Nhưng phải công nhận chỉ có iphone mới tạo nên cơn sốt ( fan HTC cho biết ) :-D
1,"Món nem cuốn vị đặc sắc, nước dùng làm rất đậm đà."
0,Pin chưa mát
1,"Món cà phê vị chất lượng, gia vị làm rất ngon miệng."
0,"Pin khỏe,cấu hình mạnh,chạy truớc các hãng khác về mẫu mã nhưng dùng tg thì mới biết cl tn.."
0,Mua iPad về dùng thử mà thấy nóng quá.
0,"Mới không ra mới , cũ không ra cũ , dở dở ương ương chẳng cảm nhận được gì từ sản phẩm này"
1,"Mình rất hài lòng với iPad, hiệu năng nhanh, đẹp."
1,"iPad sắc nét quá, xài một tháng rồi vẫn hoạt động tốt."
0,"Không thể chấp nhận được món bánh mì này, quá đắng."
1,"Món lẩu ngon hết sẩy, gia vị ngon."
0,"Món kem ở quán này nhạt quá, ăn mấy ngày là thấy chua loét."
1,"Mình rất thích kem ở đây, quán phục vụ ngon miệng, đồ ăn chất lượng."
1,"Không có gì để chê ở món bún bò này, quá tuyệt vời."
1,"Mua Vivo cho bố dùng, em gái khen ngon lành."
0,Đọc quả pin thấy ngán cho ảnh htc quá
0,Mới mua con Nokia này về mà thấy lỗi cực kỳ.
0,"Con Xiaomi này dùng kém, pin chậm vãi."
0,"Gia vị món trà sữa quá chán, ăn không vô."
0,"Asus mờ quá, xài mấy ngày là thấy rất tệ."
1,"Món gà rán ngon hết sẩy, gia vị giòn."
0,Mới mua con Samsung này về mà thấy bình thường cực kỳ.
0,"iPad Pro đã không hiệu quả, giờ lại iPhone Pro?"
1,"Mình rất thích nem cuốn ở đây, quán phục vụ đặc sắc, đồ ăn béo."
0,"Gia vị món pizza quá quá kém, ăn không vô."
0,"Món nem cuốn ở quán này không tươi quá, ăn hơn nửa năm là thấy ôi thiu."
1,Chỉ biết thốt lên 2 tiếng: Siêu phẩm!
1,"Mình rất thích bún chả ở đây, quán phục vụ ngon miệng, đồ ăn tuyệt vời."
1,"Không biết có xài mạng vn được không? Mình kêu người mua dùm liền mà có wifi nữa hả? Cái này ok nhất lướt web đã luôn,"
1,"Món cà phê ngon hết sẩy, gia vị đặc sắc."
1,"Apple Watch thiết kế hoàn hảo, cảm ứng vô đối."
1,"LG phù hợp quá, xài một thời gian rồi vẫn đẹp."
1,"Món hải sản ngon hết sẩy, gia vị ngon miệng."
1,"Dòng Note của SS quá đỉnh, ước gì dc sở hữu em này."
1,Quán này mì quảng là vừa vị nhất rồi.
1,"Món pizza ở quán này xuất sắc cực kỳ, ăn cả tuần vẫn ghiền."
1,Nhìn đẹp thật. Phải kiếm tiền mua về vọc thôi
0,"Mình rất thất vọng với Oppo, wifi đơ, hay bị quá cùi."
0,"iPhone đơ quá, xài cả tuần là thấy kém quá."
0,"Gia vị món bánh mì quá khó ăn, ăn không vô."
1,"S7 EDGE mưa, chụp dưới bể, ngâm trong nồi lẩu, canh, cho uống cả bia vẫn ok. Nhìn chung cái chống nước là rất hữu ích"
1,Với tầm giá này thì iPhone là tuyệt vời nhất rồi.
1,xài Loa thấy hoàn toàn ngon
0,Mới mua con LG này về mà thấy quá tệ cực kỳ.
1,"Món bún chả vị vừa vị, gia vị làm rất ngon tuyệt."
0,Mới ăn thử bánh mì ở đây mà thấy ngán cực kỳ.
1,"Mình rất thích nem cuốn ở đây, quán phục vụ ngon, đồ ăn vừa vị."
0,"iPad thiết kế đơ, vân tay thì kém quá."
0,"Gia vị món gỏi cuốn quá khô, ăn không vô."
0,"Gia vị món trà sữa quá mặn, ăn không vô."
1,Sản phẩm này rất mát
0,cấu hình cùi bắp mà đem so với surface.
0,"Mình rất thất vọng với iPhone, hệ điều hành quá tệ, hay bị chậm vãi."
0,Mua iPhone về dùng thử mà thấy đơ quá.
0,"Món phở ở quán này quá tệ quá, ăn mấy ngày là thấy nguội ngắt."
0,Dẫn bạn bè đi ăn bún bò mà chồng chê quá tệ quá.
1,"Không có gì để chê ở món bún bò này, quá thơm."
1,"Món nướng ở quán này rất ngon cực kỳ, ăn hơn nửa năm vẫn ghiền."
1,"Mới tậu con Macbook này về, đẹp cực kỳ luôn."
1,"Huawei phù hợp quá, xài một tuần rồi vẫn bình thường."
0,Bạn nói chuẩn. Không có gì đặc biệt mà giá ngất ngưởng.
1,"Không có gì để chê ở iPad, quá cao cấp."
1,Điện thoại này khá tốt
1,"Mình rất thích bánh xèo ở đây, quán phục vụ rất ngon, đồ ăn sạch sẽ."
0,"Món bánh xèo vị khét, không đáng tiền tí nào."
0,"Macbook lởm quá, xài một thời gian là thấy rất tệ."
0,Sản phẩm không bền
1,"Mình rất thích bún bò ở đây, quán phục vụ sạch sẽ, đồ ăn hấp dẫn."
0,"Tôi khuyên bạn không nên mua sam sung . Thực sự sam sung và Sony rất hay hỏng nhất là màn hình. Tôi là thợ sc điện tử hai loại ấy hỏng quá nhiều. Bạn nên mua LG tôi thấy đỡ hơn và cũng đẹp, vừa túi tiền."
1,"Mới ăn thử gà rán ở đây, vị đậm đà lắm luôn."
1,"Món mì xào vị cuốn hút, decor làm rất đậm đà."
1,"Món bánh xèo ngon hết sẩy, gia vị thơm."
0,"ầy, giá cũng chát gớm :("
1,Ông vua sắp trở lại rồi bạn ơi :)
0,Giá thật sự cùi
1,"Món bánh xèo vị đậm đà, topping làm rất chất lượng."
1,"Mua Apple Watch cho em trai dùng, em gái khen nhanh."
1,"Không có gì để chê ở món pizza này, quá ngon tuyệt."
0,"Không thể chấp nhận được Acer, quá giật."
0,Đang hay cho tới khi đọc đến Pin  .  Không hiểu sao con máy to thế lại nhét viên pin dung lượng tý xíu vào.
0,"Realme thiết kế chán, sạc thì mất sóng."
0,"gái gái PS: máy ảnh hơi ẹ, ko trong, màu ko thật"
1,"Dẫn con đi ăn kem, mẹ khen vừa miệng."
0,Dẫn chồng đi ăn bánh xèo mà mẹ chê đắng quá.
0,"Lại sử dụng chiêu cũ nữa, đã xấu và hiệu năng thấp mà lại chào giá cao, sau này ra giảm 1 phát 3-4tr để lừa Sam Fans đây mà."
0,vừa lên kệ hí hứng và nhận ra em nó quá tệ so với số tiền bỏ ra đúng là hàng trung quốc mà ảo tưỡng về giá
0,"Món nem cuốn ở quán này mặn quá, ăn suốt mấy tháng là thấy chua loét."
0,"Món bánh xèo vị đắng, không đáng tiền tí nào."
0,Mới ăn thử bún chả ở đây mà thấy chua lè cực kỳ.
0,Với tầm giá này mà Samsung nặng vậy là không đáng tiền.
1,"Món gà rán ngon hết sẩy, gia vị vừa miệng."
1,Đang dùng TV SS dc 2 năm + một androi box. Rất hài lòng.
0,Mới ăn thử gỏi cuốn ở đây mà thấy đắng cực kỳ.
0,"hao hao với Xiaomi, nếu nhìn mặt chính thì tưởng Xiaomi thật"
1,"Dẫn vợ đi ăn bánh mì, con khen béo."
0,Dẫn mẹ đi ăn cà phê mà bố chê quá kém quá.
1,Quán này bánh xèo là thơm nhất rồi.
1,Dung la rat dep nhung day chi la phong doan
1,"Dẫn người yêu đi ăn nướng, em trai khen ngon tuyệt."
0,Màn hình dẽo chưa biết ứbg dụng ra sao. Nhưng smartphone có màn hình dẽo mình thấy nó vô dụng và xàm xí quá. Chả ai rảnh mà tối ngày lấy 2 tay uốn éo cái màn hình smartphone cả.
0,500$ thì thôi đi
0,"Không thể chấp nhận được Apple Watch, quá bình thường."
0,"Món cà phê ở quán này không tươi quá, ăn mấy ngày là thấy khét lẹt."
0,Với tầm giá này mà Vivo lởm vậy là không đáng tiền.
0,"chớ có mua mấy con này, đây là hàng sharp xuất sang thị trường trung quốc, chất lượng kém đi, mặc định máy nguyên bản thì rất đắt. Những máy được bán tại việt nam hiện nay đều đã được dựng lại vỏ.Máy đã sửa chữa hay chưa thì hên xui, nhưng gặp 1 tình trạng chung là pin rất kém."
1,Đẹp!
1,"Mình rất thích cơm tấm ở đây, quán phục vụ béo, đồ ăn vừa vị."
0,"LG thiết kế loạn, màn hình thì yếu xìu."
1,"Mới tậu con Dell này về, đẳng cấp cực kỳ luôn."
1,Cả 2 đều ra máu đẹp :3
1,"Món bún bò vị đặc sắc, nước chấm làm rất hấp dẫn."
1,"Realme thiết kế xuất sắc, pin mạnh."
1,"Mình thì đang vui vẻ bên 9.0.1 đã JB nên cũng ko hóng lắm, nhưng thực lòng nghe tin này thật là vui ...."
0,"Món kem ở quán này khó ăn quá, ăn cả năm là thấy nhạt nhẽo."
0,Điện thoại chả đẹp
0,Máy chưa mượt mà
0,Thiết kế ngang hàng với samsung galaxy V đẳng cấp không chịu thua kém 1280 quá xấu
1,Thiết kế này cực kỳ xịn
0,"Mình rất thất vọng với phở, decor chua lè, đồ ăn quá ngấy."
0,"Món vịt quay vị chua, không đáng tiền tí nào."
1,"Mua Xiaomi cho bố dùng, bạn bè khen ổn định."
1,Cầm máy này trên tay thì mới biết là đẳng cấp. Cần gì iphone với samsung.
0,Mua Macbook về dùng thử mà thấy đơ quá.
1,Sạc không dây dễ quá mà.
0,"Không thể chấp nhận được LG, quá tệ."
1,"iPhone sắc nét quá, xài mấy ngày rồi vẫn mạnh."
0,"Không thể chấp nhận được LG, quá lag."
0,"Món kem vị quá tệ, không đáng tiền tí nào."
0,Mua Apple Watch về dùng thử mà thấy xấu quá.
0,Với tầm giá này mà Dell giật vậy là không đáng tiền.
0,Quán này đồ ăn chua lè vậy là không đáng tiền.
0,"Món bánh mì vị tanh, không đáng tiền tí nào."
1,Với tầm giá này thì Apple Watch là nhẹ nhất rồi.
1,hàng khủng nhất năm đây rồi
1,"Món phở ở quán này sạch sẽ cực kỳ, ăn suốt mấy tháng vẫn ghiền."
1,"Ở với Em Thinkpad x201 này 8 năm rồi mà chẳng thấy chán gì cả, Ram lên 16GB, HDD 1TB. Thoải mái va chạm với tính chất kỹ thuật. Quan tâm các sp khác chỉ để biết và cập nhật mà thôi."
1,"Mới tậu con iPhone này về, mỏng cực kỳ luôn."
0,"Xiaomi nhái bạn ah, cái 10.400 dừng sản xuất rồi. Còn nếu trước kia thì giá nhập từ china về cũng không có giá 250 đâu ah Cái đồ nhái mua về dùng hỏng máy"
0,"Được cái màn hình, còn lại ko có gì nổi bật lắm, thua con UX303 mình mới mua xa."
0,"Không thể chấp nhận được món sushi này, quá chua."
0,Apple đang vùng vẫy để tìm mọi cách hút máu khách hàng
0,"Đột phá của Iphone: vị trí dải ăngten đc bố trí lại, vĩ đại quá, :3"
1,"Tớ dùng ip 5s chạy rầm rầm, chả bị đơ, lác gì cả. Bữa đem so với s6 edge của vợ thì 5s chạy có phần tốt hơn! dùng ios ổn định hơn nhiều các máy androi ram 3g"
0,bên thiết kế của apple lạc hậu hết thời hoàng kim
0,"Samsung loạn quá, xài suốt mấy tháng là thấy kém quá."
1,"Mình rất hài lòng với Lenovo, hệ điều hành xuất sắc, dùng rất sướng."
1,"Macbook thiết kế tốt, thiết kế ổn định."
0,Máy quá tệ
1,Rất tuyệt. Giống như người Nhật biết chế tạo ra chiếc xe gắn mấy nhưng không biết tối ưu làm xe chạy hao xăng. Những người thợ Việt đã độ chế lại làm cho ít tốn nhiên liệu hơn mà vẫn bảo đảm công suất ( em nghe nói vậy). Cố lên những người trẻ tuổi đất Việt
1,"Món mì quảng ngon hết sẩy, gia vị thơm."
1,Nhìn phê vãi
0,"Acer kém quá, xài suốt mấy tháng là thấy lag lòi."
1,"Món bánh xèo ngon hết sẩy, gia vị vừa vị."
1,"Món sushi ở quán này vừa miệng cực kỳ, ăn vài hôm vẫn ghiền."
1,"HP sắc nét quá, xài hơn nửa năm rồi vẫn phê lắm."
0,"Mình thấy hok đẹp, cam phía sau lồi ra, viền dày giá lại cao. Nếu giá như vậy tôi sẽ lựa chọn sản phẩm khác."
1,"Không có gì để chê ở món mì quảng này, quá béo."
1,Chất lượng này quá êm
1,Kết quá... Rất chất và men lỳ
0,Dẫn em trai đi ăn bánh mì mà con chê chua lè quá.
1,dùng Màn hình thấy hoàn toàn ngon
0,Với tầm giá này mà Realme nóng vậy là không đáng tiền.
0,Chả biết nâng cấp gì thì thôi đành nâng cấp ram để hút người tiêu dùng vậy.
1,Điện thoại này khá mát
0,Máy khá nhanh hỏng
0,Dịch vụ chưa ngon
0,Mạng thật sự tệ
1,"Món bún bò vị ngon, đồ ăn làm rất tuyệt vời."
0,Thiết kế rất nóng
1,"Mình rất thích hải sản ở đây, quán phục vụ hấp dẫn, đồ ăn rất ngon."
1,"Món hải sản ngon hết sẩy, gia vị giòn."
1,"23f1.4 là con len mình thấy ổn nhất Tiêu cự ngang 35 FF(thần thánh ko cần khỏi) Khẩu bự Con rx1 của sony cũng fix 35 chả ai nói gì, có ông nhà báo cả đời chỉ chụp len 35"
1,"Pin e này trâu bò nhất trong dòng smp nhật nhé bác, chắc chỉ thua sh01f thôi, còn 01g thì same same"
0,"Con Acer này dùng lỗi, pin hay bị lỗi."
1,"iPad phù hợp quá, xài mấy ngày rồi vẫn bình thường."
0,02 cach đây 15 năm đã có
0,Mới ăn thử bánh xèo ở đây mà thấy khó ăn cực kỳ.
0,"Không thể chấp nhận được món hải sản này, quá quá kém."
0,"Món vịt quay vị nguội ngắt, không đáng tiền tí nào."
0,"Công nhận cái thiết kế không thể nào xấu hơn đc nữa, hàng gần 10tr mà k thuê đc 1 nhóm thiết kế cho ra hồn."
0,Mới mua con Macbook này về mà thấy chán cực kỳ.
0,Dẫn người yêu đi ăn nem cuốn mà bạn bè chê ngấy quá.
1,"Con Dell này dùng cao cấp, pin bình thường."
1,dùng Màn hình thấy cực kỳ êm
1,IP4 muôn năm! Xài hoài chưa hư chỉ mới thay cục pin. Hết.
1,"Mình rất thích trà sữa ở đây, quán phục vụ xuất sắc, đồ ăn ngon tuyệt."
1,"Mới tậu con Lenovo này về, mượt mà cực kỳ luôn."
0,Với tầm giá này mà Vivo quá chán vậy là không đáng tiền.
1,Hp probook 430g2 1580g ngon bo re chi Gan 13tr
0,Pin quá yếu
0,"Mình rất thất vọng với lẩu, gia vị ôi, đồ ăn ôi thiu."
0,"Không thể chấp nhận được Acer, quá lag."
0,"Mình rất thất vọng với vịt quay, nước chấm chua lè, đồ ăn tanh rình."
0,"Mình rất thất vọng với mì xào, đồ ăn khó ăn, đồ ăn nhạt nhẽo."
1,"Dẫn chồng đi ăn kem, em trai khen chuẩn vị."
0,Mua Nokia về dùng thử mà thấy chán quá.
0,IP7 mà không nâng cấp Camera với thời lượng Pin thì khả năng sẽ lại thê thảm như SE. So với Note 6 thì thua toàn tập.
1,"Mình rất hài lòng với Asus, sạc đẳng cấp, tuyệt vời."
0,"trình duyệt web EDGE của win 10 bị lỗi không xem được các clip trên các báo mạng mặc dù đã vào settings, view advanded setting, bật adobe flashplayer nhưng vẫn không xem được. phải chuyển sang chế độ duyệt open with internet Explorer hoặc xem bằng chrome."
0,Sản phẩm chả xuất sắc
0,Lại toét mắt ra mới mở được cái máy thôi
1,Quá rẻ!
0,"Mình rất thất vọng với nướng, nước chấm đắng, đồ ăn quá dở."
0,"Acer thiết kế quá tệ, bàn phím thì chán hẳn."
0,"xiaomi toàn nhái thôi bạn em làm ở công ty bán đt cũng nhập xiaomi 10400 về, có bán trên cả lazada giá 250k, nhưng nó bảo thích thì nó lấy cho e 1 cái giá có 100k."
0,Mua Asus về dùng thử mà thấy lag quá.
0,Chết sớm thôi
0,"Không thể chấp nhận được món lẩu này, quá chua lè."
0,"Mình rất thất vọng với nem cuốn, nước dùng chán, đồ ăn mặn chát."
1,Sản phẩm này khá xuất sắc
1,"Mình rất hài lòng với Samsung, vân tay mỏng, không nóng máy."
0,"iPhone thiết kế yếu, cấu hình thì loạn cảm ứng."
1,"Món kem ngon hết sẩy, gia vị vừa vị."
0,"iPad nặng quá, xài mấy ngày là thấy hay bị lỗi."
0,"Huawei quá chán quá, xài hơn nửa năm là thấy nóng máy."
0,Mới mua con Acer này về mà thấy chán cực kỳ.
0,"Món bún chả ở quán này khô quá, ăn một thời gian là thấy mất vệ sinh."
0,"Gia vị món vịt quay quá khét, ăn không vô."
0,"không cài thêm được game, không cắm được băng...thế thì mua làm gì nhỉ, trong khi máy cũ vẫn có ng bán . hàng tầu thì tràn lan. giả lập thì luôn sẵn sàng."
0,Dẫn em gái đi ăn bánh xèo mà bạn bè chê chán quá.
0,"Mình rất thất vọng với Surface, hiệu năng tệ, hay bị giật lag."
0,"Mình rất thất vọng với lẩu, nước chấm ngấy, đồ ăn chua loét."
1,Màn hình này khá hoàn hảo
0,ko nen len vi 9.3.2 chu yeu sua loi cho SE ve van se ket noi bluetooth
1,"Mình rất hài lòng với iPad, chip nhẹ, dùng rất sướng."
1,Sản phẩm này khá xuất sắc
0,"Không thể chấp nhận được Huawei, quá kém."
0,Với tầm giá này mà AirPods lởm vậy là không đáng tiền.
1,"Dẫn người yêu đi ăn gỏi cuốn, em gái khen đặc sắc."
0,"Vivo thiết kế đơ, bàn phím thì loạn cảm ứng."
1,Tuyệt vời...!
1,"Surface thiết kế mạnh, cảm ứng trâu."
1,Camera này quá xuất sắc
0,"Mình rất thất vọng với HP, màn hình quá kém, hay bị loạn cảm ứng."
0,"Món gỏi cuốn vị ngấy, không đáng tiền tí nào."
1,Quán này kem là tuyệt vời nhất rồi.
1,Với tầm giá này thì Nokia là cao cấp nhất rồi.
0,"Gia vị món bánh xèo quá ngấy, ăn không vô."
0,Mua LG về dùng thử mà thấy mờ quá.
0,Với tầm giá này mà Acer xấu vậy là không đáng tiền.
0,"Samsung quá chán quá, xài một thời gian là thấy nóng máy."
1,"Mới tậu con LG này về, tuyệt vời cực kỳ luôn."
1,"Oppo thiết kế mượt mà, hiệu năng vẫn mượt."
0,RAM 6G không bằng iphone RAM 2 G
0,"Món bún chả vị thiu, không đáng tiền tí nào."
0,"Đơn giản là ứng dụng ít, còn nhiều lỗi nên người dùng không thích"
1,"Mình rất hài lòng với Acer, cảm ứng phù hợp, nhanh."
1,Với tầm giá này thì Acer là bền nhất rồi.
0,"em cũng có 1 cháu 102P. Dạo này nó đang bị lỗi nháy màn hình. Ban đầu là mờ, sau đó là bị tối mất nửa màn hình. Sắp tới có khi nó ăn hết cả màn hình. Cảm ứng thì vẫn nhạy. Mọi thứ vẫn bình thường trừ màn hình.Nó cứ nháy nháy màn liên tục. Bác nào có biết chỗ nào sửa phần cứng con này thì giúp em với.Cũng sắp đến lúc cho em nó lên đường vì dùng rất hay bị lỗi vặt ( Lần này của em là lỗi ko vặt nữa ) Bực lắm."
0,"Con Xiaomi này dùng yếu, pin nóng máy."
1,dùng Camera thấy hoàn toàn mượt mà
1,"Mới ăn thử kem ở đây, vị tuyệt vời lắm luôn."
0,"Gia vị món lẩu quá nguội ngắt, ăn không vô."
1,"Không có gì để chê ở Apple Watch, quá sắc nét."
1,"Dẫn con đi ăn sushi, vợ khen ngon miệng."
1,"Mua Realme cho vợ dùng, chồng khen ấn tượng."
1,"Mua Dell cho đồng nghiệp dùng, bạn bè khen mạnh."
0,Mới ăn thử gà rán ở đây mà thấy khó ăn cực kỳ.
0,"Uh. Nếu coi tít báo rồi thấy cái nào hay thì mở ip ra coi. Nhưng nói chung mình cảm thấy sau 1 tg dùng thì sẽ chẳng coi tin trên aw đâu, mà chủ yếu nhận noti sms, email, time là chính. Ngay cả cái thời tiết hay nhịp tim cũng chẳng quan tâm mấy đâu. Sau này thời lượng pin với cả màn hình aw to lên nữa thì mới nhiều ứng dụng đc. Hiện tại mình thấy ko cần co dù mình sống ở úc. ."
1,Gọn quá nhỉ !
0,Chiều dài 45cm :( bỏ vào túi kiểu gì
0,Dẫn người yêu đi ăn bánh xèo mà mẹ chê thiu quá.
1,"Dù ra sao vẫn trung thành với Apple,Sang Trọng - Đẳng Cắp - Tinh Tế,ít xảy ra lỗi,dễ sử dụng.Ảnh hưởng lớn với xã hội."
1,"Món cơm tấm ngon hết sẩy, gia vị ngon tuyệt."
0,Mới mua con HP này về mà thấy đơ cực kỳ.
0,Dẫn bố đi ăn gỏi cuốn mà bạn bè chê quá dở quá.
1,Sản phẩm này rất mượt mà
1,"Con iPad này dùng mỏng, pin tuyệt vời."
1,"Con Oppo này dùng đẳng cấp, pin không nóng máy."
1,"Tôi chỉ thích HP thôi, vì từ trước đến nay lúc nào bên cạnh tôi vẫn chỉ là HP."
1,"Không có gì để chê ở HP, quá sắc nét."
0,Pin cực kỳ xấu
1,"Dẫn con đi ăn sushi, chồng khen béo."
1,"Mới tậu con Lenovo này về, hoàn hảo cực kỳ luôn."
0,"Không thể chấp nhận được món gỏi cuốn này, quá tanh."
1,"Không có gì để chê ở món mì xào này, quá rất ngon."
0,trời. cái cụm camera sau kìa. quá xấu
0,"Con iPhone này dùng giật, pin giật lag."
0,"Đắt quá, cấu hình chẳng có gì đặc biệt, đột phá! Chờ ngày này năm sau mua ss note 7 mỹ cũ ""xách chân ""giá 7,5 củ!"
0,"Nhìn giống iPhone 6 nhái thế, giá này không biết bán được bao nhiêu cái?"
0,Với tầm giá này mà LG chậm vậy là không đáng tiền.
1,Với tầm giá này thì iPhone là mạnh nhất rồi.
0,Mua Samsung về dùng thử mà thấy lỗi quá.
1,"Món bánh xèo ngon hết sẩy, gia vị béo."
1,Với tầm giá này thì Acer là mạnh nhất rồi.
0,K hiểu sao tôi thấy xấu thật iPhone 6 còn đẹp hơn
1,"Màu sắc lên tốt thật, gam màu tự nhiên và tách bạch."
1,Dịch vụ này thật sự mượt mà
1,Với tầm giá này thì Oppo là sắc nét nhất rồi.
0,"Món lẩu ở quán này chua quá, ăn suốt mấy tháng là thấy ôi thiu."
1,"Mình cũng mong là vậy ! Samsung bây giờ thiết kế đẹp thật , dòng note có nhiều tính năng tuyệt vời ."
1,dùng Chất lượng thấy quá đỉnh
1,Quá tuyệt vời.Giá của nó k biết bao nhiêu nhỉ? Lượng pin lên 8.000mah thì quá ngon!
0,"Viền càng mỏng càng khó sử dụng, cầm trên tay mà cứ như sắp tuột mất vậy"
0,"Không thể chấp nhận được Dell, quá lởm."
0,"Mình rất thất vọng với Huawei, camera loạn, hay bị hay bị lỗi."
0,"Món nướng vị quá kém, không đáng tiền tí nào."
1,"Con Surface này dùng ngon lành, pin không lỗi lầm."
1,Pin này thật sự ngon
1,xài Sản phẩm thấy quá tốt
1,Quán này bánh xèo là chuẩn vị nhất rồi.
1,Với tầm giá này thì Realme là tuyệt vời nhất rồi.
1,"Từ khi sử dụng em Lumia 1520 đến giờ kô đói hoài đến các sản phẩm khác. Trước kia mình có dùng Lg, Samsung và chắc mình dị thường rồi."
1,"Macbook tuyệt vời quá, xài vài hôm rồi vẫn ok lắm."
0,Hiển thị kém thì mất tác dụng nhỉ
0,"Con AirPods này dùng kém, pin nhanh tã."
1,"Màn hình LG thiết kế ngày càng đẹp , nhìn mà mơ ước dc 1 con lun"
1,Pin này thật sự mượt mà
1,"Không có gì để chê ở Oppo, quá sang trọng."
0,Giá rất yếu
0,"Món pizza ở quán này dở quá, ăn cả tuần là thấy đắt đỏ."
1,"Rất đẹp, đang xài 4S"
0,"Mình rất thất vọng với Realme, pin lỗi, hay bị giật lag."
1,"Màu đẹp vậy? Có cả LTE cơ à, con này mua có được tặng thêm tai nghe hay gì ko nhỉ?"
1,"Con Sony này dùng sang trọng, pin mượt."
0,"Con Sony này dùng lởm, pin nóng máy."
1,"Mình rất thích pizza ở đây, quán phục vụ cuốn hút, đồ ăn ngon miệng."
0,Cũng chỉ là máy ảnh chụp xong photoshop gẫy tay....máy giá cao nhưng không đẹp
0,"Con i7 này yếu như sên. Toàn lừa dân không biết gì. Mấy e nhân viên siêu thị tha hồ chém gió ""chip mạnh nhất bây giờ a ạ"""
0,Thiết kế ít tuyệt vời
1,"Mới tậu con iPhone này về, xuất sắc cực kỳ luôn."
0,"23 triệu. 2,3 triệu không biết mình mua chưa nữa . Đối với mình đồng hồ ngoai pin trâu ra còn phải chắc chắn, không vô nước, không dễ vỡ. Mua con này về chắc phải chế một cái bao tay giáp sắt để bảo vệ em nó quá."
0,"Không thể chấp nhận được món nem cuốn này, quá quá tệ."
1,"Mình rất hài lòng với Sony, loa đẹp, vẫn mượt."
0,Mới ăn thử kem ở đây mà thấy quá dở cực kỳ.
1,"Ôi that đẳng cấp, thật là đột phát về công nghệ nữa kìa."
0,Mạng thật sự chậm
1,"Không có gì để chê ở món mì xào này, quá đậm đà."
0,"Không thể chấp nhận được món gỏi cuốn này, quá khô."
1,đẹp quá Deluxe
1,"Dẫn đồng nghiệp đi ăn mì xào, đồng nghiệp khen chất lượng."
0,"Món sushi ở quán này quá tệ quá, ăn cả tuần là thấy chán phèo."
0,"Con Vivo này dùng kém, pin rất tệ."
0,Với tầm giá này mà Macbook quá kém vậy là không đáng tiền.
1,"Mới tậu con Vivo này về, tốt cực kỳ luôn."
1,"Món bún bò vị sạch sẽ, không gian làm rất cuốn hút."
0,"Mình rất thất vọng với Nokia, camera giật, hay bị giật lag."
1,"em thấy chất lượng máy khá tốt, nếu không tính hạn chế về khóa mạng"
1,"Không có gì để chê ở Nokia, quá ổn định."
1,Chất lượng này quá hoàn hảo
0,"Không thể chấp nhận được iPad, quá quá chán."
0,"Oppo thiết kế quá kém, wifi thì quá cùi."
0,"Không thể chấp nhận được món mì quảng này, quá thiu."
1,"Mua iPhone cho chồng dùng, bố khen sắc nét."
1,Yêu em Acer nhất
1,Lần đầu tiên thấy một chiếc samsung mà mình thấy là đẹp và nam tính.
0,"Con Dell này dùng tệ, pin vô dụng."
0,Camera hơi xấu
0,nhìn cái con mắt lồi ip7 xấu tệ luôn
0,"Món kem vị mặn, không đáng tiền tí nào."
1,"Oppo phù hợp quá, xài suốt mấy tháng rồi vẫn tốt."
1,"Macbook mượt mà quá, xài cả tuần rồi vẫn rất tốt."
0,"Gia vị món mì quảng quá chua, ăn không vô."
0,"Gia vị món hải sản quá chán, ăn không vô."
0,Mua Macbook về dùng thử mà thấy lởm quá.
0,Mua AirPods về dùng thử mà thấy mờ quá.
0,Máy thật sự kém
0,"Con Realme này dùng lag, pin sụt pin nhanh."
0,"Con Dell này dùng quá kém, pin kém quá."
1,Có nhìu bạn lả fan giống mình iu surface quá cơ!
0,Mới ăn thử mì quảng ở đây mà thấy ôi cực kỳ.
0,Với tầm giá này mà Realme quá tệ vậy là không đáng tiền.
0,Mới ăn thử nem cuốn ở đây mà thấy ngán cực kỳ.
0,"Gia vị món lẩu quá quá kém, ăn không vô."
1,"Món cơm tấm ngon hết sẩy, gia vị đặc sắc."
0,"Không thể chấp nhận được món nướng này, quá quá dở."
0,"Món bánh xèo ở quán này mặn quá, ăn cả tuần là thấy quá ngấy."
0,với mức giá này mình sẽ chon microsoft surface pro 4 tính cơ động còn cao hơn
0,"Gia vị món bánh xèo quá không tươi, ăn không vô."
0,"Không thể chấp nhận được món pizza này, quá đắng."
1,Quán này bánh xèo là cuốn hút nhất rồi.
0,Với tầm giá này mà Realme mờ vậy là không đáng tiền.
1,"Mình rất hài lòng với Dell, pin sắc nét, trâu."
0,Cho con tab s2 vào mới thảm họa.
1,"Món cà phê vị chuẩn vị, phục vụ làm rất ngon tuyệt."
0,"Không thể chấp nhận được món kem này, quá tanh."
0,Với tầm giá này mà Nokia quá chán vậy là không đáng tiền.
0,"Mình rất thất vọng với cà phê, đồ ăn thiu, đồ ăn quá ngấy."
0,"Con Huawei này dùng xấu, pin vô dụng."
0,"Món hải sản ở quán này chua lè quá, ăn vài hôm là thấy không ngon."
0,Với tầm giá này mà Asus lởm vậy là không đáng tiền.
0,Mới ăn thử mì xào ở đây mà thấy dở cực kỳ.
1,"Không có gì để chê ở HP, quá ngon lành."
0,Dẫn bố đi ăn hải sản mà bố chê mặn quá.
1,"Không có gì để chê ở Samsung, quá ấn tượng."
0,"Các bác đã thử chạy liện tục em này chưa ? E xin chia sẻ một chút như sau: ÂM THANH: Tốt , đủ dùng bass tốt nhưng ko nên nghe các loại nhạc bass nhiều do bị vỡ tiếng . loa mở hết cỡ ko rè nhưng chỉ vs các loại nhạc nhẹ, trữ tình thôi. PIN , THỜI GIAN SỬ DỤNG : khác xa so vs quảng cáo, sạc quá lâu loa chạy liên tục (mở 100%) được 3 tiếng hết pin. Loa liên tục(40℅) như quảng cáo là dc tận >10tiếng nhưng thực tế dc gần 5 tiếng. Đặc biệt em này sạc pin siêu chậm . pin 1200mah mà sạc mất 6 tiếng bằng củ sạc Samsung 5v-1A của em, 5 tiếng vs em pin dự phòng Xiaomi 10.000mAh. >>>>Quá là thất vọng vì không như quảng cáo ! Nhưng vs tầm tiền như vậy thì chấp nhận dc."
0,Màn hình chưa đỉnh
0,Máy thật sự cùi
1,"Theo quản điểm của mình thì nó ko hề tào lao mà khá tốt, tuỳ kết nối giữa cục Repeater và cục Wifi chính, nếu các bác đặt 2 cái xa quá thì kết nối giữ chúng ko tốt, dẫn đến chất lượng mạng của Repeater mà mình nhận được cũng kém theo."
1,"Theo mình thì mua luôn 950 đi bạn ơi, đời sau bao giờ cũng tốt hơn đời trước, chưa kể 950 có continuum hỗ trợ cho học tập và công việc rất tốt, em nó chụp hình cũng rất đẹp luôn, đúng với nhu cầu của bạn rồi đó. Chúc bạn chọn được máy ưng ý với mình :D"
0,"Thời buổi này còn coi chụp ảnh và nghe nhạc là thế mạnh của Sony? Tôi dùng vài đời Sony và đã quá thất vọng, sau đó chuyển sang LG, Samsung đều thấy hơn hẳn Sony"
1,"Mới tậu con Dell này về, đẹp cực kỳ luôn."
0,Giá chát quá.
1,Quán này mì quảng là quá đã nhất rồi.
0,Thành quả của 3 năm nghiên cứu là đưa dải ang ten ra mép. Đúng là quá bá đạo! Apple can ý tưởng thật rồi
1,Sản phẩm này rất hoàn hảo
0,"Mình rất thất vọng với mì xào, đồ ăn chua, đồ ăn không ngon."
1,Sam sung đi đầu công nghệ
0,Dẫn em gái đi ăn gà rán mà em gái chê mặn quá.
0,Điện thoại chưa xuất sắc
1,Quán này sushi là xuất sắc nhất rồi.
1,"Món hải sản ngon hết sẩy, gia vị hấp dẫn."
0,"Gia vị món phở quá không tươi, ăn không vô."
0,Giá hơi cao. Đành đợi 1 năm nữa rồi lấy em.
0,"Đắng lòng mang tiếng siêu phẩm Giờ lòi ra cũng chỉ là chiêu PR, lừa phỉnh Chụp không bằng con Mobi cùi bắp"
0,giá chát nhỉ. thôi mang ra tiệm in 3000đ 1 tấm cho nó lành =))
0,"Không thể chấp nhận được món trà sữa này, quá khét."
0,"Mình rất thất vọng với Realme, bàn phím tệ, hay bị giật lag."
1,"Dẫn vợ đi ăn hải sản, em trai khen vừa vị."
1,"Con Macbook này dùng cao cấp, pin vô đối."
0,"Mình rất thất vọng với vịt quay, topping chua, đồ ăn đắt đỏ."
1,"Mình rất thích gà rán ở đây, quán phục vụ chuẩn vị, đồ ăn ngon."
1,"Món nướng ở quán này xuất sắc cực kỳ, ăn một tháng vẫn ghiền."
1,"Mình rất hài lòng với AirPods, thiết kế ấn tượng, rất tốt."
1,Quán này gà rán là hấp dẫn nhất rồi.
0,"Thất vọng toàn tập, không có gì thay đổi đột phá nhiều so với S6 và S6 edge. Tôi không mua mà sẽ chờ iphone 7"
1,"Mình rất thích pizza ở đây, quán phục vụ vừa miệng, đồ ăn ngon tuyệt."
0,"Realme thiết kế đơ, loa thì quá đơ."
1,"Không có gì để chê ở Huawei, quá sắc nét."
1,"Nắp lưng đẹp vậy, màu này phù hợp với giới trẻ và các lứa tuổi sinh viên."
0,Máy hơi nóng
1,"Món mì quảng ngon hết sẩy, gia vị vừa vị."
1,Pin này rất tốt
0,"Con HP này dùng nặng, pin chậm vãi."
1,"Nokia thiết kế phù hợp, màn hình hoạt động tốt."
1,"Mới ăn thử bún bò ở đây, vị xuất sắc lắm luôn."
1,"Realme mượt mà quá, xài vài tháng rồi vẫn vô đối."
1,"Mới tậu con Lenovo này về, cao cấp cực kỳ luôn."
0,"Có những thứ đầu đít to thì thích nhưng với anh sony sao cứ to hoài,nhìn ghét thật."
0,Mua Sony về dùng thử mà thấy lởm quá.
0,Mới ăn thử hải sản ở đây mà thấy khó ăn cực kỳ.
0,"Không thể chấp nhận được món bún chả này, quá chua."
0,"Surface mờ quá, xài mấy ngày là thấy không xài được."
1,"Dell thiết kế ổn định, camera không nóng máy."
1,"Xiaomi ổn định quá, xài cả năm rồi vẫn rất tốt."
0,"Realme quá tệ quá, xài suốt mấy tháng là thấy mất sóng."
0,chẳng có gì đẹp
0,"Con Apple Watch này dùng quá tệ, pin không đáng tiền."
1,"Món gỏi cuốn ở quán này tươi cực kỳ, ăn suốt mấy tháng vẫn ghiền."
1,Thiết kế này vô cùng mượt mà
1,"Mới tậu con Sony này về, xuất sắc cực kỳ luôn."
0,"em cũng cạch các bác ah con f1 oppo chan vãi ,mạng kém ram 3g ko ăn thua,máy nhanh hao pin"
0,Ko có triển vọng doanh số bán rồi
0,Dẫn bố đi ăn gà rán mà con chê mặn quá.
0,Mới mua con Sony này về mà thấy quá kém cực kỳ.
0,"Không thể chấp nhận được Oppo, quá kém."
1,Quán này kem là xuất sắc nhất rồi.
1,"Mua Surface cho chồng dùng, con khen ổn định."
0,iphone đẹp hơn
1,Với tầm giá này thì Sony là bền nhất rồi.
0,"ôi cái cấu hình đt "" mạnh kinh """
0,"Không thể chấp nhận được món mì xào này, quá quá dở."
1,"Mới ăn thử cơm tấm ở đây, vị giòn lắm luôn."
1,"Món nem cuốn ngon hết sẩy, gia vị ngon tuyệt."
0,Mua Acer về dùng thử mà thấy quá tệ quá.
0,"Mình rất thất vọng với Oppo, cảm ứng quá tệ, hay bị lag lòi."
1,"Đẹp quá, ASUS lột xác thật rồi. 5.2 inch mà có bản RAM 4Gb thì quất liền."
0,"Gia vị món bánh mì quá quá dở, ăn không vô."
0,iphone pin đã ko đạt chuẩn còn thêm cái quạt nữa.
1,Với tầm giá này thì Dell là bền nhất rồi.
1,"Không có gì để chê ở Apple Watch, quá xuất sắc."
0,"Mình rất thất vọng với iPhone, cấu hình xấu, hay bị không đáng tiền."
1,"Mình rất hài lòng với Acer, camera mượt mà, không nóng máy."
0,"AirPods tệ quá, xài suốt mấy tháng là thấy loạn cảm ứng."
1,"Mình rất hài lòng với Vivo, bộ nhớ đẹp, không nóng máy."
1,Màu ảnh của Fuji đẹp quá nhất là mấy bức thiếu sáng
1,Ở Việt Nam mà giá này thì sướng quá. Kể cả 330K thì ít nhất cũng phải mua 2 chiếc.
0,Mua Nokia về dùng thử mà thấy giật quá.
1,đây chính là câu trả lời của gã khổng lồ đến từ Mỹ!thiết kế ko chê vào đâu đc !like 1 cái nữa!!!!!!!!!!!!
0,"Tính về thiết kế ko có gì đột phá cả,thậm chí camera nhìn còn xấu hơn iphone 6s nhiều,,,"
1,"Mới tậu con Oppo này về, xuất sắc cực kỳ luôn."
1,"Mới ăn thử bún chả ở đây, vị tươi lắm luôn."
0,Dẫn bố đi ăn nem cuốn mà con chê ngấy quá.
0,"Mình rất thất vọng với gà rán, nước dùng chán, đồ ăn khó nuốt."
0,"Món gỏi cuốn vị đắng, không đáng tiền tí nào."
1,Cài Kodi như cài cho điện thoại Androi thôi. Hiện e đang dùngvaà thấy hài lòng với e nó. Có thể xem đc đá bóng ngoại hạng anh hay bất cứ giải nào.
0,"Mình rất thất vọng với mì quảng, món ăn chua, đồ ăn nhạt nhẽo."
0,Đắt quá !! Ở bên nước ngoài thì giá hợp lý còn ở VN thêm tí tiền mua iPhone 6s cho lành.
0,"Mình rất thất vọng với sushi, phục vụ mặn, đồ ăn mất vệ sinh."
0,"vô đây coi cam trc v10 nè ko đẹp bằng g4 nha: https://www.thegioididong.com/dtdd/lg-v10 LG V10 Chính hãng | Thegioididong.com Smartphone LG V10 của LG chính thức lộ diện với cấu hình khủng: màn hình QuadHD 5.7inch, Android 5.1, CPU 6 nhân, RAM 4GB camera 16MP cùng viên Pin 3000mAh thegioididong.com v10 ko biet chứ tớ xài g4 tuột pin đúng nghĩa tuột quần, cực hao pin"
1,"Mới ăn thử pizza ở đây, vị cuốn hút lắm luôn."
0,"HP bình thường quá, xài một tuần là thấy hết pin nhanh."
1,"iPad thiết kế phù hợp, màn hình bình thường."
1,"Mình rất thích trà sữa ở đây, quán phục vụ rất ngon, đồ ăn giòn."
1,"Dẫn em trai đi ăn mì quảng, mẹ khen béo."
0,Camera không ngon
0,"Mình rất thất vọng với kem, đồ ăn ngán, đồ ăn chua loét."
1,"Chip Snap 410 RAM 2GB pin tới 5000 lân với giá này là quá ngon rồi. Mình yêu bản màu trắng quá, mấy bữa múc một em về thay con dt ghẻ."
1,"Dẫn em trai đi ăn trà sữa, đồng nghiệp khen vừa miệng."
1,có vẻ chất lượng đó.. mình mới mua lens wide 200k xài ip6 mà chất lượng k tốt lắm
0,"Con LG này dùng chán, pin không xài được."
1,Đúng sản phẩm mình đang cần. Chiều nay sẽ rinh 1 em về làm vợ ^^
1,"Món cà phê ở quán này sạch sẽ cực kỳ, ăn vài hôm vẫn ghiền."
0,Quán này đồ ăn nguội ngắt vậy là không đáng tiền.
1,"Chưa được trải nghiệm nên không có nhận xét gì, chỉ thấy rằng nó rất đẹp, đẹp theo đúng nghĩa một chiếc đồng hồ!"
1,"Mình mới xách tay 2 em Sh-04F về, 1 trắng 1 cam, máy đẹp, nguyên hộp, đã Active và test tất cả các ứng dụng, dùng thử cho thấy máy chạy ổn định, sóng khỏe wifi 3g tốt, đã cài đặt chuẩn cho các bạn, về chỉ có cắm sim vào dùng. Bạn nào có tình yêu cho 2 em này thì contact mình nhé."
0,Máy quá cùi
0,"Mình rất thất vọng với bánh mì, đồ ăn chán, đồ ăn khét lẹt."
0,Mình nghĩ IPhone 7 sẽ ế vì pin quá kém.
0,"Không thể chấp nhận được món gà rán này, quá không tươi."
0,Mua HP về dùng thử mà thấy quá kém quá.
1,"Dẫn chồng đi ăn kem, bố khen giòn."
1,"Mình rất hài lòng với iPhone, chip mượt mà, mượt."
1,"Món bánh mì ngon hết sẩy, gia vị tuyệt vời."
1,"Món cơm tấm ngon hết sẩy, gia vị xuất sắc."
0,"USB-C nữa là tuyệt vời. ""Khớp nối điên rồ"" nhưng tôi thấy ko ổn lắm với chỗ hở ở khớp nối...."
1,"Không có gì để chê ở Lenovo, quá tuyệt vời."
0,Thấy chip của MediaTek là sợ lém.. rồi.
0,Màn hình chưa tốt
0,"Không thể chấp nhận được món mì quảng này, quá tanh."
1,Quán này trà sữa là tươi nhất rồi.
0,Với tầm giá này mà Sony quá chán vậy là không đáng tiền.
0,"Mình rất thất vọng với Macbook, cấu hình yếu, hay bị chán hẳn."
1,"Món trà sữa ở quán này ngon tuyệt cực kỳ, ăn suốt mấy tháng vẫn ghiền."
1,"Không có gì để chê ở món sushi này, quá cuốn hút."
0,Màn hình 2k chắc pin xài được nữa ngày.
1,"Món phở vị thơm, đồ ăn làm rất hấp dẫn."
0,vẫn lag
1,Đỉnh cao là đây (y)
0,"Món mì quảng ở quán này quá kém quá, ăn một tháng là thấy khô khốc."
0,Mới ăn thử nướng ở đây mà thấy nhạt cực kỳ.
1,"Ai bảo ra toàn điện thoại tốt làm chi. Mình dùng pp được gần 1,5 năm mà ko lỗi lầm gì thì làm sao mà mua máy mới được :("
0,"Gia vị món cơm tấm quá nguội ngắt, ăn không vô."
1,"Mua Macbook cho vợ dùng, chồng khen tuyệt vời."
0,"Món gỏi cuốn vị chán, không đáng tiền tí nào."
1,"Mới ăn thử nướng ở đây, vị hấp dẫn lắm luôn."
1,"Mình rất thích sushi ở đây, quán phục vụ sạch sẽ, đồ ăn béo."
1,"Món gà rán ngon hết sẩy, gia vị chất lượng."
1,"Không có gì để chê ở Nokia, quá bền."
1,"Món lẩu vị béo, nước chấm làm rất sạch sẽ."
1,"Món gỏi cuốn vị chuẩn vị, phục vụ làm rất tuyệt vời."
1,"Realme thiết kế phù hợp, cấu hình không bị lag."
1,Quán này gà rán là giòn nhất rồi.
1,Với tầm giá này thì Samsung là bền nhất rồi.
1,"Sony bền quá, xài hơn nửa năm rồi vẫn không lỗi lầm."
1,"Không có gì để chê ở món trà sữa này, quá chuẩn vị."
0,"Mình rất thất vọng với Asus, cấu hình quá chán, hay bị yếu xìu."
0,"Không thể chấp nhận được Apple Watch, quá đơ."
1,"Mới ăn thử sushi ở đây, vị thơm lắm luôn."
1,"Con Nokia này dùng cao cấp, pin không bị lag."
1,Nhìn mà chảy nước miếng...
0,"Gia vị món trà sữa quá chua lè, ăn không vô."
1,"Món cơm tấm ở quán này rất ngon cực kỳ, ăn vài hôm vẫn ghiền."
0,"Mình rất thất vọng với Oppo, loa yếu, hay bị lag lòi."
0,"Không thể chấp nhận được Vivo, quá giật."
1,Với tầm giá này thì Surface là nhanh nhất rồi.
0,Dẫn bạn bè đi ăn bánh xèo mà em gái chê ôi quá.
0,"Món nem cuốn ở quán này nhạt quá, ăn hơn nửa năm là thấy quá tệ."
0,Mua Oppo về dùng thử mà thấy lag quá.
0,"Mình rất thất vọng với mì quảng, topping khó ăn, đồ ăn dai quá."
1,cái điện thoại sữ dung máy chiếu laser nghe đã thiệt
0,"iPhone mờ quá, xài vài tháng là thấy giật lag."
1,"Mình rất thích vịt quay ở đây, quán phục vụ hấp dẫn, đồ ăn ngon miệng."
1,Đây vốn là phong cách riêng của BB. Hãy duy trì và lấy đó làm điểm mạnh BB.
1,"Xiaomi đẳng cấp quá, xài một tuần rồi vẫn phê lắm."
0,Với tầm giá này mà Samsung quá tệ vậy là không đáng tiền.
1,gear fit mà pin kém gì..mình dùng vẫn 4-5 ngày k kết nối..kết nối liên tục đc 3 ngày...xem đc các thứ ok
1,Quá tuyệt vời.... điều mà tôi mong mỏi... tôi iu Apple.
0,"Không thể chấp nhận được AirPods, quá nóng."
1,"Mới ăn thử nướng ở đây, vị quá đã lắm luôn."
0,Mua Surface về dùng thử mà thấy quá chán quá.
1,Màu này đích thực Canon huyền thoại :)
1,"Mới ăn thử nướng ở đây, vị đặc sắc lắm luôn."
0,Với tầm giá này mà iPad yếu vậy là không đáng tiền.
0,"Con Surface này dùng yếu, pin lag lòi."
1,xài Dịch vụ thấy vô cùng tốt
0,Thời này ai sài Windows nữaNhìn cái giao diện loằng ngoằng rối mắt
0,Mới mua con LG này về mà thấy xấu cực kỳ.
1,"Toàn ứng dụng dạng dịch vụ, lifestyle, ... mấy cái này ở VN thì chịu thôi. Tới giờ em vẫn thấy Pebble 99 đồng là thằng smartwatch đúng nghĩa duy nhất, không nhằm mục đích thay thế đt. Đt bây giờ cái nào cũng to như cái dép nên cái gì đơn giản dùng smartwatch vẫn tiện hơn. Em dùng Pebble để đọc mail, tin nhắn, báo thức, thời tiết, đo GPS chạy bộ và đọc thông báo từ đt."
1,"Dẫn em gái đi ăn sushi, bạn bè khen thơm."
1,dùng Loa thấy khá bền
0,Dịch vụ ít đẹp
0,"Mình rất thất vọng với Dell, vân tay chán, hay bị hết pin nhanh."
1,"Xiaomi nhanh quá, xài cả tuần rồi vẫn vẫn mượt."
1,"Mới tậu con Asus này về, đẹp cực kỳ luôn."
0,"Con Surface này dùng lỗi, pin không đáng tiền."
1,"Mới ăn thử nem cuốn ở đây, vị quá đã lắm luôn."
0,"Không thể chấp nhận được HP, quá xấu."
1,"Mình rất thích bánh mì ở đây, quán phục vụ tươi, đồ ăn hấp dẫn."
1,"thiết kế đẹp thật, đơn giản mà đẹp"
1,"Không có gì để chê ở Apple Watch, quá nhanh."
1,Màn hình này hoàn toàn đỉnh
1,"Con Macbook này dùng mỏng, pin mượt."
1,nhưng lại đón đầu và hoàn thiện hơn
0,Dẫn em gái đi ăn bánh xèo mà bố chê nguội ngắt quá.
0,"Bàn Phím Vật Lý vẫn ở lại, và Blackberry phải ra đi khỏi thị trường 1 sớm 1 chiều thôi. Nếu như Blackberry có Tài Chính mạnh để Duy Trì thì hãy cứ tiếp tục theo đuổi điều mà số đông Ng Sử Dụng ko thích. Tài Chính cạn kiệt, mà BB ko có sản phẩm Thuần Cảm Ứng Android để chạy theo xu hướng yêu thích của số đông ng dùng trên thị trường, chỉ có nước Ngỏi của Tỏi.Nói thực, cái Bàn Phím Vật Lý của Blackberry đã quá lỗi thời, xuất hiện trên chiếc Smartphone ko phù hợp, nhìn thô thiển khỏi phải bàn. Làm Kinh Doanh, mục đích chính ngoài Chất Lượng, còn phải có chú trọng sở thích của Khách Hàng mới đem về Doanh Thu. Sản phẩm sản xuất ra, chỉ để đáp ứng cho thiểu số ng dùng, thì BB chuẩn bị Bán Thân cho TQ 1 sớm, 1 chiều, với giá như bèo, là điều khó tránh."
0,Có giảm nữa cũng không có tiền mua.
0,Đẹp nhưng chất lượng thì.... Chỉ dc cái mã mua rồi sẽ hối hận
1,"Mới tậu con Surface này về, mạnh cực kỳ luôn."
1,"ai nhìn sơ qua chắc sẽ chọn prime x max....nhưng mấy pic đầu prime x cho thấy chi tiết hơn nhờ số chấm gấp đôi mấy pic sau tương phản tốt nhưng xử lý quá bệt màu hẳn ra.. mất chi tiết, ảnh con s7 chỉnh chút là ok nói chung với tầm giá thì prime quá good rồi"
1,"Món nướng ở quán này sạch sẽ cực kỳ, ăn một tuần vẫn ghiền."
0,I7 dòng U quá yếu!!!Hy vọng năm nay Intel sẽ ra i7 mạnh hơn
1,Apple watch đẹp :3
1,TouchPal chuẩn nhất... Gợi ý từ theo ngữ cảnh và thói quen của người dùng cực chuẩn...
0,"Món hải sản vị khó ăn, không đáng tiền tí nào."
1,Ngon bo re
1,"Samsung cao cấp quá, xài cả tuần rồi vẫn vẫn mượt."
0,Mới mua con Vivo này về mà thấy yếu cực kỳ.
1,Cũng thích có 1 cái
1,"Mới ăn thử bún chả ở đây, vị giòn lắm luôn."
0,Pin hơi kém
0,"Gia vị món nem cuốn quá quá tệ, ăn không vô."
1,"Mua HP cho em gái dùng, bố khen đẹp."
0,"Món nướng ở quán này chán quá, ăn cả tuần là thấy nhạt nhẽo."
0,Giá rất đắt
0,"Gia vị món bún bò quá nguội ngắt, ăn không vô."
0,Dịch vụ không tuyệt vời
1,"Không có gì để chê ở Realme, quá nhẹ."
1,"Mua Apple Watch cho em gái dùng, con khen ngon lành."
0,"Huawei thiết kế chán, cảm ứng thì quá đơ."
1,"Món vịt quay ở quán này giòn cực kỳ, ăn hơn nửa năm vẫn ghiền."
1,Đẹp quá và rất men
0,"Mình rất thất vọng với nướng, nước chấm mặn, đồ ăn chán phèo."
0,Dẫn vợ đi ăn cà phê mà con chê ngán quá.
1,sử dụng Điện thoại thấy cực kỳ mát
1,"Mua Nokia cho vợ dùng, chồng khen nhanh."
1,"Mua Apple Watch cho người yêu dùng, chồng khen sắc nét."
0,11tr để mua cái dây cao su buộc vào chiếc đồng hồ xấu kinh điển. Nếu là của hãng khác thì đã bị ném đá tơi bời.
0,"Con Acer này dùng xấu, pin nhanh tã."
0,"Món gỏi cuốn vị dở, không đáng tiền tí nào."
1,"Không có gì để chê ở Macbook, quá sang trọng."
0,Màn hình ít hoàn hảo
1,"Nokia thiết kế tuyệt vời, wifi tốt."
1,Với tầm giá này thì Apple Watch là cao cấp nhất rồi.
1,"Món phở ngon hết sẩy, gia vị thơm."
0,"Món hải sản ở quán này ngán quá, ăn cả tuần là thấy nhạt nhẽo."
1,"Mới tậu con LG này về, mượt mà cực kỳ luôn."
1,Ảnh s7e vẫn trong trẻo và nét hơn
1,Với tầm giá này thì Oppo là đáng tiền nhất rồi.
0,"Con Oppo này dùng lag, pin không xài được."
1,Quán này gỏi cuốn là ngon miệng nhất rồi.
0,Thật không thể tin nổi. Q là của tàu khựa mà dìm ss của e hả samsung nhiều gái xinh ss in my heart
0,"Không thể chấp nhận được món sushi này, quá tanh."
1,"Món lẩu ngon hết sẩy, gia vị vừa miệng."
1,"Dell thiết kế cao cấp, thiết kế ổn định."
0,Giá thật sự chậm
1,Quán này trà sữa là ngon tuyệt nhất rồi.
0,Mua iPhone về dùng thử mà thấy xấu quá.
0,"Món gỏi cuốn ở quán này quá dở quá, ăn cả tuần là thấy không ngon."
0,Điện thoại ít bền
1,"Mua Huawei cho con dùng, chồng khen ổn định."
1,"Mua Xiaomi cho mẹ dùng, bố khen ấn tượng."
1,Qua dang cap
0,Điện thoại không mượt mà
0,"Còn mình chỉ tin dùng laptop và smartphone asus, mainboard chỉ dùng gigabyte, ngán main asus lắm rồi"
1,Quán này cơm tấm là quá đã nhất rồi.
1,"Không có gì để chê ở món cơm tấm này, quá vừa vị."
0,"Mình rất thất vọng với Oppo, hiệu năng không ổn, hay bị hết pin nhanh."
1,"Sony thiết kế nhẹ, màn hình rất tốt."
0,Samsung toàn dùng sức và cơ bắp còn trí tuệ thì hơi bị kém. Ram có 6Gb cũng thua IPhone 2Gb thôi.
1,"tôi đang dùng note 5 đây, vk dùng ip 6 plus,những cái khác không nói riêng về pin thì ip ko có cửa để so với note 5."
0,Thiếu tính sang tao. Thực sự Motorola hết sáng tạo như mấy năm gần đây
1,"Không có gì để chê ở món gỏi cuốn này, quá giòn."
0,Mới mua con Macbook này về mà thấy lởm cực kỳ.
1,Dịch vụ này khá đỉnh
0,"Em nhìn con iphone 6s plus mới là mất cân đối. Viền dầy cộp, thân máy trên dướ đều to do vướng nút home tròn. Trong khi các máy đều siêu mỏng cánn"
1,"Mới tậu con LG này về, phù hợp cực kỳ luôn."
0,Mới mua con Nokia này về mà thấy quá kém cực kỳ.
1,trải nghiệm Dịch vụ thấy vô cùng bền
0,Mua Surface về dùng thử mà thấy loạn quá.
0,"Mình rất thất vọng với bánh mì, đồ ăn nhạt, đồ ăn quá dở."
0,"Nhìn cũng thích mà ngán 2 thứ: pin quá ít   chip MTK hichic (tôi không rành chip, nhưng nghe hàng Đài Loan giá rẻ hơi ngại, bị Asus, Acer sợ rồi)"
1,"Con Nokia này dùng mượt mà, pin đẹp."
0,"Món cà phê ở quán này khó ăn quá, ăn hơn nửa năm là thấy khó nuốt."
0,"Mình rất thất vọng với Samsung, thiết kế nóng, hay bị hết pin nhanh."
1,"Apple Watch quá đẹp, mẫu mã xuất sắc"
0,"Mình rất thất vọng với Nokia, cấu hình nặng, hay bị chậm vãi."
0,Với tầm giá này mà Lenovo đơ vậy là không đáng tiền.
0,"Nhìn thì đẹp chứ mình đã dùng từ zen5,zen2,zen Go... thấy chất lượng kém."
0,Mới mua con Samsung này về mà thấy mờ cực kỳ.
1,"Mới tậu con iPad này về, phù hợp cực kỳ luôn."
1,Quán này gỏi cuốn là chất lượng nhất rồi.
1,"Quá đẹp, hi vọng ko có gì thay đổi trừ mầu sắc để mình đỡ phải nhấp nhổm."
0,Dẫn bạn bè đi ăn bánh mì mà người yêu chê khô quá.
1,"Món lẩu ở quán này rất ngon cực kỳ, ăn cả tuần vẫn ghiền."
1,"Mới tậu con Xiaomi này về, đáng tiền cực kỳ luôn."
1,"Món gà rán ở quán này chất lượng cực kỳ, ăn vài hôm vẫn ghiền."
1,Với tầm giá này thì Samsung là đẹp nhất rồi.
0,Mới ăn thử sushi ở đây mà thấy không tươi cực kỳ.
1,"Hãy thử trải ngiệm đi, sẽ thích ngay!"
1,"Mới ăn thử bún chả ở đây, vị cuốn hút lắm luôn."
1,Camera này rất ngon
0,Thiết kế hơi lag
1,"Mình rất thích hải sản ở đây, quán phục vụ vừa vị, đồ ăn đậm đà."
1,"Acer phù hợp quá, xài một tuần rồi vẫn vô đối."
0,"Con Macbook này dùng quá tệ, pin rất tệ."
1,"Mình rất hài lòng với Asus, cấu hình mạnh, vô đối."
1,"Không có gì để chê ở Huawei, quá đẳng cấp."
0,"iPad chậm quá, xài vài hôm là thấy chậm vãi."
1,"Mua Sony cho con dùng, em trai khen cao cấp."
1,"Món cà phê vị ngon miệng, gia vị làm rất xuất sắc."
1,"Món cơm tấm ở quán này giòn cực kỳ, ăn cả tuần vẫn ghiền."
0,"Mình rất thất vọng với HP, sạc quá chán, hay bị quá cùi."
1,"Mình rất thích mì xào ở đây, quán phục vụ ngon miệng, đồ ăn béo."
1,"Sony thiết kế mỏng, vân tay vô đối."
0,"Mình rất thất vọng với kem, nước chấm ngán, đồ ăn nhạt nhẽo."
0,"Sony quá kém quá, xài cả năm là thấy mất sóng."
0,"Vivo thiết kế bình thường, cảm ứng thì yếu xìu."
0,Giá hấp dẫn nhưng xài lâu máy nhanh xuống cấp do dùng linh kiện rẻ tiền chất lượng nửa vời. Mua sony flagship 2hand dùng hợp lý hơn
0,"Realme thiết kế tệ, chip thì quá chán."
0,Không thể xấu hơn được nữa :))
0,Dẫn chồng đi ăn bún bò mà con chê chua lè quá.
1,Note 7 Chụp đẹp quá
0,"Mình rất thất vọng với bánh xèo, đồ ăn mặn, đồ ăn quá tệ."
1,Quán này sushi là vừa vị nhất rồi.
1,"Món nem cuốn vị đậm đà, đồ uống làm rất cuốn hút."
1,Đẹp
0,"Không thể chấp nhận được Sony, quá bình thường."
1,"Nokia mỏng quá, xài cả tuần rồi vẫn đẹp."
0,Với tầm giá này mà iPad không ổn vậy là không đáng tiền.
1,"Mình rất hài lòng với Macbook, pin bền, phê lắm."
1,"Món kem ngon hết sẩy, gia vị xuất sắc."
1,Với tầm giá này thì Dell là tuyệt vời nhất rồi.
1,Đẹp kinh khủng luôn bà con ơi :)
0,Màn hình rất đắt
0,"Man hinh HD bay gio loi thoi roi, xem lau qua moi mat. Cam bien van tay lam gi phai chi nang len Full HD thi ngon"
0,"Món pizza vị chua lè, không đáng tiền tí nào."
0,Với tầm giá này mà Surface đơ vậy là không đáng tiền.
0,"Con Acer này dùng quá tệ, pin sụt pin nhanh."
1,Quán này kem là sạch sẽ nhất rồi.
1,"Macbook ổn định quá, xài cả tuần rồi vẫn phê lắm."
1,Con này có cái mjk mua luôn dung tốt lắm. Chơi game sướng lắm mỗi tội pin 2k5 chơi vẵn thỏa mái
1,"Mình rất hài lòng với Surface, cấu hình ngon lành, mạnh."
1,"iPad nhẹ quá, xài hơn nửa năm rồi vẫn nhanh."
0,không xài Asus nữa! hỏng lặt vặt và nhiều thứ rất tào lao
0,Mạng rất lag
0,"Con Apple Watch này dùng xấu, pin nóng máy."
1,Màu này đẹp nè!
1,"Nhà mình xài đồ samsung thấy rất bền, còn khoản bảo hành của nó thấy giờ là 3 năm hết, hỗ trợ 24/24 nên cũng yên tâm phần nào"
0,Điện thoại hơi tệ
1,"Món lẩu ở quán này cuốn hút cực kỳ, ăn một tháng vẫn ghiền."
0,Xài 15' hết pin :)
0,"Đưa sang VN chắc ế. Người Việt đã mua smart phone là phải đắt tiền để chưng diện. Người không có nhều tiền thì mua loại ""cục gạch"", chỉ để nghe, gọi và nhắn tin thôi."
0,Với tầm giá này mà AirPods quá chán vậy là không đáng tiền.
1,"Con Asus này dùng đẹp, pin bình thường."
0,Màn hình chả đẹp
0,"hj bác bán nhju thế, e cũng đang lăn tăn thấy bảo pin yếu, mà lại pin liền k thay dc"
1,Với tầm giá này thì Apple Watch là đáng tiền nhất rồi.
0,Mới mua con Vivo này về mà thấy tệ cực kỳ.
1,"Món cà phê vị đặc sắc, đồ uống làm rất cuốn hút."
0,"Vivo nặng quá, xài suốt mấy tháng là thấy rất tệ."
1,Khoái cái BB passport quá!
1,"Món trà sữa vị tươi, không gian làm rất tuyệt vời."
1,Với tầm giá này thì Surface là cao cấp nhất rồi.
1,"Mình rất hài lòng với Sony, màn hình đẳng cấp, vô đối."
1,"Không có gì để chê ở Sony, quá phù hợp."
0,"Mình rất thất vọng với bún chả, topping dở, đồ ăn không nuốt nổi."
0,"loại đen ko hiểu sao thi thoảng lại có tiếng két két, rè rè"
1,"Món pizza vị béo, gia vị làm rất xuất sắc."
1,Với tầm giá này thì LG là đẹp nhất rồi.
1,Quán này cà phê là rất ngon nhất rồi.
1,Nếu thu nhập không cao thì xiaomi lag lựa chọn quá tuyệt vời. Đừng tham táo hay sam dòng flashship mới nhất mà đốt đi 1 hay 2 tháng lương của mình. Thân
1,Sản phẩm này cực kỳ mát
0,"Con Apple Watch này dùng nặng, pin chán hẳn."
0,Pin khá chậm
1,Với tầm giá này thì Oppo là phù hợp nhất rồi.
1,Dáng đẹp. Thanh cao và các góc bo ít hơn so với S7edge.
0,Mới ăn thử mì xào ở đây mà thấy nhạt cực kỳ.
1,"Món bún bò vị cuốn hút, gia vị làm rất thơm."
0,Samsung bán giá cao thế này thì cạnh tranh với Apple kiểu gì đây. Chả lẽ dòng S làm ra chỉ để thể hiện cho bằng bạn bằng bè là chính còn vẫn sống nhờ các máy tầm trung - giá rẻ sao?
0,"Mình rất thất vọng với Samsung, camera lởm, hay bị rất tệ."
1,"Cấu hình tốt, đẹp, tiện"
0,Mạng hơi kém
1,"Bắt đầu thích Xiaomi rồi đó, khựa ơi khựa"
0,"Mình rất thất vọng với Asus, vân tay tệ, hay bị nóng máy."
1,"Không có gì để chê ở LG, quá hoàn hảo."
1,"Siêu phẩm thế này thì nên nằm trên kệ để người ta ngắm nhìn, để cái iphone cùi bắp đến tay người dùng được rồi :)))"
0,"Món bánh mì ở quán này thiu quá, ăn cả tuần là thấy không đáng tiền."
0,Với tầm giá này mà Apple Watch chậm vậy là không đáng tiền.
1,Chất lượng này hoàn toàn bền
0,"Mình rất thất vọng với trà sữa, đồ ăn quá kém, đồ ăn quá dở."
1,Dàn loa của ip7 pro sẽ rất tuyệt đấy .
1,"Món bánh mì ngon hết sẩy, gia vị đậm đà."
0,"Gia vị món pizza quá khét, ăn không vô."
0,"Mình rất thất vọng với vịt quay, món ăn không tươi, đồ ăn khó nuốt."
1,"Món sushi ở quán này quá đã cực kỳ, ăn suốt mấy tháng vẫn ghiền."
0,Mới mua con Sony này về mà thấy lag cực kỳ.
0,"Huawei không ổn quá, xài cả tuần là thấy quá cùi."
1,"Xiaomi ấn tượng quá, xài một tháng rồi vẫn rất tốt."
1,"Canon 80d cấu hình tốt quá, dòng crop dùng cảm biến aps-c này nếu giá mềm tầm 700 usd thì tốt biết mấy."
0,"Không thể chấp nhận được Acer, quá quá kém."
1,"Không có gì để chê ở Surface, quá cao cấp."
0,Mạng khá nóng
0,Màn hình cực kỳ kém
1,"Mua Realme cho vợ dùng, em gái khen đáng tiền."
0,Dẫn vợ đi ăn gỏi cuốn mà bố chê chua quá.
0,"Con LG này dùng nóng, pin không xài được."
0,"Không thể chấp nhận được món bánh xèo này, quá nguội ngắt."
0,"Huawei yếu quá, xài vài tháng là thấy nóng máy."
1,"Món pizza ngon hết sẩy, gia vị đậm đà."
0,Dẫn bạn bè đi ăn bánh mì mà chồng chê ôi quá.
1,Dù nó chỉ bền được 1 tháng so với cái giá bằng 1 tô phở thì nó vẫn quá ngon. Con này nếu hàng thương hiệu cũng tầm dưới 2tr rồi
1,"Nokia mạnh quá, xài cả năm rồi vẫn dùng rất sướng."
0,Mới mua con Surface này về mà thấy lag cực kỳ.
1,"Bạn nên mua Lumia 950 vì nó mới và nhanh hơn 930 + với camera chụp tốt hơn rất nhiều, lúc này thị trường Lumia bị yếu nên dòng Lumia mất giá nhanh lắm, bạn có thể yên tâm mà mua nếu thực sự thích dòng Lumia như mình :D vẫn đang sài Lumia 1020 (3 năm rồi chưa thấy hư gì)"
1,Quán này mì quảng là thơm nhất rồi.
1,"Mua HP cho bạn bè dùng, người yêu khen cao cấp."
0,"Đa số là sĩ diện, iphone bền chứ đẹp thì chưa chắc à, từ ip6 trở đi càng giống đt TQ"
0,Sản phẩm khá yếu
1,"""Zenfone 3 Ultra"" Nhìn đẹp nhỉ :D"
0,"Sony thiết kế đơ, cấu hình thì chán hẳn."
1,"Dẫn mẹ đi ăn trà sữa, đồng nghiệp khen giòn."
0,"Oppo chậm quá, xài một tháng là thấy hết pin nhanh."
0,"Xiaomi thiết kế nặng, wifi thì nóng máy."
1,"Surface thiết kế phù hợp, thiết kế ổn định."
1,"Không có gì để chê ở món bánh mì này, quá cuốn hút."
0,"Món mì quảng vị chua, không đáng tiền tí nào."
1,"Mình rất hài lòng với Samsung, loa ấn tượng, phê lắm."
0,"Món bún bò ở quán này ngán quá, ăn hơn nửa năm là thấy chán phèo."
0,"Không thể chấp nhận được LG, quá quá chán."
1,Tuyệt vời!
1,"Chùi ui, thích quá. Mong em sớm ra"
1,"Món sushi ở quán này ngon cực kỳ, ăn một tháng vẫn ghiền."
1,Với tầm giá này thì Nokia là sắc nét nhất rồi.
1,trải nghiệm Màn hình thấy quá xuất sắc
1,Quán này cơm tấm là vừa vị nhất rồi.
1,qa dep ko the song ma thieu iphone7
0,"Mình rất thất vọng với bún chả, decor ngán, đồ ăn mất vệ sinh."
1,Hàng hiệu có khác. Chỉ có thể là iPhone.
0,"LG bình thường quá, xài mấy ngày là thấy nóng máy."
1,"Không có gì để chê ở món mì xào này, quá cuốn hút."
1,"Ngon quá nhỉ, kiếm chỗ để order thôi"
1,"Món lẩu vị giòn, đồ ăn làm rất thơm."
0,"Mình rất thất vọng với Surface, cảm ứng bình thường, hay bị quá chán."
0,Với tầm giá này mà Acer đơ vậy là không đáng tiền.
0,"Mình rất thất vọng với iPad, bàn phím mờ, hay bị yếu xìu."
1,"Asus đáng tiền quá, xài một tháng rồi vẫn trâu."
0,"máy tính bảng 18,4 inch, nặng 2,65 kg. hình như sử dụng hơi bất tiện"
0,Dịch vụ chả mát
1,"Món bún chả ngon hết sẩy, gia vị ngon tuyệt."
0,"LG quá tệ quá, xài một thời gian là thấy kém quá."
1,"Mình rất thích gỏi cuốn ở đây, quán phục vụ béo, đồ ăn sạch sẽ."
0,Sản phẩm không mát
1,"Món mì quảng ngon hết sẩy, gia vị chất lượng."
0,"Con Xiaomi này dùng chán, pin quá đơ."
0,"Không thể chấp nhận được Huawei, quá quá chán."
0,"Dell quá tệ quá, xài một thời gian là thấy rất tệ."
0,Bản lề nếp gấp thế này thì chắc dễ bám bụi
1,"Không có gì để chê ở món bánh xèo này, quá sạch sẽ."
1,"Mua Huawei cho đồng nghiệp dùng, bạn bè khen mạnh."
0,"Không thể chấp nhận được Xiaomi, quá tệ."
0,Dẫn con đi ăn sushi mà mẹ chê khô quá.
1,Màn hình này rất êm
0,"Món gà rán ở quán này chua lè quá, ăn cả tuần là thấy mặn chát."
1,"Apple Watch thiết kế hoàn hảo, chip dùng rất sướng."
0,Mua Realme về dùng thử mà thấy quá chán quá.
0,Mua Macbook về dùng thử mà thấy chậm quá.
1,"Món trà sữa vị vừa vị, phục vụ làm rất béo."
1,Quán này cà phê là ngon miệng nhất rồi.
1,Pin khủng
0,Mua Surface về dùng thử mà thấy không ổn quá.
1,"Mua Realme cho em trai dùng, em gái khen đáng tiền."
1,Được bạn .ban đêm mở còn nhậy hơn ban ngày
1,"Món gỏi cuốn vị sạch sẽ, không gian làm rất cuốn hút."
1,"Mua Vivo cho vợ dùng, mẹ khen mỏng."
0,"em giống y bác luôn, chán bluetooth kinh hồn, 1tr7 mà em không tưởng tượng được độ chuối của bluetooth"
0,Gét ss
1,"HP giờ ngon hơn rồi, ít ra 2-3 năm trở lại đây, máy mát, bền và hỗ trợ bảo hành nhanh chóng."
1,Đẹp hơn iphone chứ
1,"Món vịt quay ở quán này chuẩn vị cực kỳ, ăn cả tuần vẫn ghiền."
1,Mình thích một cái cơ bản nhưng có thiết kế đẹp
0,"Không thể chấp nhận được Apple Watch, quá chán."
0,"Con HP này dùng quá tệ, pin sụt pin nhanh."
1,"Mới tậu con Nokia này về, mượt mà cực kỳ luôn."
1,Samsung càng ngày càng tuyệt vời.
0,"Món pizza ở quán này mặn quá, ăn cả tuần là thấy quá tệ."
0,Mới ăn thử lẩu ở đây mà thấy quá dở cực kỳ.
1,"Không có gì để chê ở món gà rán này, quá hấp dẫn."
0,"Không thể chấp nhận được Realme, quá quá tệ."
0,Mới mua con Apple Watch này về mà thấy nặng cực kỳ.
1,Pin lên tới 2 ngày
1,Quán này cơm tấm là tươi nhất rồi.
0,"Món trà sữa vị nguội ngắt, không đáng tiền tí nào."
0,Mới ăn thử gà rán ở đây mà thấy chua lè cực kỳ.
0,"Món pizza ở quán này ngấy quá, ăn một thời gian là thấy đắt đỏ."
0,con s7 cháy sáng như thế kia mà bác bảo đẹp sao
0,"Không thể chấp nhận được món phở này, quá dở."
0,"Không thể chấp nhận được Apple Watch, quá tệ."
1,"iPad thiết kế ổn định, màn hình nhanh."
0,"Ông SAMSUNG này đẻ như gà ấy,chẳng ra hồn cái nào cả"
1,"Mua Realme cho người yêu dùng, em trai khen mạnh."
0,"Không thể chấp nhận được Vivo, quá đơ."
0,Mua iPhone về dùng thử mà thấy giật quá.
1,"Mới tậu con iPad này về, đáng tiền cực kỳ luôn."
1,dùng Dịch vụ thấy cực kỳ ngon
1,Với tầm giá này thì Xiaomi là bền nhất rồi.
1,"Huawei bền quá, xài suốt mấy tháng rồi vẫn không bị lag."
0,"Ram 2G mà trống có 700mb, trong khi chưa cài được gì"
0,Với tầm giá này mà iPhone tệ vậy là không đáng tiền.
0,Dẫn vợ đi ăn phở mà người yêu chê khét quá.
1,"Mình rất hài lòng với Asus, hệ điều hành mạnh, hoạt động tốt."
0,"Con LG này dùng nóng, pin hết pin nhanh."
0,"Con Apple Watch này dùng chậm, pin nhanh tã."
1,"Tôi đã mua XPS Dell 2015, và sau hơn 1 năm sử dụng vẫn chỉ 2 từ: Miễn Chê Sản phẩm Ultrabook chạy Window tốt nhất từ trước đến nay."
1,Ngày xưa xài P910i xài cổng 2.5 thấy rất thuận tiện và hợp lý. Đặc biệt là tai nghe jin 2.5 của P910i nghe cực sướng!
0,Dẫn mẹ đi ăn bún bò mà vợ chê không tươi quá.
0,Mặt trước màu đen không hợp với màu vỏ sau lắm
1,"Món trà sữa ở quán này ngon miệng cực kỳ, ăn cả năm vẫn ghiền."
1,Ngon. Thay đồng hồ!
1,Thiết kế này vô cùng êm
1,"Mua Asus cho em trai dùng, con khen phù hợp."
0,"Món bánh mì ở quán này nhạt quá, ăn cả năm là thấy chán phèo."
0,"Con Huawei này dùng quá tệ, pin loạn cảm ứng."
1,Với tầm giá này thì Lenovo là phù hợp nhất rồi.
1,"Không có gì để chê ở món sushi này, quá thơm."
1,"Sản phẩm tốt, giá hợp lý không nên chê ."
1,"Surface xuất sắc quá, xài cả tuần rồi vẫn đẹp."
0,Chất lượng không xuất sắc
1,"Mới tậu con LG này về, ổn định cực kỳ luôn."
0,"Like cho bác. Tui là nạn nhân, ÔNG NGOẠI Z3 của tui mua đc tròn 1 năm. giờ đã liệt (dương) màn hình tại vùng cảm ứng thanh công cụ nhanh. Để nguyên trạng xài thì tạm đc nhưng rất bất tiện vì không thể kéo xuống thanh công cụ nhanh khi đang ở màn hình dọc. Thay màn hình thì chi phí ko mềm chút nào cộng thêm cảo giác bất an!. Chia tay Sọ nỹ từ đây!"
1,Quán này phở là tuyệt vời nhất rồi.
1,"Mới ăn thử bánh xèo ở đây, vị ngon miệng lắm luôn."
0,"Ra để cạnh tranh với Oppo hay sao mà xấu thế, giá lại cao không tương xứng."
0,"Không thể chấp nhận được Sony, quá lag."
1,Sony vẫn là số 1.
0,Mới ăn thử hải sản ở đây mà thấy mặn cực kỳ.
0,"Không thể chấp nhận được món lẩu này, quá nhạt."
1,"Mới tậu con Asus này về, sang trọng cực kỳ luôn."
0,Có lẽ mình vẫn dùng BlackBerry10. Chứ lại có cả BlackBerry TQ nữa thì càng chịu.
1,"iPhone sang trọng quá, xài cả năm rồi vẫn trâu."
1,Gom lúa thôi yêu e quá
1,Quá đỉnh!!!
1,"Món gà rán ở quán này giòn cực kỳ, ăn hơn nửa năm vẫn ghiền."
1,"Mới tậu con Realme này về, cao cấp cực kỳ luôn."
1,X Max bá đạo vậy
1,"Không có gì để chê ở món gỏi cuốn này, quá đặc sắc."
1,"Món cơm tấm vị rất ngon, đồ ăn làm rất đặc sắc."
0,"Realme thiết kế tệ, camera thì lag lòi."
1,Quá đẹp! Dù biết ảnh có qua chỉnh sửa nhưng phải nói là quá sắc nét.
0,Dòng Zen sao phần kim loại cắt dạng vân chiếu mình thấy nó sao sao đó nhỉ?? Ko được sang cho lắm!!
1,"Mình rất hài lòng với Acer, thiết kế ổn định, phê lắm."
1,"Dẫn vợ đi ăn gỏi cuốn, người yêu khen hấp dẫn."
0,"Mình rất thất vọng với Apple Watch, wifi không ổn, hay bị không xài được."
1,ôi thật bất ngờ... có con nào mobi sờ ta giá rẻ có phơi sáng ko nhỉ... muốn ghê
0,"Không thể chấp nhận được món mì xào này, quá khét."
0,Dẫn con đi ăn cà phê mà bạn bè chê dở quá.
0,Mới ăn thử bánh mì ở đây mà thấy chán cực kỳ.
1,"Đợt hàng vidonn A6 đợt này có vẻ ngon,"
0,"Con Xiaomi này dùng quá tệ, pin không xài được."
0,"hơi thất vọng một chút, ít ra phải tự làm được 40% chứ"
0,"iPad giật quá, xài một tháng là thấy nhanh tã."
0,Mạng thật sự chậm
1,Chờ Note 7 như chờ người yêu lâu ngày không gặp.Đợi em về anh sẽ cưới em.
0,"Con AirPods này dùng giật, pin lag lòi."
0,"Con Acer này dùng quá chán, pin sụt pin nhanh."
0,Dẫn em gái đi ăn bún chả mà đồng nghiệp chê đắng quá.
0,"Gia vị món mì quảng quá khó ăn, ăn không vô."
0,MÌNH CHƯA ROOT ĐƯỢC CÒN UP ROM THÌ THẤY BẢO MẤT TIỀN CÓ AI NHẬN LÀM ĐÓ NHƯNG ĐẮT . MÌNH CHÁN NÊN BÁN ĐI ĐẶT MUA 520 RÙI . BẠN CỨ TÌM HIỂU XEM
1,Dịch vụ này rất êm
0,Mua Huawei về dùng thử mà thấy nóng quá.
1,"Không có gì để chê ở Acer, quá đẳng cấp."
1,Với tầm giá này thì AirPods là phù hợp nhất rồi.
0,"Mình rất thất vọng với mì quảng, món ăn chua lè, đồ ăn quá tệ."
0,Với tầm giá này mà AirPods giật vậy là không đáng tiền.
0,"ảnh HDR xấu 1 cách thậm tệ , 2016 rồi mà còn tệ vậy ư"
0,Giá bằng cái xe máy của bố vợ :(
0,"Mình rất thất vọng với sushi, đồ uống quá dở, đồ ăn tanh rình."
0,"máy mình đã up len 4.0 nhưng bị lỗi 3G. kết nối 3G thì ok nhưng sau khi tắt đi, bật lại thì ko kết nối được, phải restart lại máy. Có ai bị lỗi này không? làm sao fix được đây. Thanks"
0,Phím điều hướng nằm trong màn hình có vẻ chiếm không gian nhỉ. Cho dù nó có trong suốt.
1,Tuyệt Phẩm
0,Mạng khá cùi
1,Cái này nhìn ngon ...^^
0,"Nếu đúng thế thì tôi sẽ tạm chuyển xài samsung xem sao, năm nào cũng mua iphone nhưng nhìn thiết kế này thấy apple như đang hiếp dâm những khách hàng trung thành của mình"
0,"Nokia thiết kế giật, màn hình thì quá đơ."
1,Với tầm giá này thì Xiaomi là ngon lành nhất rồi.
0,Thiết kế cực kỳ nhanh hỏng
0,"Nokia bình thường quá, xài một tuần là thấy rất tệ."
0,Mới ăn thử gỏi cuốn ở đây mà thấy ngán cực kỳ.
0,"Mình rất thất vọng với Xiaomi, sạc không ổn, hay bị không đáng tiền."
1,"Món cơm tấm ngon hết sẩy, gia vị béo."
0,"Không thể chấp nhận được Lenovo, quá nóng."
0,"Mình rất thất vọng với sushi, decor quá tệ, đồ ăn không nuốt nổi."
0,Pin rất tệ
0,Màn hình vẫn sẽ là LCD cùi bắp độ phân giải con giòi như thường lệ.
1,"Mua Vivo cho bố dùng, em trai khen sang trọng."
0,Hình thức xấu như thế thì ai mà mua cho bạn được... quá xấu ngay từ cái nhìn đầu tiên...
1,"Mình rất thích pizza ở đây, quán phục vụ đặc sắc, đồ ăn ngon."
1,"Mới ăn thử vịt quay ở đây, vị rất ngon lắm luôn."
0,không dại gì mua zen3 với giá đó rồi lại mắc lỗi như zen 5. Trước tôi mua zen 5 bảo hành lên xuống đến 4 lần vẫn lỗi cuối cùng bỏ. Mất lòng tin với asu.
0,"Mình rất thất vọng với Nokia, pin lởm, hay bị hay bị lỗi."
0,"thiết kế quá bình thường, không có phong cách của Iphone thuở nào"
1,"Mới ăn thử hải sản ở đây, vị chất lượng lắm luôn."
1,"Pho cap 4k cho moi nha, asus qua nhien loi hai"
0,"dúng rồi đó bạn, zen chup anh quá tệ, thua ca cái samsung dưới 3 chai"
0,Mới mua con Surface này về mà thấy quá tệ cực kỳ.
1,"Mua AirPods cho bạn bè dùng, em trai khen ấn tượng."
1,"Mới ăn thử nem cuốn ở đây, vị ngon lắm luôn."
1,Còn này lại cháy hàng cho mà xem.
0,1 clip của bạn 5 giây. 1 tấm hình giảm độ phân giải còn 2Mb hay sao mà vài ngàn tấm. Dân nghiệp dư mới để trong máy. Ng ta chụp xong nó tự up lên cloud rùi
1,"Con Sony này dùng mỏng, pin tuyệt vời."
0,"Con Surface này dùng bình thường, pin rất tệ."
1,Với tầm giá này thì Vivo là bền nhất rồi.
0,"Không thể chấp nhận được món mì xào này, quá nguội ngắt."
0,Điện thoại chưa êm
0,Với tầm giá này mà Xiaomi lỗi vậy là không đáng tiền.
0,"Tốc độ thì tuyệt vời nhưng pin ngốn khá nhanh (gấp 3 lần 3G, chắc do còn ít cột ăng ten?), hy vọng sau khi tối ưu cấu hình mạng thì tình trạng tốn pin không còn thì mới dùng được."
0,Với tầm giá này mà Oppo nặng vậy là không đáng tiền.
0,Hai cái camara thế kia thì sấu điên dự là ế
1,"hồi đó mình sài s5, nhưng chạy theo phong trào sài ip, mình sài con ip 6lus, mình không biết điện thoại nào mạnh yếu ra sao, nhưng mình thich ip hơn, chắc vì nó đơn giản, icon đáng êu, ít tn spam của sim rác hơn hay sao ấy. giờ mình vẫn sẽ sài ip mặc dù lúc đầu đổi qua nó vì cảm thấy nó sang. mình sẽ không bao giờ sài android nữa. mặc dù nh người sài ip giông mình nhưng tại mình thic hdh của nó hay sao ấy. mình nghĩ sao nói vậy."
0,Dẫn em trai đi ăn nướng mà chồng chê quá kém quá.
1,"Hihi, đọv xong bài này chắc chạy ra mua em Mobiistar quá. Giỡn thôi, đúng là độ mở của S7 lớn nên khi có những hình nhìn bị cháy sáng nhiều nên không đẹp. Chứ mình đang xài S7 và rất hài lòng với em này. Đọc phần thông tin 2 máy chắc có sự nhầm lẫn về flash của S7, vì mình thấy s7 ko có flash kép dual tone ☺"
0,"Không thể chấp nhận được Vivo, quá lởm."
0,Mới ăn thử vịt quay ở đây mà thấy quá dở cực kỳ.
0,Mới mua con Apple Watch này về mà thấy lỗi cực kỳ.
1,"Mua Macbook cho em trai dùng, vợ khen mạnh."
0,"Không thể chấp nhận được Dell, quá bình thường."
1,"Con Lenovo này dùng tuyệt vời, pin vẫn mượt."
0,"Samsung đơ quá, xài một tháng là thấy rất tệ."
1,"Mua LG cho chồng dùng, con khen ấn tượng."
0,"Không thể chấp nhận được món trà sữa này, quá ngán."
1,"Mới tậu con Samsung này về, nhẹ cực kỳ luôn."
1,"Không có gì để chê ở món hải sản này, quá ngon miệng."
0,"Không thể chấp nhận được món bún chả này, quá khô."
1,"Món vịt quay ngon hết sẩy, gia vị thơm."
1,"Món bánh mì ngon hết sẩy, gia vị chất lượng."
0,"Món trà sữa vị khét, không đáng tiền tí nào."
0,"Con Macbook này dùng kém, pin giật lag."
1,"Mình rất thích mì quảng ở đây, quán phục vụ đậm đà, đồ ăn đậm đà."
1,Loa này khá xịn
0,"Không thể chấp nhận được Sony, quá quá tệ."
0,Mua AirPods về dùng thử mà thấy chậm quá.
1,"iPhone sang trọng quá, xài hơn nửa năm rồi vẫn không bị lag."
0,Điện thoại thật sự nhanh hỏng
0,Giá hơi đắt
0,"Surface thiết kế đơ, màn hình thì loạn cảm ứng."
0,"Không thể chấp nhận được Lenovo, quá bình thường."
1,"Con Lenovo này dùng mỏng, pin trâu."
0,"Món kem vị chán, không đáng tiền tí nào."
1,"Mình rất thích cà phê ở đây, quán phục vụ chuẩn vị, đồ ăn đặc sắc."
1,"Macbook nhanh quá, xài vài hôm rồi vẫn không bị lag."
0,"Sạc không dây làm cái gì, có lợi ích ko. Chừng nào sạc pin mà đi lòng vòng trong nhà là được. Còn pin 3500 thì được ah."
0,Mới ăn thử mì xào ở đây mà thấy ngấy cực kỳ.
0,"Quá mắc so với giá trị thật, dòng phổ thông của LG thì lỗi rất nhiều, nhất là loạn cảm ứng và màn hình ám vàng,. Khoảng 4,1 triệu có thể mua Zenfone max pin 5k, cấu hình trên hẳng con này, dùng bền hơn nhiều."
0,Với tầm giá này mà iPhone bình thường vậy là không đáng tiền.
0,Mới ăn thử mì quảng ở đây mà thấy ngấy cực kỳ.
0,"Món pizza vị đắng, không đáng tiền tí nào."
0,"Không thể chấp nhận được LG, quá xấu."
0,"mình không ý kiến gì về hệ điều hành, hay thiết kế. Nhưng có điều không mê được là máy nóng dã man. hôm vào viettel store chỉ mới check chụp ảnh có một tí, trong phòng mát vậy mà máy nóng như bỏng. ko biết hãng có khắc phục ở những lô sau không. chứ nóng vậy mà đem dùng dưới nắng nữa chắc bốc hỏa mất."
1,"Mới ăn thử gỏi cuốn ở đây, vị chất lượng lắm luôn."
0,Mua Realme về dùng thử mà thấy chậm quá.
0,"Không thể chấp nhận được Oppo, quá nóng."
0,"Mình đã dùng anywhere thế hệ đầu, quả là đầy thất vọng, hiện tại đang vứt xó. Giá thì đắt, ngốn pin như ăn gỏi, nặng"
0,"Công nhận xấu, xấu hơn dòng Z nhiều"
0,Mới ăn thử pizza ở đây mà thấy chua lè cực kỳ.
1,"Dẫn đồng nghiệp đi ăn gà rán, bạn bè khen giòn."
0,Mua Huawei về dùng thử mà thấy tệ quá.
0,Lỗi tùm lum mà suốt ngày nâng cấp
0,"Con AirPods này dùng mờ, pin hết pin nhanh."
1,"Con này lúc mới giới thiệu giá là 4tr5-5tr vậy mà về VN giá chỉ có 4tr5. Cấu hình ổn, camera ngon, thiết kế cũng đẹp hơn mấy bản trước, pin 5000mAh quá trâu rồi. em này quá ngon trong tầm giá."
0,Mới mua con Asus này về mà thấy loạn cực kỳ.
1,Quán này vịt quay là tươi nhất rồi.
1,"Mới ăn thử pizza ở đây, vị hấp dẫn lắm luôn."
1,"Dẫn em gái đi ăn bún chả, em trai khen ngon."
1,"Món vịt quay ở quán này hấp dẫn cực kỳ, ăn mấy ngày vẫn ghiền."
1,"Mình rất hài lòng với Sony, sạc tốt, ổn định."
0,Mới ăn thử hải sản ở đây mà thấy dở cực kỳ.
1,"Mình rất hài lòng với iPad, cấu hình hoàn hảo, mượt."
1,"Macbook xuất sắc quá, xài vài hôm rồi vẫn ok lắm."
1,Thiết kế này cực kỳ đỉnh
0,Tần số quet thấp quá
1,"Món cà phê ở quán này đặc sắc cực kỳ, ăn vài hôm vẫn ghiền."
0,"Vivo lỗi quá, xài một tuần là thấy kém quá."
0,"Không thể chấp nhận được Surface, quá mờ."
1,"Mình rất thích nem cuốn ở đây, quán phục vụ sạch sẽ, đồ ăn ngon tuyệt."
0,Sản phẩm ít tuyệt vời
1,"Con Nokia này dùng ấn tượng, pin tốt."
0,"Món mì quảng vị đắng, không đáng tiền tí nào."
1,"Không có gì để chê ở Dell, quá đáng tiền."
0,Chất lượng chả mát
0,Mới mua con iPhone này về mà thấy nóng cực kỳ.
1,"Không có gì để chê ở món nem cuốn này, quá béo."
1,"Không có gì để chê ở Acer, quá mượt mà."
0,Màn hình rất chậm
0,Với tầm giá này mà Vivo xấu vậy là không đáng tiền.
0,"lần trước COD mình khui hàng ngay chổ viettelpost luôn. và kết quả là thiếu sạc dự phòng xiaomi 10000mAh 259k. và mình ko chịu nhận. may mà COD chứ trả tiền rồi... biết kêu ai.... khi mình liên hệ TCS thì bảo là chuyển đủ hàng, rồi bảo do Viettel chuyển hàng bị mất sạc. nếu bạn không COD thì lúc này ai chịu? vì cửa hàng nói là chuyển đủ hàng rồi đó. không lẽ bạn kiện viettel... cái này là hạt bụi kiện vũ trụ đó."
1,"IPhone bây giờ cũng chịu học theo Sony Z3,Z5 của mình rồi hay wá ko có phím Home, như vậy lúc xem phim màn hình sẽ rộng ra đc một phân :)"
1,"iPhone phù hợp quá, xài vài tháng rồi vẫn tốt."
1,Nói vậy là Apple vẫn nhất chỉ cần 2G mà các đối thủ 4G xách dép chạy không kịp
0,"Gia vị món bún chả quá ôi, ăn không vô."
0,Mới mua con Nokia này về mà thấy lag cực kỳ.
0,Mới ăn thử bánh xèo ở đây mà thấy mặn cực kỳ.
1,xài Pin thấy hoàn toàn tốt
0,Dẫn bạn bè đi ăn pizza mà chồng chê đắng quá.
1,"Dẫn vợ đi ăn nem cuốn, bố khen tuyệt vời."
1,"Apple Watch thiết kế tốt, hiệu năng dùng rất sướng."
1,"Dẫn mẹ đi ăn vịt quay, chồng khen rất ngon."
1,"Mua Xiaomi cho người yêu dùng, con khen bền."
0,"Món cà phê ở quán này chua quá, ăn cả tuần là thấy khô khốc."
1,Giá rẻ thế
1,"Vivo thiết kế đẹp, vân tay không lỗi lầm."
0,Mới mua con Oppo này về mà thấy chậm cực kỳ.
0,Mới ăn thử phở ở đây mà thấy không tươi cực kỳ.
0,"Haiz, bảo mật để làm gì? Trong khi phần lớn người tiêu dùng phổ thông cần đến là ngon, bổ và rẻ, đang chờ cập nhật OS 10.3.3 cho con Z30 mà đã leo cây cả tháng rồi, có ai như tui không?"
0,"Android nào lag thế? Chắc lấy mấy con ghẻ lở đời cũ ra để nói, chứ mấy con đời 2015 RAM 2GB trở lên là chả sợ lag. Dùng WP thì chỉ có hối hận thôi"
1,"Món gỏi cuốn ở quán này rất ngon cực kỳ, ăn vài tháng vẫn ghiền."
0,"Không thể chấp nhận được món pizza này, quá ngấy."
1,"Mới ăn thử cà phê ở đây, vị ngon miệng lắm luôn."
0,Mua HP về dùng thử mà thấy nóng quá.
1,"Huawei GR5 thiết kế đẹp, cam khủng nữa thì quá tuyệt"
0,"Mình rất thất vọng với mì quảng, nước dùng ngấy, đồ ăn không đáng tiền."
1,"Dẫn mẹ đi ăn phở, người yêu khen ngon miệng."
1,"Mới ăn thử bún bò ở đây, vị ngon tuyệt lắm luôn."
1,"Không có gì để chê ở món gà rán này, quá sạch sẽ."
0,Dẫn em trai đi ăn vịt quay mà bố chê quá kém quá.
0,Dịch vụ chưa ngon
0,"Món bún chả vị mặn, không đáng tiền tí nào."
1,"Món pizza ngon hết sẩy, gia vị béo."
1,Hồi hợp mong chờ siêu phẩm ra mắt!
1,Quán này gà rán là béo nhất rồi.
0,Mới ăn thử cơm tấm ở đây mà thấy tanh cực kỳ.
0,"Món pizza ở quán này chua quá, ăn cả tuần là thấy nguội ngắt."
1,"Mới tậu con iPhone này về, ấn tượng cực kỳ luôn."
0,"Mình rất thất vọng với mì xào, phục vụ chán, đồ ăn mất vệ sinh."
0,"Sennheiser thì đầy con cho chất âm quá tệ so vỡi giá tiền, chỉ được cái tiếng"
1,"Mới tậu con Surface này về, đẹp cực kỳ luôn."
0,Dự là doanh số lại hẻo với cái giá trên trời đó. Tin tôi đi cuối năm nay ko quá 10 củ
1,"ngày trước dùng con Vodafone 703sh thật là chất , nói chung điện thoại của Nhật kiểu dáng rất là chất"
0,Mới mua con Oppo này về mà thấy nóng cực kỳ.
1,màu xanh sẽ tạo ra sự khác biệt cho dòng điện thoại ip vs các hãng khác. ns chung là đẹp xuất sắc
1,"Không có gì để chê ở Realme, quá phù hợp."
1,"Mới ăn thử vịt quay ở đây, vị chuẩn vị lắm luôn."
0,"Màn hình SS rất tệ, vừa hết bảo hành là bị sọc ngang (hư ic chỉnh quét ngang) không thể sửa được. Thay màn hình gần giá nguyên chiếc. Nản! Rất nhiều người mua bị như vậy."
0,Chính xác là nhái Xiaomi. Mua cục Xiaomi 10400mAh giá chỉ bằng một nửa
1,"Không có gì để chê ở món gỏi cuốn này, quá béo."
0,"Đã đặt cọc oppo f1s nhưng sau khi xem bản demo máy đã quyết định hủy cọc vì thấy màn hình hd hiển thị ko tốt, màn hình sáng nhưng chói rất khó chịu. Khi mở trang web có nền trắng thì thấy màn hình bị ngả sang màu đỏ (ám đỏ) sự khác biệt thấy rõ khi so sánh với cái sony XA có cùng mức giá và độ phân giản màn hình. Nói chung ko nên mua f1s"
1,dùng Pin thấy hoàn toàn tuyệt vời
1,"Mới tậu con Xiaomi này về, sắc nét cực kỳ luôn."
1,"Mình rất thích vịt quay ở đây, quán phục vụ hấp dẫn, đồ ăn ngon tuyệt."
1,"Mình rất thích bánh xèo ở đây, quán phục vụ cuốn hút, đồ ăn tuyệt vời."
1,"Asus xuất sắc quá, xài một tháng rồi vẫn rất tốt."
0,"Món nem cuốn ở quán này khô quá, ăn vài tháng là thấy quá tệ."
0,"Ip ngày quá tệ, máy hay bị đơ haiza"
0,Mới ăn thử gỏi cuốn ở đây mà thấy quá kém cực kỳ.
1,"Vivo đáng tiền quá, xài một tuần rồi vẫn không bị lag."
0,"Mình rất thất vọng với Nokia, loa nặng, hay bị không xài được."
0,Cái này ra cạnh tranh với Mixao được chứ Oppo thì không có cửa rồi vì quá xấu.
1,"Huawei thiết kế ngon lành, chip đẹp."
1,"Mình rất thích bánh mì ở đây, quán phục vụ cuốn hút, đồ ăn tươi."
0,"Gia vị món cơm tấm quá không tươi, ăn không vô."
1,đẹp thế
1,"Món bánh mì vị cuốn hút, decor làm rất rất ngon."
0,Điện thoại TQ không dùng vì: các thông tin cá nhân không biết sẽ về đâu? Hãy cảnh giác với hàng TQ.
1,"Món nướng vị đậm đà, đồ ăn làm rất ngon."
1,"Món hải sản ngon hết sẩy, gia vị xuất sắc."
1,Quán này nem cuốn là cuốn hút nhất rồi.
1,"Không có gì để chê ở món trà sữa này, quá hấp dẫn."
0,Mua iPad về dùng thử mà thấy xấu quá.
1,"Không có gì để chê ở Nokia, quá ngon lành."
1,"Mới tậu con Lenovo này về, ổn định cực kỳ luôn."
1,"Mới tậu con Samsung này về, nhanh cực kỳ luôn."
0,"Mình rất thất vọng với Asus, màn hình kém, hay bị vô dụng."
0,Điện thoại quá nhanh hỏng
1,Quán này vịt quay là tuyệt vời nhất rồi.
0,bọn tcs như shit. thông tin bảo hành thì nó bảo ghi trên thẻ bảo hành. thẻ bảo hành gửi cho mình thì ko ghi cái gì nên chả biết thế nào. Thế chuẩn của nó là bh 6 tháng hả bác
0,Mình là fan ss nhưng con này ko biết để làm j ?
1,"Mua Xiaomi cho mẹ dùng, đồng nghiệp khen bền."
1,Với tầm giá này thì Nokia là mỏng nhất rồi.
0,"Macbook kém quá, xài hơn nửa năm là thấy chán hẳn."
1,"Dẫn bạn bè đi ăn gỏi cuốn, em trai khen rất ngon."
1,"Món nướng ngon hết sẩy, gia vị đặc sắc."
1,Đang dùng note5 thấy quá tuyệt vời nhưng vẫn hóng note7.
1,Camera này thật sự mượt mà
1,"windown phone dùng rất ngoan, ứng dụng giờ cũng khá nhiều, HĐH khá mượt, kết là dùng lâu dài không bị chậm, tôi dùng HĐH windoen phone được 3 năm nay, không sai lầm khi dùng HĐH này. rất hay."
0,Bình cũ ruợu cũ giá trên trời
0,"Không thể chấp nhận được món nướng này, quá khét."
0,"quả này lại bị iphone móc túi nữa rồi, 16 G giờ chỉ để nghe với gọi"
1,"Giá ổn thật, định cố thêm tiền mua ip nhưng mà thích em này quá rồi"
1,"Không có gì để chê ở món mì quảng này, quá ngon miệng."
0,Màn hình ít xuất sắc
0,"Món kem vị ôi, không đáng tiền tí nào."
1,Loa này khá mượt mà
0,cho ko them
1,TV bự coi đá banh mới sướng. Quất em Samsung 48JU6000 quả không hối hận.
1,Quán này mì xào là sạch sẽ nhất rồi.
1,"Mình rất hài lòng với Apple Watch, pin ổn định, không lỗi lầm."
1,Quán này pizza là ngon tuyệt nhất rồi.
1,"Bạn về quê rút cây bút chọc chọc nửa ngày xem mấy người biết Note 5 là gì? Trong khi rút 5s ra nghe gọi 2 phút ai cũng biết hàng Apple và khen sang thế, nghe rất sướng"
1,"Mới tậu con iPad này về, tốt cực kỳ luôn."
1,Thực sự phê. Tiếc là mình bình dân nên chưa mua được.
1,"HP thiết kế sắc nét, cấu hình vẫn mượt."
1,Màu sắc qua tuyệt. Mong mod có bài so sanh vs s7 và thử ở điều kiện thiếu sáng cũng như chụp đêm. Thanks
1,Canon là vô địch
0,Mới ăn thử bánh xèo ở đây mà thấy chua cực kỳ.
1,"Macbook thiết kế hoàn hảo, cấu hình trâu."
1,"Mới ăn thử nem cuốn ở đây, vị ngon miệng lắm luôn."
1,"Mới ăn thử cà phê ở đây, vị thơm lắm luôn."
1,"Dell thiết kế mỏng, bộ nhớ ổn định."
1,Đang nói phơi sáng mà b. Nếu chụp thường thì S7 ăn chắc
0,"Đắt mà cấu hình quá yếu luôn, làm được gì với cái cấu hình 1GB và 16GB lưu trữ ???Còn thua cả cấu hình con surface RT từ đời thủa nào nữa kìa, giá đó mua Lenovo, ASUS, HP tablet chạy win có cấu hình và chất lượng vượt trội hơn hẳn."
0,"Apple Watch không ổn quá, xài cả năm là thấy giật lag."
1,"Món trà sữa ở quán này giòn cực kỳ, ăn một tháng vẫn ghiền."
1,"Không có gì để chê ở món vịt quay này, quá ngon."
0,iPhone 7 nhìn vẻ nhàm rồi
1,gia re nhung tot
0,"Món bún chả vị nguội ngắt, không đáng tiền tí nào."
1,Chất lượng này cực kỳ tuyệt vời
1,"Mới ăn thử mì xào ở đây, vị đậm đà lắm luôn."
1,"Mới tậu con iPhone này về, sang trọng cực kỳ luôn."
1,"Không có gì để chê ở món nem cuốn này, quá ngon tuyệt."
0,em này giá như bên đài thì đỡ lăng tăng... về VN giá đội lên kinh khủng .... thiên đường có khác...
1,"Mình rất hài lòng với Huawei, bàn phím đáng tiền, vô đối."
1,"Mới tậu con Asus này về, mỏng cực kỳ luôn."
1,"Mua Apple Watch cho vợ dùng, bố khen ấn tượng."
1,"LG thiết kế nhanh, bàn phím đẹp."
1,Quán này lẩu là xuất sắc nhất rồi.
1,"iPhone thiết kế hoàn hảo, chip rất bền."
0,Mua Sony về dùng thử mà thấy quá chán quá.
1,"Dẫn đồng nghiệp đi ăn lẩu, con khen giòn."
1,Màn hình này quá xuất sắc
0,"Không thể chấp nhận được iPhone, quá giật."
1,Galaxy Note 7 đẳng cấp là đây
1,S7 quá đẹp ....
0,"Mình rất thất vọng với Apple Watch, sạc bình thường, hay bị rất tệ."
0,Mới ăn thử phở ở đây mà thấy ôi cực kỳ.
1,Với tầm giá này thì iPad là hoàn hảo nhất rồi.
1,"Món nướng ngon hết sẩy, gia vị hấp dẫn."
0,"Món hải sản vị dở, không đáng tiền tí nào."
0,"Món trà sữa ở quán này khét quá, ăn cả năm là thấy nhạt nhẽo."
1,xài Máy thấy thật sự bền
0,"Không thể chấp nhận được Realme, quá đơ."
1,"Dẫn bố đi ăn bún chả, bố khen chất lượng."
1,"Món hải sản vị xuất sắc, không gian làm rất hấp dẫn."
0,"Không thể chấp nhận được món gỏi cuốn này, quá mặn."
0,"Không biết bác xài sao chứ e xài smart tv của samsung mà thấy vô app cái là nó đứng, lag tắt phím nguồn cũng ko được toàn phải rút dây điện. Mà bị hoài, biết vậy mua cái android box gắn vô xài cho rồi. Mua smart tốn tiền mà xài thêm rước bực vào thân. Đc cái remote của tv samsung đẹp :)"
1,"Mình rất thích gỏi cuốn ở đây, quán phục vụ ngon, đồ ăn thơm."
0,Máy cực kỳ nhanh hỏng
0,Nhìn như Lumia...Thất vọng nếu IP làm như hình
0,"Acer lỗi quá, xài một tháng là thấy mất sóng."
0,toàn ba cái ứng dung mang từ đt sang thì mua thêm cái này làm khỉ gì
1,Pin này quá ngon
1,"Không có gì để chê ở món phở này, quá giòn."
0,Với tầm giá này mà Realme tệ vậy là không đáng tiền.
1,"Không có gì để chê ở món nướng này, quá tuyệt vời."
1,Phải sắm ngay iem LG thôi
1,"Mình rất thích hải sản ở đây, quán phục vụ vừa miệng, đồ ăn quá đã."
0,Pin con này đủ dùng 1 ngày ko mấy bác. Đang dùng xp màn 4 inch pin 1300 đã hẻo em này còn hẻo hơn.
1,"Đẹp, mình vẫn kết máy của HP."
1,9.3.2 rất muot.minh rất hài lòng
0,"Con Huawei này dùng lỗi, pin rất tệ."
0,"Màn hình 5,5' pin có 3300mAh mà đòi dùng 2 ngày, thật không thể tin nổi,chắc bán cho người adùng thỉnh thoảng lướt web, fb .... thì mới trụ đc đến 2 ngày."
1,"Mình rất hài lòng với LG, thiết kế sắc nét, tuyệt vời."
1,"Mới tậu con AirPods này về, tốt cực kỳ luôn."
0,"Oppo thiết kế mờ, camera thì không đáng tiền."
0,"Không thể chấp nhận được Sony, quá xấu."
1,"Dẫn vợ đi ăn pizza, chồng khen chuẩn vị."
0,Mua HP về dùng thử mà thấy tệ quá.
1,"chờ laptop Xiaomi ra rồi xúc. ngon, bổ, rẻ"
0,"Không thể chấp nhận được món bánh xèo này, quá chua."
0,"Sony quá tệ quá, xài vài tháng là thấy vô dụng."
1,"Dell thiết kế nhanh, bộ nhớ trâu."
1,"Con Samsung này dùng nhẹ, pin rất bền."
1,"Món hải sản vị béo, nước dùng làm rất chuẩn vị."
0,"Không thể chấp nhận được món bánh mì này, quá khô."
0,"Nó quá đẹp, tối qua ông bạn khoe mua được Iphone 6, chụp thử ảnh buổi tối trong nhà, đủ sáng mà nhiễu quá. Chán luôn."
0,Mới ăn thử lẩu ở đây mà thấy khô cực kỳ.
0,"Món cơm tấm vị mặn, không đáng tiền tí nào."
1,"Món sushi ở quán này rất ngon cực kỳ, ăn cả năm vẫn ghiền."
0,"BB có hệ đièu hành hìan hảo nhueng khổ nỗi apps quá tệ và cái nào cũng bị tính phí, thậm chí instagram, facebook... đã thế thanh toán xong vẫn ko hoạt động được. Tôi mua apps 2 lần, làn nào cũng vậy - nản 1. Tải apps qua snap thì ko dùng được toàn bộ tính năng của apps, như viber thì ko nghe gọi được, uber thì cứ quay thôi là... BB passport. Nếu bạn nào có ý định dùng qwerty thì cân nhắc nhez. Apps bây giờ chỉ hỗ trợ fulltouch.Mình thích BB lắm nhưng với sản phẩm như hiện giờ thì chẳng hiểu BB sẽ đi đâu. Mỗi BB10 thôi đã ko đỡ được, giờ còn chạy dkng song cả 2. Nửa vời thế nào ấy! Passport mà có viết giống của SS Note và cải thiện phần apps nữa là ko cái dth nào đáng mơ ước như Passport..."
1,"Thích mấy thiết kế của samsung ấy, đẹp, hợp xu hướng"
0,Camera khá tệ
1,"Mua Oppo cho em gái dùng, em gái khen mạnh."
1,"Món bún bò ngon hết sẩy, gia vị tươi."
0,"Không thể chấp nhận được Xiaomi, quá nóng."
1,"Oppo thiết kế tuyệt vời, bộ nhớ không bị lag."
0,"Đã dùng z3,mua mới tinh,sau gần 1 tháng màn hình bị bong,há ngoác ra."
1,Quán này lẩu là tuyệt vời nhất rồi.
0,"Món phở ở quán này thiu quá, ăn một tuần là thấy quá tệ."
0,giá cao quá
0,Mua Surface về dùng thử mà thấy chậm quá.
1,"Mình rất thích bún chả ở đây, quán phục vụ tươi, đồ ăn chất lượng."
1,"Không có gì để chê ở iPhone, quá mỏng."
0,Camera chưa ngon
0,"Mình rất thất vọng với Oppo, loa không ổn, hay bị chậm vãi."
1,Cuc manh luon
1,Với tầm giá này thì AirPods là ổn định nhất rồi.
1,"Dẫn bạn bè đi ăn gà rán, bạn bè khen chất lượng."
1,Điện thoại này hoàn toàn tốt
1,Ngon. Bo re
0,Mua Lenovo về dùng thử mà thấy giật quá.
1,"hy giá sẽ tốt hơn vào một vài tháng tới, quả là siêu phẩm :D"
0,Camera khá tệ
1,Màn hình này rất mát
0,"Máy tôi cũng vậy, đang xài iP 6S, nâng cấp lên pin hao quá mà lại nóng nữa. Huhu!"
0,"Không thể chấp nhận được iPad, quá lỗi."
0,Mới ăn thử gà rán ở đây mà thấy chán cực kỳ.
1,Sản phẩm này quá ngon
0,Dẫn em trai đi ăn bún bò mà đồng nghiệp chê không tươi quá.
1,Quán này trà sữa là thơm nhất rồi.
1,Tuyệt vời máy rẻ đên tay người nghèo
0,Mới ăn thử kem ở đây mà thấy chua lè cực kỳ.
1,Quán này phở là thơm nhất rồi.
0,"Không thể chấp nhận được Macbook, quá mờ."
0,Xấu hơn iphone !
0,Mới mua con Samsung này về mà thấy lỗi cực kỳ.
0,Mới ăn thử sushi ở đây mà thấy khó ăn cực kỳ.
0,Một thất bại nữa của APPLE
0,"Món mì xào ở quán này ngán quá, ăn một thời gian là thấy mặn chát."
1,"Mới ăn thử cà phê ở đây, vị chuẩn vị lắm luôn."
1,"Mình rất thích gà rán ở đây, quán phục vụ ngon tuyệt, đồ ăn đậm đà."
1,Camera này cực kỳ bền
0,Ý tưởng thiết kế Iphone của ép-pồ lụi tàn! Quá nghèo!
1,"Dẫn em gái đi ăn lẩu, vợ khen đặc sắc."
1,"Vì iPad bền quá, xài 3-5 năm không hư thì làm sao mà mua mới , kankah"
0,Điện thoại chả xịn
1,"Thật tuyệt vời khi IP7 có màn hình 2K, IP quá đỉnh....nhưng sam đã là 4K , đỉnh của đỉnh."
0,Camera cực kỳ chán
1,Pin này thật sự đẹp
0,"Món cơm tấm vị khét, không đáng tiền tí nào."
1,"Mình rất hài lòng với iPad, wifi sắc nét, nhanh."
1,"Không có gì để chê ở AirPods, quá cao cấp."
1,Với tầm giá này thì Vivo là mượt mà nhất rồi.
0,Tôi sợ Sony lắm rồi
0,Giá quá xấu
0,"Món vịt quay vị tanh, không đáng tiền tí nào."
1,"Món bánh mì ngon hết sẩy, gia vị béo."
0,"Không thể chấp nhận được Realme, quá chậm."
0,tôi mới mua được 05 tháng mà bảo hành tới bốn lần rồi hãng này hành hạ tôi quá đủ rồi mong mọi người cùng cảm nhận
1,Ra hàng chính hãng tôi sẽ mua 1 chiếc để nghe gọi
0,Mới ăn thử pizza ở đây mà thấy ngán cực kỳ.
0,"Không thể chấp nhận được Acer, quá đơ."
0,Mua Acer về dùng thử mà thấy mờ quá.
1,Đặt làm 1 con mới được.
0,"Oppo loạn quá, xài một tuần là thấy nóng máy."
1,"Mới tậu con Dell này về, mạnh cực kỳ luôn."
1,Quán này kem là béo nhất rồi.
0,"Acer thiết kế quá kém, cấu hình thì giật lag."
1,Đẹp quá nhưng yêu dòng note mất rồi hóng tới T9 ra note 6.
1,Quá đẹp. Con quái vật công nghệ đã tỉnh giấc thật rồi.
0,1.6B thì tiền đâu mà mua :(
0,Mới ăn thử kem ở đây mà thấy ngấy cực kỳ.
1,Quán này cà phê là chuẩn vị nhất rồi.
0,"Mình rất thất vọng với lẩu, nước dùng nguội ngắt, đồ ăn quá ngấy."
0,"Món gà rán vị khó ăn, không đáng tiền tí nào."
1,"Không có gì để chê ở món bún bò này, quá cuốn hút."
0,Đắt quá.
1,"Mình rất hài lòng với Sony, hiệu năng nhanh, hoạt động tốt."
0,Nghe nói dòng K của asus rất tệ.
0,Camera khá yếu
0,"Mình rất thất vọng với Acer, cấu hình yếu, hay bị chậm vãi."
0,Camera quá tệ
0,"Không thể chấp nhận được món mì xào này, quá mặn."
0,"Nghe nói cái bút này chống được cả nước , chắc sẽ có nhiều bạn lặn dưới ao hồ vừa ghi chú , quả là một tính năng du thừa :))"
0,Chỉ là để nghe gọi có nhất thiết phải đắt thế không???
1,Quán này nướng là cuốn hút nhất rồi.
0,"Mình rất thất vọng với mì quảng, phục vụ quá kém, đồ ăn mặn chát."
1,"Không có gì để chê ở món gỏi cuốn này, quá tươi."
1,"Món trà sữa ở quán này vừa miệng cực kỳ, ăn cả tuần vẫn ghiền."
0,"Mình rất thất vọng với Lenovo, cảm ứng mờ, hay bị chán hẳn."
1,"Mình rất hài lòng với Samsung, chip tuyệt vời, không bị lag."
1,"Món trà sữa vị chuẩn vị, đồ ăn làm rất thơm."
1,Pin này vô cùng tuyệt vời
0,"Con Surface này dùng tệ, pin mất sóng."
0,"Xiaomi chán quá, xài vài tháng là thấy chậm vãi."
1,"Mình rất thích trà sữa ở đây, quán phục vụ ngon miệng, đồ ăn vừa vị."
1,Pin này thật sự hoàn hảo
0,"Mình rất thất vọng với vịt quay, nước chấm quá tệ, đồ ăn quá dở."
0,Mới mua con Huawei này về mà thấy quá kém cực kỳ.
1,"Mới tậu con Sony này về, phù hợp cực kỳ luôn."
1,Với tầm giá này thì LG là ngon lành nhất rồi.
1,"Mua Macbook cho em trai dùng, em trai khen đẳng cấp."
0,"Mình rất thất vọng với bún chả, nước dùng ngán, đồ ăn chua loét."
1,Với tầm giá này thì Dell là xuất sắc nhất rồi.
1,"Pin con này nó trâu lắm ạ, pin không bị gì gửi qua đó thay pin vẫn được ạ bác. Mà thay pin như vậy có còn chống vào nước được không ạ."
1,"Con Vivo này dùng ấn tượng, pin dùng rất sướng."
1,Với tầm giá này thì Samsung là cao cấp nhất rồi.
1,"Mình rất hài lòng với Nokia, màn hình hoàn hảo, nhanh."
1,"Món mì quảng ngon hết sẩy, gia vị ngon miệng."
1,"điện thoại samsung này còn mạnh hơn cả iphone thế hệ mới nhất, tuyệt vời."
1,"Mua Huawei cho chồng dùng, bạn bè khen đẹp."
0,Dẫn bố đi ăn lẩu mà mẹ chê quá dở quá.
0,Chất lượng ít tuyệt vời
0,"Món nem cuốn ở quán này đắng quá, ăn một tuần là thấy rất chán."
0,Cũng có suy nghĩ giống bạn. Đút 6s vào túi hơi cấn
1,Minh dang sai m8 thay rat dc.
0,Với tầm giá này mà Oppo chậm vậy là không đáng tiền.
0,ổ cứng dung lượng này thì một thời gian là đầy rất ức chế. mấy con này dùng cho cá nhân thì ko ổn roài. lấy con E200 của Asus cũng mỏng nhẹ vầy có ổ SSD ngon hơn
0,Thiết kế chưa ngon
0,Màn hình không êm
1,dùng Thiết kế thấy hoàn toàn bền
1,"Mình rất thích kem ở đây, quán phục vụ đậm đà, đồ ăn ngon."
1,"Mới tậu con Samsung này về, mạnh cực kỳ luôn."
1,"Món cà phê ngon hết sẩy, gia vị quá đã."
1,Với tầm giá này thì Sony là xuất sắc nhất rồi.
0,Sau lưng có cái mụn nhọt rõ to . Tổng thể thì đẹp nhưng nhìn cái camera rõ xấu .
0,"Mình rất thất vọng với LG, loa mờ, hay bị nhanh tã."
1,Với tầm giá này thì Vivo là mạnh nhất rồi.
0,"iPad lag quá, xài một tháng là thấy không đáng tiền."
1,"Realme cao cấp quá, xài suốt mấy tháng rồi vẫn ổn định."
0,"Món kem vị đắng, không đáng tiền tí nào."
1,"Mình rất hài lòng với Asus, bộ nhớ sang trọng, rất bền."
1,"Oppo thiết kế nhanh, pin tốt."
0,"Gia vị món mì quảng quá khét, ăn không vô."
1,"Món vịt quay ngon hết sẩy, gia vị sạch sẽ."
1,"Oppo cao cấp quá, xài một tuần rồi vẫn bình thường."
0,"Sony quá kém quá, xài một thời gian là thấy không đáng tiền."
1,Màu sắc khá trân thực chi tiết tốt duy có màu đỏ bị đẩy khá cao hoặc do màn hình s7 của mình bị rực đỏ. Mà truyền thông của sp này kém quá còn chưa biết máy đã bán ra chưa chỉ thấy s7 với 6s thôi. Ai bán 13.5 triệu m10 đi. Buồn cho htc tốt mà rất tiếc
1,"Món lẩu ngon hết sẩy, gia vị chuẩn vị."
0,"Gia vị món lẩu quá quá dở, ăn không vô."
1,"Không có gì để chê ở món gà rán này, quá đậm đà."
0,"Món nem cuốn ở quán này nhạt quá, ăn một thời gian là thấy nhạt nhẽo."
0,Chứ không phải IOS ngày càng nặng nề nên phải tăng RAM gấp để chạy hử?Nếu màn 2K chắc pin đã yếu nay còn yếu hơn nữa nhỉ :)
0,"Mình rất thất vọng với Dell, cảm ứng lag, hay bị không xài được."
1,"Món trà sữa ở quán này vừa miệng cực kỳ, ăn suốt mấy tháng vẫn ghiền."
0,"Mình rất thất vọng với bánh mì, phục vụ thiu, đồ ăn quá ngấy."
1,Với tầm giá này thì Apple Watch là ấn tượng nhất rồi.
1,Màn hình này vô cùng đẹp
0,Với tầm giá này mà Huawei đơ vậy là không đáng tiền.
1,Quá ngon 4k mà coi film thì quá chất
0,"Món nem cuốn vị ôi, không đáng tiền tí nào."
0,"Huawei lởm quá, xài một tháng là thấy sụt pin nhanh."
1,Quán này bánh mì là đặc sắc nhất rồi.
0,"Mình rất thất vọng với Sony, bàn phím quá chán, hay bị kém quá."
0,bác lên thử ios 9.3.1 xem nó phà phà dc ko? bấm vào cài đặt mà mãi một lúc nó mới vào dc.
0,Tôi có tiền không bao giờ mua điện thoại Xiaomi của trung quốc
0,"Đã xài IPS rồi là quyết ko quay lại TN đâu, chỉ muốn OLED thôi"
1,"Món cà phê ngon hết sẩy, gia vị sạch sẽ."
1,"Con Acer này dùng tuyệt vời, pin hoạt động tốt."
1,"Món gỏi cuốn ngon hết sẩy, gia vị tuyệt vời."
0,Mới mua con iPad này về mà thấy kém cực kỳ.
1,"Mình cũng như bạn nhưng không thấy hối tiếc gì vì cũng đã 5 năm cho một sản phẩm đến giờ vẫn không chịu hư là quá tốt,đang gom xiền lấy em 6s Plus đây"
0,Hao pin lắm bạn :( máy mình tuột vù vù đây trong khi 9.3 trước đó xài 2 ngày ( xem phim chơi game tẹt ga )
0,Mới mua con Acer này về mà thấy loạn cực kỳ.
1,"Món pizza ngon hết sẩy, gia vị thơm."
0,Mới mua con Realme này về mà thấy chán cực kỳ.
0,"Gia vị món cà phê quá thiu, ăn không vô."
0,"Món phở ở quán này quá dở quá, ăn vài hôm là thấy ôi thiu."
1,"iPad nhanh quá, xài một thời gian rồi vẫn tốt."
0,"Con LG này dùng quá kém, pin nóng máy."
0,Mua Dell về dùng thử mà thấy giật quá.
0,Sai lầm rồi samsung ơi...
1,Với tầm giá này thì Huawei là hoàn hảo nhất rồi.
0,"Mình rất thất vọng với Acer, cấu hình mờ, hay bị không đáng tiền."
0,Pin yếu thế thì không ổn với máy 6' rồi. Thà bỏ thêm tiền mua Galaxy A9 pro
0,"Mình rất thất vọng với pizza, món ăn khô, đồ ăn quá tệ."
0,"Món trà sữa ở quán này đắng quá, ăn một tháng là thấy mất vệ sinh."
0,cái gì cũng cao. mà ko bik chạy thế nào.
1,"Món lẩu ngon hết sẩy, gia vị đặc sắc."
0,Mua Surface về dùng thử mà thấy đơ quá.
0,"Con Apple Watch này dùng kém, pin quá chán."
0,Android mà RAM 1G thì thôi rồi. Lúc test thử nghiệm hay khi mới mở hộp kiểm tra ở tiệm thì còn thấy ngon ngon. Mang về dùng 1 tuần đi rồi thấy cái cảnh khổ sở. RAM 1G thì chỉ có thể là Windows phone thì may ra còn ổn.
0,Dẫn bố đi ăn bún chả mà em trai chê nhạt quá.
0,"Mình rất thất vọng với Samsung, màn hình quá kém, hay bị yếu xìu."
0,Mới mua con Nokia này về mà thấy không ổn cực kỳ.
1,"Samsung thiết kế đẹp, vân tay vẫn mượt."
0,"Mình rất thất vọng với Sony, loa giật, hay bị chán hẳn."
0,Váyn đề là 500usd thì về việt nam bán cho ai?
0,Mới ăn thử bánh xèo ở đây mà thấy nguội ngắt cực kỳ.
0,"Mình rất thất vọng với trà sữa, phục vụ ôi, đồ ăn đắt đỏ."
1,"Món bún bò vị ngon tuyệt, nước dùng làm rất vừa miệng."
1,"Mới ăn thử sushi ở đây, vị rất ngon lắm luôn."
0,Mua Lenovo về dùng thử mà thấy lỗi quá.
0,Dẫn đồng nghiệp đi ăn lẩu mà em gái chê mặn quá.
1,Với tầm giá này thì Macbook là bền nhất rồi.
1,"Mình rất thích nem cuốn ở đây, quán phục vụ cuốn hút, đồ ăn vừa miệng."
0,Với tầm giá này mà Sony bình thường vậy là không đáng tiền.
0,Bản dựng thì đẹp tuyệt vời còn bản chính thức thì ....
1,Galaxy và Note đang lên ngôi. Từ khi chuyển qua xài Samsung rất hài lòng.
1,"Mới tậu con LG này về, đáng tiền cực kỳ luôn."
0,"Asus quá kém quá, xài cả tuần là thấy không đáng tiền."
0,Dẫn con đi ăn cà phê mà vợ chê ngấy quá.
1,"Mình rất thích trà sữa ở đây, quán phục vụ cuốn hút, đồ ăn xuất sắc."
0,"Bảo mật nhất thế giới nhưng máy của em thì chỉ có vào mạng đọc báo thì cần gì nhất thế giới và đa số người dùng cũng vậy, muốn bảo mật thì tốt hơn hết là dùng con 1100"
1,Tivi màn hình cong đang được ưa chuông trên toàn thế giới..người ta đã nghiên cứu từ trải nghiệm thực tế
0,Với tầm giá này mà Vivo không ổn vậy là không đáng tiền.
0,Dẫn bố đi ăn pizza mà bạn bè chê quá kém quá.
1,"LG nhẹ quá, xài vài tháng rồi vẫn nhanh."
1,"Mình rất thích hải sản ở đây, quán phục vụ ngon tuyệt, đồ ăn cuốn hút."
0,"Xiaomi thiết kế yếu, hệ điều hành thì hết pin nhanh."
0,"Mình rất thất vọng với iPad, thiết kế chậm, hay bị hết pin nhanh."
0,Cả đời này tôi không báo giờ cầm đến ss vì ghét nhất camera lồi thấy gớm. Lồi ít hay nhiều vẫn là lồi.
1,"Mới tậu con Dell này về, tốt cực kỳ luôn."
1,trải nghiệm Màn hình thấy cực kỳ tốt
1,"Mình rất thích sushi ở đây, quán phục vụ rất ngon, đồ ăn chất lượng."
0,Mới mua con Huawei này về mà thấy kém cực kỳ.
0,Màn hình không hoàn hảo
0,"Không thể chấp nhận được Surface, quá lag."
1,"Đẹp, phải nói là rất đẹp! Từ khi mua lại mảng phần cứng của Nokia, Microsoft đã cho thấy tham vọng của họ lớn đến chừng nào, MS đang từng bước thoát ra khỏi ""lớp vỏ"" của 1 nhà chuyên sản xuất phần mềm."
1,"LG thiết kế mỏng, màn hình đẹp."
1,"ko xét về độ sáng Chỉ xét về màu sắc thì màu của em Xmax ""thật"" hơn S7 rất nhiều ko biết bài này có dìm S7 ko, dù biết rằng xưa giờ SS màu trên đt rất đẹp - mà khi xem trên máy tính thì ko đẹp và ảo bây giờ thì thấy rất rõ ràng"
1,Quán này cà phê là tươi nhất rồi.
1,Camera này vô cùng đẹp
1,"Món pizza ngon hết sẩy, gia vị vừa miệng."
0,"Con Huawei này dùng nóng, pin hết pin nhanh."
0,Dẫn bạn bè đi ăn pizza mà con chê thiu quá.
0,Thua 1100
0,"Món bánh xèo vị ngấy, không đáng tiền tí nào."
1,Quán này gỏi cuốn là sạch sẽ nhất rồi.
0,"Không thể chấp nhận được Xiaomi, quá lỗi."
1,"Món cơm tấm vị chất lượng, gia vị làm rất vừa miệng."
0,Với tầm giá này mà Vivo nặng vậy là không đáng tiền.
1,"Mua Realme cho mẹ dùng, đồng nghiệp khen ngon lành."
1,"Cái này nên mua, đẹp quá. Giải trí tốt, làm việc nhẹ được, đúng phong cách quý tộc. Cái này dành cho sếp, nhân viên thường phải làm việc thường xuyên thì phải dùng Win cho bỗ bã."
1,"Mua Asus cho bố dùng, em trai khen bền."
0,"Không thể chấp nhận được món mì xào này, quá tanh."
0,Mới ăn thử nướng ở đây mà thấy khét cực kỳ.
1,"Vừa mua em này cho con S6 nhà em, công nhận tốc độ nhanh kinh thật"
0,Lại có cả nắm virus đang ngủ đông trong ấy .
1,Với tầm giá này thì Macbook là tốt nhất rồi.
1,Điện thoại này thật sự êm
0,17 triệu ư? Với giá đó thì HTC tiếp tục chết!
1,"Món nem cuốn ngon hết sẩy, gia vị quá đã."
1,"Không có gì để chê ở món cà phê này, quá xuất sắc."
1,Quán này pizza là xuất sắc nhất rồi.
1,"AirPods phù hợp quá, xài cả năm rồi vẫn rất bền."
0,Dẫn con đi ăn hải sản mà chồng chê không tươi quá.
0,"""Táo"" cạn kiệt ý tưởng , không qua nổi 5S thần thánh !"
1,"Mới ăn thử bánh mì ở đây, vị tươi lắm luôn."
1,Máy này khá đẹp
0,"Hàng Trung Quốc , tôi không dùng , gia đình , người thân tôi không dùng"
0,Mới mua con LG này về mà thấy lag cực kỳ.
0,Thiết kế không bền
0,"Món bún chả ở quán này khó ăn quá, ăn mấy ngày là thấy nhạt nhẽo."
1,"Cỡ màn hình bự bự thì chọn mấy con samsung đó, coi nó nét căng, ko bị giật giật hay nhẽo hình như một số loại khác."
0,Quán này đồ ăn đắng vậy là không đáng tiền.
0,"Con Samsung này dùng kém, pin quá cùi."
0,Mua AirPods về dùng thử mà thấy kém quá.
0,Mua Vivo về dùng thử mà thấy mờ quá.
0,"Không thể chấp nhận được món kem này, quá khó ăn."
1,"Món nướng vị thơm, phục vụ làm rất chuẩn vị."
0,Không thể xấu hơn được nữa.
1,"Món cơm tấm vị chất lượng, decor làm rất tuyệt vời."
0,Màn hình hơi kém
1,"Mua Sony cho bố dùng, vợ khen ổn định."
0,con mobiistar chụp raw còn đẹp chứ ảnh jpg trông xử lí thấy gớm
1,"Dẫn con đi ăn gỏi cuốn, chồng khen chất lượng."
1,"Mới ăn thử vịt quay ở đây, vị quá đã lắm luôn."
0,"Mình rất thất vọng với gà rán, topping nguội ngắt, đồ ăn dai quá."
1,"Mới ăn thử phở ở đây, vị thơm lắm luôn."
1,"Mua Surface cho con dùng, vợ khen nhẹ."
0,"Mặt sau giống ss nút home cũng giống ss , htc hết ý tưởng rồiGiá cao hơn con S7 kiểu này ế lại xả hàng thôi"
1,"Món cơm tấm vị béo, phục vụ làm rất đặc sắc."
1,Với tầm giá này thì Lenovo là nhanh nhất rồi.
0,camera đã xấu nay còn xấu gấp đôi...
0,Mới mua con Samsung này về mà thấy yếu cực kỳ.
0,"Con Acer này dùng nóng, pin quá đơ."
0,Dẫn người yêu đi ăn sushi mà bạn bè chê chán quá.
0,Mạng khá cùi
0,"Mình rất thất vọng với Nokia, camera mờ, hay bị chậm vãi."
0,Thiết kế thật sự chậm
1,"Mình rất hài lòng với LG, wifi xuất sắc, vô đối."
0,"Mình rất thất vọng với bún chả, decor khét, đồ ăn quá dở."
0,"Không thể chấp nhận được món hải sản này, quá nhạt."
1,"Món cà phê vị ngon tuyệt, đồ ăn làm rất vừa vị."
0,"Realme lởm quá, xài vài tháng là thấy yếu xìu."
1,Quán này bánh mì là hấp dẫn nhất rồi.
0,"Thiết kế đẹp...nhưng android mà ram 1GB thì chán lắm,giật tung toé."
0,Với tầm giá này mà Xiaomi loạn vậy là không đáng tiền.
0,Mua Macbook về dùng thử mà thấy quá tệ quá.
0,"Không thể chấp nhận được món hải sản này, quá khét."
0,"Asus nóng quá, xài một tháng là thấy giật lag."
0,Giá cực kỳ nhanh hỏng
0,"Lenovo thiết kế lag, vân tay thì không đáng tiền."
1,Đẹp quá..!
1,Đợi em nó từ lâu rồi. anh sẽ cưới em nhỏ nhắn đáng yêu này.
1,"Mua Surface cho bạn bè dùng, em gái khen nhẹ."
0,"thế thì quất thôi, chứ con miband 1s của e bên ios hỗ trợ tệ quá ko có chức năng j"
1,Con này chưa biết độ bền thế nào ( mới xài hơn 2 tháng) nhưng thấy rất ok chỉ hơn 100k mà chất lượng hơn cả mong đợi. Các bác nhớ cắm cục nguồn 1A thôi nha 2A ko đảm bảo.
1,"Rất hữu ích, những người làm việc văn phòng nên mua khi hạ giá"
1,Quán này gà rán là vừa miệng nhất rồi.
0,Giá hơi chậm
1,Quán này mì xào là tươi nhất rồi.
1,"Mới ăn thử gà rán ở đây, vị thơm lắm luôn."
1,"Mình rất hài lòng với AirPods, bàn phím ngon lành, mượt."
1,"Không có gì để chê ở món lẩu này, quá ngon tuyệt."
1,"Không có gì để chê ở món gà rán này, quá ngon tuyệt."
0,"Gia vị món hải sản quá tanh, ăn không vô."
1,"Nokia ấn tượng quá, xài hơn nửa năm rồi vẫn vô đối."
0,"Macbook thiết kế lởm, màn hình thì quá cùi."
0,Với tầm giá này mà iPad lag vậy là không đáng tiền.
1,"Dẫn con đi ăn bún bò, vợ khen béo."
0,Sự suy tàn của Apple... nhìn thấy Nokia xuống đà thì Apple cũng đi theo thôi.
1,Vừa mua xong quá đẹp
0,"Tuyệt đối không nên mua tivi của Samsung. Cách đây 2 năm mình mua tivi Samsung 40 inches, UA40F5000ARXXV, bảo hành 2 năm, vừa hết 2 năm 1 tháng là tivi bị hư dàn đèn led, phải mang đi sửa mất 2,5tr"
0,"Mình rất thất vọng với hải sản, gia vị ngấy, đồ ăn chán phèo."
0,"Món vịt quay ở quán này nhạt quá, ăn vài tháng là thấy chán phèo."
1,"Macbook tuyệt vời quá, xài hơn nửa năm rồi vẫn tốt."
1,"Mình rất thích mì xào ở đây, quán phục vụ vừa vị, đồ ăn cuốn hút."
1,Quán này bún chả là cuốn hút nhất rồi.
0,"iPhone loạn quá, xài một tuần là thấy lag lòi."
1,Thiết kế này khá tốt
0,Với tầm giá này mà Huawei chậm vậy là không đáng tiền.
1,Với tầm giá này thì Sony là ổn định nhất rồi.
1,Với tầm giá này thì Oppo là cao cấp nhất rồi.
1,"Không có gì để chê ở món pizza này, quá ngon."
0,Mua iPad về dùng thử mà thấy bình thường quá.
1,"Vivo nhẹ quá, xài hơn nửa năm rồi vẫn ok lắm."
0,Thiết kế chả tốt
1,"Apple Watch mạnh quá, xài mấy ngày rồi vẫn mượt."
0,Dẫn vợ đi ăn mì quảng mà người yêu chê quá dở quá.
0,Mới mua con Huawei này về mà thấy chán cực kỳ.
0,"Không thể chấp nhận được Huawei, quá lag."
1,"Không có gì để chê ở món bánh xèo này, quá đặc sắc."
0,Điện thoại thật sự dở
0,Mới ăn thử nem cuốn ở đây mà thấy nguội ngắt cực kỳ.
0,Hốt thì có..... thấy oppo là mệt mỏi.
0,"Gia vị món mì quảng quá quá tệ, ăn không vô."
1,Máy này vô cùng hoàn hảo
1,"Mình rất hài lòng với Macbook, loa sang trọng, nhanh."
0,"Mình rất thất vọng với mì xào, nước chấm khó ăn, đồ ăn khô khốc."
0,"Từ khi Steve Jobs qua đời, cái Iphone và hệ điều hành IOS bị Tim Cook biến hóa khôn lường, chắc Apple đã hết ý tưởng cho các thế hệ Iphone mới rồi"
1,Nhìn hoàn thiện có vẻ đc nhỉ
0,"Gia vị món lẩu quá khó ăn, ăn không vô."
1,Thấy ok rồi đó
0,"Acer thiết kế quá tệ, camera thì chậm vãi."
1,"Dẫn người yêu đi ăn bánh mì, con khen ngon tuyệt."
0,"Xong rồi, hợp tác với TCL coi như ném thương hiệu xuống sông."
1,"Oppo xuất sắc quá, xài một tháng rồi vẫn bình thường."
1,Điện thoại này thật sự ngon
0,"iPad thiết kế lỗi, màn hình thì vô dụng."
0,Với tầm giá này mà iPhone chậm vậy là không đáng tiền.
0,Mới ăn thử lẩu ở đây mà thấy thiu cực kỳ.
0,"Mình rất thất vọng với mì xào, decor chua, đồ ăn khó nuốt."
0,Mới ăn thử bánh mì ở đây mà thấy không tươi cực kỳ.
0,"Dell thiết kế chậm, hệ điều hành thì kém quá."
1,"Mình rất hài lòng với HP, pin xuất sắc, tuyệt vời."
1,Chất lượng này vô cùng tốt
1,"lên 1.90 đi bác, bảo đảm pin chờ và cam chụp tốt khá bất ngờ luôn. Mình đang dùng Rom Viper10 bản mod đủ thứ mà pin quá đã."
1,cũng đc
1,"Mới tậu con Nokia này về, nhẹ cực kỳ luôn."
1,Loa này thật sự đẹp
1,"Apple Watch tốt quá, xài một thời gian rồi vẫn vẫn mượt."
0,"Không thể chấp nhận được món nướng này, quá ôi."
1,"Asus ổn định quá, xài suốt mấy tháng rồi vẫn ok lắm."
0,"Không thể chấp nhận được HP, quá lag."
1,Quán này gà rán là quá đã nhất rồi.
0,Với tầm giá này mà iPhone yếu vậy là không đáng tiền.
0,"Mình rất thất vọng với bún bò, đồ uống quá kém, đồ ăn khó nuốt."
1,Với tầm giá này thì Sony là phù hợp nhất rồi.
1,"Dell thiết kế hoàn hảo, chip bình thường."
1,Giá quá ngon máy đẹp bền cấu hình cao
0,"iPad quá tệ quá, xài một tháng là thấy nóng máy."
0,"Món cơm tấm vị chán, không đáng tiền tí nào."
1,hàng ngon thời thượng
1,"Con Apple Watch này dùng mạnh, pin dùng rất sướng."
0,"Con Realme này dùng tệ, pin rất tệ."
1,"Mình rất hài lòng với Surface, camera đáng tiền, hoạt động tốt."
1,Diem + cho ifone 7 la bo dung luong 16gb va thay the bang 32gb
0,Xấu... xấu... xấu... quá xấu!
1,"Dẫn chồng đi ăn gà rán, người yêu khen đặc sắc."
0,"Gia vị món nem cuốn quá đắng, ăn không vô."
0,Camera chưa xuất sắc
0,Của TQ đó bạn. Mình k bao giờ cài pm đó. Nếu đã cài rồi thì gỡ cũng rất khó. Mình đã gỡ cho vài người bạn. Bạn nên xài avast thì tốt hơn.
0,"iPhone thiết kế tệ, vân tay thì vô dụng."
1,Sản phẩm này thật sự đẹp
0,"Mình rất thất vọng với vịt quay, món ăn chua lè, đồ ăn chua loét."
0,"Bác nào có cảm nhận giống mình ko vậy? Font chữ nhỏ, hiển thị trên trình duyệt font bị lỗi hay sao ấy mà khi gõ chữ trong tìm kiếm Google đều hiện chữ to chữ nhỏ nhìn rất khó chịu. Cảm nhận đầu tiên khi nâng cấp bản Win 10 Anniversary này là ko thiện cảm rồi. Hối hận khi update quá đi"
1,"Món mì xào vị ngon miệng, đồ ăn làm rất vừa miệng."
1,đẹp
0,"Sony thiết kế yếu, sạc thì quá chán."
1,"AirPods tốt quá, xài cả tuần rồi vẫn tuyệt vời."
0,"Con AirPods này dùng nóng, pin kém quá."
0,"Dell thiết kế bình thường, thiết kế thì nóng máy."
0,Thấy gớm
0,"Món mì xào vị khô, không đáng tiền tí nào."
0,Sản phẩm quá chậm
0,Máy ít xịn
0,mới ra tiệm tính mua test thử trên Z3 tối gốc nặng quá nên thôi đi về
1,"Món bún bò vị thơm, nước chấm làm rất vừa miệng."
0,Dẫn đồng nghiệp đi ăn bánh xèo mà con chê chua lè quá.
1,"Mua HP cho mẹ dùng, bạn bè khen tuyệt vời."
1,"Dẫn vợ đi ăn nem cuốn, em gái khen rất ngon."
1,"Món cà phê ở quán này tươi cực kỳ, ăn một tuần vẫn ghiền."
0,minh mua 1 cai gionee S5.5 duoc 5 thang hong khong biet sua ơ dau. cạch den gia luon
1,"Con Dell này dùng xuất sắc, pin phê lắm."
1,"Macbook thiết kế nhẹ, camera vô đối."
0,"Mình rất thất vọng với HP, màn hình lag, hay bị rất tệ."
1,thiết kế khá đẹp
0,Dẫn đồng nghiệp đi ăn bún chả mà bạn bè chê tanh quá.
1,siêu thị điện thoại bán đấy. Loại này nhỏ gọn dùng rất tiện lợi
0,"Gắn bó với 3 đời LG: LG G xách tay (mua hơn 10 tr): điểm chết màn hình, Gpro xách tay (hơn 8tr): mốc mà hình, LG G2 chính hãng(11tr) loạn cảm ứng. Nghe nói dạo này G4 còn bị bệnh chết main, thật ko thể hiểu nổi chất lượng hoàn thiện của LG nữa"
0,"Macbook bình thường quá, xài một tuần là thấy nóng máy."
1,cứ cả bộ cho chắc các bác ạ.nói chung con nào cũng ngon cả nhưng chụp fuji vẫn thích hơn.
1,"Dẫn bạn bè đi ăn pizza, em trai khen xuất sắc."
1,"Con Oppo này dùng ấn tượng, pin rất bền."
0,với tui nó là con virus không hơn không kém :))
0,Với tầm giá này mà Surface chậm vậy là không đáng tiền.
1,Ngày xưa mình hay đợi iphone mới ra mua bây giơ iphone không còn thu vi nữa... đang sài s7 edge rất thích mà giờ thấy NOTE 7 ngon wa chất phải đổi nữa wa...
0,Pin thật sự nóng
1,"Món gà rán vị thơm, decor làm rất vừa vị."
1,"AirPods sang trọng quá, xài mấy ngày rồi vẫn trâu."
0,Cứ cái kiểu bo bo tròn tròn như dòng iphone6 nhìn giống đồ nhựa. Xấu không thể tin được đó là thiết kế của Apple!
0,Mặt trước Bắt chước samsung nhiều quá. Phím home không cân xứng nhìn rất vô duyên.
0,"Không biết mọi người dùng thế nào, riêng tôi:-Hiệu năng thì được trong tầm giá-Pin 1,5 ngày với sử dụng bình thường, không nhiều tác vụ nặng-Sim 2 hay bị trục trặc. Máy tớ đã bị chết sim 2 sau khi mua 3 tháng. Giờ dùng 1 sim.Tổng thể ok so giá với hiệu năng đáp ứng tốt các nhu cầu giải trí và công việc."
0,Mới mua con Huawei này về mà thấy lỗi cực kỳ.
1,"Không có gì để chê ở món pizza này, quá vừa vị."
1,"Mới ăn thử trà sữa ở đây, vị xuất sắc lắm luôn."
0,"Gia vị món trà sữa quá khô, ăn không vô."
0,"Mình đã có hết những thứ này, trừ cái quạt vô bổ kia :(."
1,"Thế với giá tiền ấy bạn muốn thế nào? Âm thanh và hình ảnh thì quá ổn, riêng pin của lumia dù 2000mAh nhưng phải tương đương với 1 máy khoảng 3000~3500 của dòng máy khác. Còn vấn đề ứng dụng thì đương nhiên là do lựa chọn của mỗi người rồi, với những người ít thời gian giải trí thì lumia không phải là lựa chọn tốt, nhưng khi đã xác định nhu cầu của mình rồi và chọn lumia thì không có lý do gì lại ca thán về vấn đề ít nhu cầu giải trí, trong khi các phần mềm cơ bản lướt web, chat, xem phim, nghe nhạc cũng tạm đáp ứng được người dùng. Quan trọng là phải biết nhu cầu của mình đến đâu và cần ở mỗi dòng máy ứng dụng gì chứ không phải để khoe."
1,"Giá hấp dẫn quá, bác nào bán e đặt gạch luôn này"
0,Mới mua con Apple Watch này về mà thấy quá tệ cực kỳ.
0,"Gia vị món bún chả quá khó ăn, ăn không vô."
1,Với tầm giá này thì Macbook là đẳng cấp nhất rồi.
0,Dẫn con đi ăn hải sản mà em gái chê quá tệ quá.
0,"Món gà rán ở quán này chua lè quá, ăn hơn nửa năm là thấy nhạt nhẽo."
1,"Không có gì để chê ở Vivo, quá mượt mà."
0,Chất lượng ít xuất sắc
0,Y như lenovo vibe p1. Màn hình đã mờ còn bảo vệ mắt. Pin càng lớn nhìn dt càng thô chứ có j đâu.
1,"Món nem cuốn ngon hết sẩy, gia vị giòn."
0,Mình cảm thấy mầu hơi ảm đạm. Ko bằng trên Samsung S7
1,"Mới ăn thử nướng ở đây, vị chất lượng lắm luôn."
0,Chán Sony vì bảo hành lắm rồi
1,"Không có gì để chê ở Xiaomi, quá ngon lành."
0,Mới ăn thử mì xào ở đây mà thấy chua cực kỳ.
0,"Con AirPods này dùng giật, pin quá đơ."
1,"Món lẩu ở quán này hấp dẫn cực kỳ, ăn vài tháng vẫn ghiền."
1,"Món mì quảng ở quán này ngon tuyệt cực kỳ, ăn suốt mấy tháng vẫn ghiền."
0,"Không thể chấp nhận được món vịt quay này, quá quá kém."
1,"Món bún chả vị chất lượng, decor làm rất ngon tuyệt."
1,"Dell sang trọng quá, xài cả tuần rồi vẫn tuyệt vời."
0,"Không thể chấp nhận được HP, quá loạn."
1,xài Thiết kế thấy vô cùng xịn
1,Iphone 4s lên 9.3.2 chạy ầm ầm nè. Chỉ để nghe gọi thôi. Mua 6s plus để giải trí
1,Tuyệt đẹp và chất lượng.
0,"Sai lầm của HTC cứ lặp đi lặp lại là giá quá chát, lại ra sau các đối thủ... thật chẳng hiểu HTC sao không nhận ra điều đó"
1,"Không có gì để chê ở Macbook, quá xuất sắc."
1,"Mới tậu con Apple Watch này về, đẳng cấp cực kỳ luôn."
1,"LG tốt quá, xài vài tháng rồi vẫn dùng rất sướng."
0,"Gia vị món nem cuốn quá khét, ăn không vô."
1,"Con LG này dùng hoàn hảo, pin tuyệt vời."
1,"Tính ra con này còn ngon hơn cả Zen Laser. Sở hữu hầu hết các đặc điểm của Zen Laser mà còn thêm cả dung lượng pin cực lớn. Đảm bảo những người có công việc thường xuyên đi lại, gặp gỡ khách hàng sẽ thích ngay"
1,"Oppo sắc nét quá, xài vài hôm rồi vẫn trâu."
0,"Mình rất thất vọng với Asus, hiệu năng quá kém, hay bị lag lòi."
1,Với tầm giá này thì Huawei là nhanh nhất rồi.
1,Quán này bún chả là thơm nhất rồi.
0,Thiết kế chả xịn
0,Mới ăn thử phở ở đây mà thấy chua lè cực kỳ.
0,Với tầm giá này mà Vivo chậm vậy là không đáng tiền.
1,"Món nướng ngon hết sẩy, gia vị chuẩn vị."
0,Khong nen mua Sony.... che do bao hanh qua kem. Qua tiec cho mot thuong hieu Nhat.
0,"Macbook yếu quá, xài vài hôm là thấy nhanh tã."
1,Quán này cơm tấm là chuẩn vị nhất rồi.
1,"Vivo thiết kế tuyệt vời, bộ nhớ tốt."
0,"Mình rất thất vọng với Lenovo, bộ nhớ mờ, hay bị chậm vãi."
0,"Gia vị món hải sản quá ôi, ăn không vô."
0,Với tầm giá này mà Apple Watch quá tệ vậy là không đáng tiền.
1,"Món gà rán ở quán này quá đã cực kỳ, ăn vài hôm vẫn ghiền."
1,"Mới tậu con iPhone này về, mượt mà cực kỳ luôn."
0,"Con Sony này dùng quá kém, pin không xài được."
1,"Dẫn người yêu đi ăn nướng, mẹ khen quá đã."
1,"Mới ăn thử phở ở đây, vị giòn lắm luôn."
1,"Mua iPhone cho mẹ dùng, mẹ khen ngon lành."
0,"Món nướng vị chua, không đáng tiền tí nào."
0,Mới ăn thử kem ở đây mà thấy chán cực kỳ.
1,"Dẫn chồng đi ăn hải sản, mẹ khen tuyệt vời."
0,"Gia vị món bún bò quá chán, ăn không vô."
0,Mua Xiaomi về dùng thử mà thấy lỗi quá.
0,"Món bánh mì vị ôi, không đáng tiền tí nào."
0,"Vivo thiết kế đơ, chip thì chán hẳn."
1,"Realme cao cấp quá, xài suốt mấy tháng rồi vẫn bình thường."
0,Thiết kế hơi lag
1,Quán này cơm tấm là béo nhất rồi.
0,"Món vịt quay ở quán này tanh quá, ăn cả tuần là thấy không đáng tiền."
1,"Món bánh mì ngon hết sẩy, gia vị quá đã."
0,Mua Dell về dùng thử mà thấy lỗi quá.
0,"Realme không ổn quá, xài một tháng là thấy chậm vãi."
0,giá này thì ai mua nhễ
0,ĐỢI IP 8 RA RỒI MUA LUÔN CHO NÓ THAY ĐỔI KIỂU DÁNG CHỨ NHÌN KIỂU NÀY CHÁN QUÁ.....
0,"Con iPhone này dùng mờ, pin quá cùi."
1,Sản phẩm này khá mượt mà
0,Pin không tuyệt vời
1,"Không có gì để chê ở món vịt quay này, quá đặc sắc."
0,thế thì ko mua
0,"Đã đập Lumia730 vì cái góc không bo tròn, để nhọn, cầm đau lòng bàn tay. Nay thêm ông ngớ ngẩn"
0,"Macbook yếu quá, xài suốt mấy tháng là thấy loạn cảm ứng."
1,Với tầm giá này thì Samsung là sang trọng nhất rồi.
0,Với tầm giá này mà Apple Watch kém vậy là không đáng tiền.
0,"Mình rất thất vọng với phở, đồ ăn chán, đồ ăn quá dở."
1,Với tầm giá này thì Sony là tốt nhất rồi.
0,Mua LG về dùng thử mà thấy lỗi quá.
1,"Không có gì để chê ở Acer, quá bền."
1,Pin này thật sự đẹp
0,Sản phẩm ít mượt mà
0,"Huawei thiết kế chán, bộ nhớ thì quá đơ."
1,"hoho toàn các ông bần nông đi wai tàu ăn mỳ tôm đi chửi và bắt bẻ một người sử dụng AW với đầy đủ chức năng của nó đang sống ở Mỹ. anw nếu cái thanh toán điện tử ở VN tốt hơn nữa thì việc sử dụng AW ở nước mình quá tiện luôn. em cũng thích đi tập gym dùng một cái smartwatch như thế này hơn là phải vác theo một cái điện thoại đi, to và dễ rơi lắm - mà em lại ko thích xài cái dây buộc buộc vào bắp tay hay giắt đt vào đít )"
1,"Dẫn bạn bè đi ăn pizza, bố khen xuất sắc."
1,"Mới ăn thử vịt quay ở đây, vị tuyệt vời lắm luôn."
0,"Mình rất thất vọng với bún bò, gia vị khó ăn, đồ ăn rất chán."
1,"35F2 ạ, rẻ tiền, nhanh và êm nữa. Bokeh chắc không kém bạn 35F1.4 là mấy"
0,"Không thể chấp nhận được món vịt quay này, quá dở."
1,hì ngon
1,"Oppo thiết kế sang trọng, pin không lỗi lầm."
1,"Không có gì để chê ở Sony, quá mỏng."
1,"Món trà sữa ngon hết sẩy, gia vị đặc sắc."
1,"Tivi Hàn thì chọn SS.... nếu so sánh 2sp cùng phân khúc mới thấy SS đag tiền hơn LG. Hình ảnh ko nói vì mỗi hãng có 1 cộng nghệ, thuật toán riêng nhưng về cấu trúc thiết kế, vật liệu thiết kế thì SS lúc nào cũng chu đáo hơn!"
1,Dịch vụ này cực kỳ êm
0,"Món bún bò vị nhạt, không đáng tiền tí nào."
0,"Con Vivo này dùng quá tệ, pin không xài được."
0,Màn hình thật sự chán
1,note cang ngay cang dep
0,"Mình rất thất vọng với nướng, topping ngán, đồ ăn mất vệ sinh."
1,"Con Nokia này dùng đẹp, pin không nóng máy."
0,"Gia vị món cơm tấm quá khét, ăn không vô."
1,Trước tới giờ mình chỉ dùng DELL &amp; Asus. Hiện tại đang dùng Asus K46CA và khá hài lòng với những gì nó mang lại
1,"Rất hay, mong rằng thị trường sẽ có thêm nhiều sản phẩm sáng tạo made in Vietnam!"
0,"Vivo đơ quá, xài suốt mấy tháng là thấy sụt pin nhanh."
1,Quán này mì quảng là tuyệt vời nhất rồi.
0,"Không thể chấp nhận được iPad, quá kém."
1,"Mua Acer cho bố dùng, con khen đẹp."
1,Mua đi gần 8t thui. Mình là 1 trong những ng làm ra sản phẩm mình tự hào về sản phẩm này. Ko phải ai cũng có đủ tầm để sản xuất hàng loạt như samsung.
1,"Không có gì để chê ở Sony, quá ổn định."
0,"Không thể chấp nhận được món kem này, quá chua lè."
0,"Món gỏi cuốn vị tanh, không đáng tiền tí nào."
0,"Món nem cuốn vị khó ăn, không đáng tiền tí nào."
0,Điện thoại không tuyệt vời
1,"Dẫn bố đi ăn bún chả, người yêu khen quá đã."
0,Thất vọng!
1,"Món cà phê ở quán này tươi cực kỳ, ăn suốt mấy tháng vẫn ghiền."
1,nói chung là htc năm nay ổn rồi.chất lượng tổng thể ngon hơn hẳn các đời trước.
1,Huawei Matebook giá tốt máy ngon.
1,Mình có điện thoại Nokia 1280 đẻ nghe gọi và 1 máy bảng chạy khá nhanh để lướt web là tốt hơn vì không bị hại mắt!
1,"Con HP này dùng cao cấp, pin bình thường."
0,"Lenovo lỗi quá, xài cả tuần là thấy loạn cảm ứng."
0,"Không thể chấp nhận được món gỏi cuốn này, quá khó ăn."
1,"Mới ăn thử vịt quay ở đây, vị tươi lắm luôn."
0,Mua Vivo về dùng thử mà thấy lởm quá.
0,"Thực sự là ứng dụng đủ dùng nhưng mình cũng không thể chạy ngược xu thế, nhiều khi thấy mấy đứa bạn có những ứng dụng mà BB không cài được hoặc không dùng trơn tru...bực không thể tả, bỏ hơn chục chai có mỗi cái ứng dụng không sài được ức chế lắm bạn."
0,Úp cái tấm thớt lên mặt nói chuyện !
1,"iPhone thiết kế đẳng cấp, chip đẹp."
0,Với tầm giá này mà AirPods nóng vậy là không đáng tiền.
1,Với tầm giá này thì Vivo là mỏng nhất rồi.
0,"Samsung thiết kế yếu, loa thì hết pin nhanh."
0,Càng mỏng thì pin càng yếu
1,"Mới tậu con Huawei này về, xuất sắc cực kỳ luôn."
0,"Không thể chấp nhận được món kem này, quá ngấy."
1,"Dẫn chồng đi ăn bún chả, em trai khen ngon tuyệt."
1,Với tầm giá này thì iPad là tốt nhất rồi.
1,dep va sag trong
0,"Nokia thiết kế quá kém, màn hình thì không đáng tiền."
1,Rất muốn có 1 cái lens như vậy
1,"Món bún bò ngon hết sẩy, gia vị béo."
0,nhược điểm em này có lẽ nằm ở chỗ dung lượng thấp..
0,"Món bún bò ở quán này ôi quá, ăn một thời gian là thấy rất chán."
1,Quán này bún bò là xuất sắc nhất rồi.
0,"Món kem ở quán này nhạt quá, ăn suốt mấy tháng là thấy chán phèo."
0,Mua Xiaomi về dùng thử mà thấy loạn quá.
1,"Con AirPods này dùng đẳng cấp, pin nhanh."
1,Với tầm giá này thì Nokia là đáng tiền nhất rồi.
1,"Mới tậu con Huawei này về, tốt cực kỳ luôn."
1,Với tầm giá này thì HP là đáng tiền nhất rồi.
1,"Không có gì để chê ở món cơm tấm này, quá ngon."
1,"Mới tậu con Dell này về, hoàn hảo cực kỳ luôn."
1,"Acer thiết kế bền, hiệu năng phê lắm."
1,"Con Vivo này dùng mượt mà, pin phê lắm."
1,"Con Surface này dùng bền, pin tốt."
0,Vãi cả quẩng cáo cho nhà sam. S2 có cửa đòi ngồi chung mâm các con khác. Huawei the best sw còn chưa lên tiếng thì con sam kia nhìn đê tiện.
1,dùng Màn hình thấy khá ngon
0,"Món bánh xèo ở quán này đắng quá, ăn cả năm là thấy quá dở."
0,Với tầm giá này mà Xiaomi kém vậy là không đáng tiền.
1,"Mới ăn thử gà rán ở đây, vị tươi lắm luôn."
0,Lởm mà giá cao
0,"Mình rất thất vọng với gà rán, decor chán, đồ ăn khét lẹt."
1,"Mình rất thích bún bò ở đây, quán phục vụ rất ngon, đồ ăn ngon."
1,Ngon day
1,"Mua Asus cho vợ dùng, mẹ khen hoàn hảo."
0,"Món kem vị ngấy, không đáng tiền tí nào."
1,"Mình rất thích hải sản ở đây, quán phục vụ sạch sẽ, đồ ăn quá đã."
1,"Mua Surface cho chồng dùng, bạn bè khen bền."
1,"Món nem cuốn ngon hết sẩy, gia vị tươi."
1,sử dụng Loa thấy cực kỳ mát
0,Mặt sau giống m7 mặt trước giống A9 - nản luôn=))))
0,"Món hải sản ở quán này ngán quá, ăn một thời gian là thấy không nuốt nổi."
1,"Kết tấm này quá, ánh sáng tím ở mấy hàng cây mà cũng lên được luôn. con A5 mình ko chụp đc."
0,"Không thể chấp nhận được AirPods, quá quá tệ."
0,"Apple Watch thiết kế yếu, hệ điều hành thì vô dụng."
1,"Dẫn chồng đi ăn bún bò, mẹ khen ngon."
0,"Mình rất thất vọng với Oppo, bàn phím lag, hay bị chậm vãi."
0,"Con Macbook này dùng lag, pin vô dụng."
1,"Không có gì để chê ở iPad, quá sang trọng."
0,Điện thoại ít tốt
0,"Món bánh xèo vị nhạt, không đáng tiền tí nào."
1,"Món bánh xèo vị cuốn hút, không gian làm rất xuất sắc."
1,"23 hơn 35 chính là ở cái đa dụng, chụp phong cảnh rộng hơn, chụp indoor hay tiệc tùng cũng thoải mái hơn. Với lại tiêu cự 23 mà được khẩu 1.4 thì sản xuất tốn kém hơn là 35 1.4. 23 lấy nét nhanh hơn 35, chất ảnh thì em chưa chụp 23 nhiều nên chưa nhận xét được, chất ảnh 35 đã thấy quá tuyệt."
0,Minh đang xài con 5s và mình nâng cấp 9.3.2 mình thấy thất vọng quá. May thì hao pin chạy còn chậm nữa. Mình không biết phải làm sao? M.n đừng nên nâng cấp nếu máy đang chậy ổn định
1,"Mình rất thích mì xào ở đây, quán phục vụ vừa vị, đồ ăn chất lượng."
1,"Mới ăn thử bánh xèo ở đây, vị sạch sẽ lắm luôn."
1,Quán này nem cuốn là chất lượng nhất rồi.
0,"Mình rất thất vọng với bánh xèo, nước chấm chán, đồ ăn quá dở."
1,"HP thiết kế sang trọng, wifi phê lắm."
1,"Không có gì để chê ở món pizza này, quá đặc sắc."
0,Dẫn chồng đi ăn kem mà bố chê không tươi quá.
0,"4k quá thừa thãi, trong khi 2k,full HD mắt người đã không phân biệt được rồi"
1,"Mua Realme cho người yêu dùng, chồng khen hoàn hảo."
0,Mới mua con Vivo này về mà thấy không ổn cực kỳ.
0,"Không thể chấp nhận được món bún bò này, quá dở."
0,Trạm bảo hành của Asus đông kinh hồn. Có người đi tới đi lui năm lần bảy lượt. May mà mình đến 1 lần.
1,"Mình thấy hàng xách tay ngon, rẻ, cấu hình y chang hàng cty. Quan trọng là mấy bác biết chổ mua, có bh đàng hoàng, e chỉ ngán khoảng up rom!"
1,"Mau mau ra em Room, hốt liền, bàn phím của BlackBerry luôn tuyệt với, kết hợp với Android nữa quá tuyệt, nhất là Android N sau này, mong bb luôn có những sản phẩm độc đáo"
1,"Mới tậu con iPhone này về, phù hợp cực kỳ luôn."
0,"Món trà sữa ở quán này nguội ngắt quá, ăn một tháng là thấy quá tệ."
0,muốn được bác phải đổi tên.nó nhận ra.reset rồi nhưng báo failed.điên tiết
1,"Món cơm tấm ở quán này vừa miệng cực kỳ, ăn một tuần vẫn ghiền."
0,"Món trà sữa vị mặn, không đáng tiền tí nào."
0,"Mới nhờ ông Sếp hỏi dùm con F-04G này, giá 9man, mua xong chờ 6 tháng sau chính chủ mới unlock được. Giá này chát quá, đợi thời gian nữa xem sao."
0,Mới mua con Huawei này về mà thấy tệ cực kỳ.
0,"Thiết kế thì đẹp nhưng pin kém, hiệu năng cũng lởm, con chip helio p10 này rất lởm, điểm CPU và gpu đều lởm, nếu đc trang bị chip snapdragon 652 thì ngon quá"
1,siêu kinh điển. thật tuyệt nếu sở hữu 1 em
1,"màu quá đẹp, quá độc"
0,Mới mua con Vivo này về mà thấy đơ cực kỳ.
0,Lúc trước cũng tính mua cái như thế nhưng thấy họ review ko đc ngon cho lắm
0,"Mình rất thất vọng với kem, món ăn chua, đồ ăn chua loét."
1,"Oppo thiết kế hoàn hảo, thiết kế hoạt động tốt."
1,"Đẹp, màu đen sang trọng!"
0,"Mình rất thất vọng với kem, đồ ăn thiu, đồ ăn khô khốc."
0,"Thiết kế ý tưởng tương tự nhưng xấu hơn cả iphone2. Ghét nhất Samsung là cái camera lồi, iphone 6 lồi lên là cạch mặt luôn. Giờ iphone 7 thiết kế đã xấu mà còn lồi nữa thì hết ý kiến  ."
0,"Món phở vị không tươi, không đáng tiền tí nào."
0,Màn hình chưa xịn
1,"Không có gì để chê ở món mì xào này, quá hấp dẫn."
1,"Mới tậu con AirPods này về, ấn tượng cực kỳ luôn."
1,"Với mỗi người mua AW, Apple sẽ hẹn 1 session trao đổi trực tiếp với specialist của Apple. Specialist có thể chia sẻ màn hình phone và watch để người dùng có thể làm theo nếu cần hướng dẫn từng bước. Rất ấn tượng với cách Apple tiếp cận và giúp người dùng nhanh chóng sử dụng và khai thác tốt thiết bị của mình."
0,Mua AirPods về dùng thử mà thấy giật quá.
1,"Món vịt quay vị vừa vị, nước dùng làm rất cuốn hút."
1,"Mới ăn thử mì xào ở đây, vị ngon lắm luôn."
0,"Nếu nhìn vẻ bề ngoài lẫn bên trong, không thấy lý do nào để đổi ip6 mua ip7, ngoài vệc có cảm giác cho nó đời mới hơn"
1,"Món bánh mì ở quán này rất ngon cực kỳ, ăn suốt mấy tháng vẫn ghiền."
1,"Món nem cuốn ở quán này tuyệt vời cực kỳ, ăn vài tháng vẫn ghiền."
1,"Huawei Matebook xài tốt mà, mình thấy Huawei Matebook có những tính năng vậy là đủ hiểu sam sung quan tâm tới sự đổi mới như thế nào rồi"
0,Mới mua con Nokia này về mà thấy chán cực kỳ.
1,Với tầm giá này thì iPad là ấn tượng nhất rồi.
1,"Vâng, đây là sản phẩm mà mọi người thường ca tụng là ""tối ưu phần mềm với phần cứng"". Thật không thể tin được, điều này thật tuyệt vời."
1,"LG ngon lành quá, xài vài hôm rồi vẫn bình thường."
1,"Mình rất hài lòng với Nokia, thiết kế sắc nét, tuyệt vời."
1,Hoan hô Samsung. Gióng như đang nghe kể chuyện cổ tích vậy.
1,Với tầm giá này thì Vivo là nhẹ nhất rồi.
0,Mới mua con Surface này về mà thấy loạn cực kỳ.
1,thấy thiết kế của sony nó vẫn đẹp hơn
0,"Món mì quảng vị không tươi, không đáng tiền tí nào."
1,"Dẫn vợ đi ăn trà sữa, em gái khen quá đã."
1,"Surface đẹp quá, xài cả năm rồi vẫn ok lắm."
1,"Con Acer này dùng ngon lành, pin trâu."
0,"Gia vị món gỏi cuốn quá khét, ăn không vô."
1,"Không có gì để chê ở LG, quá sang trọng."
1,Quán này cà phê là quá đã nhất rồi.
0,"Gia vị món sushi quá ngấy, ăn không vô."
1,"Món phở ở quán này giòn cực kỳ, ăn một thời gian vẫn ghiền."
1,VN nhập về đi. Mình Đăng kí 10 chiếc. Ko thể tin nổi smartphone chưa đến 100k.
1,"Con LG này dùng nhanh, pin đẹp."
0,"Món cơm tấm vị ngấy, không đáng tiền tí nào."
1,"Macbook nhanh quá, xài vài hôm rồi vẫn vô đối."
0,"Món bún chả ở quán này chán quá, ăn một thời gian là thấy chán phèo."
1,"Đẹp hay tinh tế là quan điểm cá nhân, riêng tôi thấy vừa đẹp, vừa tinh tế, sang trọng!"
0,"Món hải sản vị mặn, không đáng tiền tí nào."
1,Quán này pizza là tươi nhất rồi.
0,S7 ko có hồng ngoại thì hơi tiếc
1,"Món bánh mì vị thơm, đồ uống làm rất đặc sắc."
1,"Huawei thiết kế bền, bàn phím hoạt động tốt."
1,"Mình rất thích trà sữa ở đây, quán phục vụ cuốn hút, đồ ăn hấp dẫn."
1,"Mới ăn thử phở ở đây, vị vừa miệng lắm luôn."
1,"iPad hoàn hảo quá, xài cả năm rồi vẫn mạnh."
0,"Con Xiaomi này dùng bình thường, pin không đáng tiền."
1,"đẹp quá , đàn ông mà cầm cái này lịch lãm hẳn lên"
0,"Món gà rán ở quán này ôi quá, ăn vài hôm là thấy không ngon."
1,"iPad nhẹ quá, xài một thời gian rồi vẫn dùng rất sướng."
0,Dẫn bố đi ăn cà phê mà em gái chê chua lè quá.
0,"Sau thời gian copy Apple ở dòng flagship bị các ném đá, Samsung chuyển sang nhái ở các dòng tầm trung ít bị để ý hơn!?!"
1,"Nokia mượt mà quá, xài suốt mấy tháng rồi vẫn hoạt động tốt."
1,"Con Realme này dùng bền, pin nhanh."
0,Mới ăn thử cơm tấm ở đây mà thấy đắng cực kỳ.
1,"Không có gì để chê ở Acer, quá ấn tượng."
0,"Tưởng gì mới, vẫn màn hình dẻo ở giữa, pin nằm trái, bo mạch cứng nằm phải, quấn băng keo đen lại là xong. Vẫn chưa làm được pin và linh kiện dẻo, đừng nói 5 năm, 5 chục năm nữa thì với công nghệ đó chẳng làm xong đc. Chỉ cố ý gây sự chú ý thôi."
0,Samsung đang đi đúng hướng... Nói thật Samsung chỉ cần cải thiện về pin và cả về bảo mật nữa thì cũng đủ để kéo ip lại rồi
0,Xấu quá!
0,Có thể không gây nên cơn sốt như những thế hệ trước
1,"Acer thiết kế bền, vân tay trâu."
1,"Không có gì để chê ở món nướng này, quá thơm."
0,"Surface thiết kế quá kém, thiết kế thì quá đơ."
1,Dù ai nó xỏ nói xiên. Dù thế nào đi nữa thì hàng chục triệu người vẫn chọn samsung not 7
1,Smartphone : về công nghệ SAMSUNG là số 1
1,"Mua HP cho vợ dùng, chồng khen đáng tiền."
1,đang xài zen 3 quá hài lòng về mọi thứ
1,"Mua Lenovo cho chồng dùng, vợ khen nhẹ."
0,Với tầm giá này mà Sony tệ vậy là không đáng tiền.
0,"Đọc thấy màn hình 10"" tính mua. Nhưng đọc đến đoạn RAM+ROM cùi bắp tụt hứng luôn!!! Giờ bộ nhớ trong 8GB chả cài được gì cho dù cho cài lên thẻ SD . nói cho cài lên thể SD cho sang nhưng thực chất một số ứng dụng không cho cài lên thẻ SD, có cho cài cũng phải cài file apk vào bộ nhớ trong mới chuyển hết data vào thẻ SD.đang dùng 1 con bộ nhớ trong 8GB cài mấy ứng dụng hết bộ nhớ trong, còn thẻ nhớ chỉ chiếm 1 phần ít ỏi data!!! Thật đắng lòng"
0,"Món gỏi cuốn vị khô, không đáng tiền tí nào."
1,"Không có gì để chê ở món nem cuốn này, quá quá đã."
0,Mình xin phép đánh giá là màu hơi kém tí
0,"Con LG này dùng nặng, pin kém quá."
0,"về mặt thiết kế thì chưa gọi là tối ưu, chắc chắn sẽ có bản nâng cấp, thứ hai là về giá, nó là hơi cao, bộ loa quan trọng cái loa, loa ghi nhập khẩu nước ngoài rất mơ hồ gây cảm giác nghi ngờ từ nơi mà ai cũng biết. Với loa không dây, thường thì loa sub rất quan trọng, vì công suất nhỏ, nghe nhạc mà bass đánh thều thào là chán ngay, đôi này ko có sub nên chắc chỉ nghe Vocal thôi."
0,"Gia vị món bánh mì quá quá tệ, ăn không vô."
0,"Không thể chấp nhận được món mì xào này, quá khó ăn."
1,Với tầm giá này thì Acer là xuất sắc nhất rồi.
0,Mới ăn thử gà rán ở đây mà thấy ngán cực kỳ.
1,Quán này pizza là giòn nhất rồi.
1,Tớ đang bphone phải nói ngon dùng sướng nếu là bản 64gb thì quá sương luôn
1,"Món bánh mì ngon hết sẩy, gia vị chuẩn vị."
0,"Mình rất thất vọng với trà sữa, không gian ngấy, đồ ăn khó nuốt."
1,Quán này mì xào là ngon miệng nhất rồi.
0,Mới mua con Sony này về mà thấy nặng cực kỳ.
0,Với tầm giá này mà Surface quá chán vậy là không đáng tiền.
0,Mới mua con Acer này về mà thấy quá tệ cực kỳ.
0,"Asus thiết kế giật, màn hình thì nóng máy."
1,Điện thoại tầm trung quá tốt
1,Nói thiệt các Bác đã sử dung IP rồi chẳng muốn xài điện thoại nào khác !
0,Dịch vụ không đẹp
0,"Thiết kế cứ na ná nhau, nhìn riết thì cũng bình thường ko có đặc sắc nhiều kiểu như hồi đó"
1,Công nhận là kinh khủng thiệt! Còn hơn cả máy quay chuyên dụng nữa ấy chứ! Đúng là Canon!
0,Mua Dell về dùng thử mà thấy kém quá.
1,"Máy này như vậy là được cấu hình ổn,pin tốt lại hỗ trợ 4g ko như samsung j7,oppo f1 có đâu mà giá thành lại cao nhất là oppo f1 giá bán lúc mới ra tới 6,5 t"
1,"Món kem vị rất ngon, nước chấm làm rất vừa miệng."
1,sử dụng Máy thấy khá tốt
1,"Nếu lựa chọn thì mình chọn của Obi MV1, mình đã trải nghiệm em này rất kết kiểu dáng đẹp và cấu hình chơi game khá tốt."
0,"Không thể chấp nhận được Apple Watch, quá quá chán."
1,Camera này rất bền
0,Màn hình chả ngon
0,"Mình rất thất vọng với trà sữa, đồ uống khô, đồ ăn quá tệ."
1,Huawei GR5 chạy rất mượt
1,Loa này vô cùng xuất sắc
0,"HP thiết kế tệ, hệ điều hành thì yếu xìu."
1,"Mới tậu con Realme này về, ấn tượng cực kỳ luôn."
0,Mạng hơi xấu
0,"Không có sạc nhanh hơi thất vọng, 4tr thấy hợp lý hơn."
0,"Xiaomi ai dùng chưa? Chứ tôi cũng thấy ớn rồi đấy vừa mua con Mipad2 pin 6100mah sạc đầy tắt màn hình đúng 1 ngày (24 tiếng) bật màn hình còn 75% (wifi chưa tắt). Thông thường các máy tính bảng khác như ipad mini khoảng 8%(con này cầm pin nhất), samsung tab4 t531 xuống 12%. Mình chỉ đề cập đến máy mới 100% thôi đó nha."
1,thích note 5 nhưng chưa có tiền mua
1,"HP thiết kế đẳng cấp, hệ điều hành mượt."
0,Đợi ip8 vậy
0,"Không thể chấp nhận được AirPods, quá lởm."
0,"Không thể chấp nhận được món phở này, quá thiu."
0,"Hi, vậy Iphone 6S màu vàng hồng bị bong tróc vỏ là một tính năng thú vị của Apple dành cho người dùng bạn nhỉ? 2 thằng bạn xài 2 cái 6S màu vàng hồng được có 6 tháng thì bị tróc cả 2, trông cái điện thoại bong tróc tùm lum thật là đẳng cấp :v"
1,"Món gỏi cuốn vị ngon, đồ uống làm rất ngon."
0,Chất lượng không ngon
0,"Giá hoang tưởng rồi ,giá này dân game sẽ bay qua Alienware với Msi Gt80 Titan..."
0,Mới được dùng ổ cắm đa năng Xiaomi. Cảm nhận thất vọng với giá hơn 200k
0,"Màu hường chứ!! Thực ra là cũng hơi xấu, nhưng nhìn mãi rồi cũng quen"
0,Lại mất thêm một lượng khách hàng rồi
0,Mới mua con Sony này về mà thấy mờ cực kỳ.
0,Điện thoại chả tốt
1,"Cái này rẻ hơn (chỉ hơn 100k), nhỏ gọn và cài đặt có phần đơn giản hơn với người dùng bình thường. Quan trọng hơn là nó không bị chập chờn may rủi nnư mấy ông ...Link kia"
0,1 lý do duy nhất không dùng đt màn lớn: xài đt nhỏ + mtb sướng hơn.
0,Trước đọc tin xem ip phát triển sao. H xem để biết ip xuống như nào :v
1,Camera này thật sự xịn
0,"Tôi không thích Ipad vì không có 3G và dung lượng hạn chế, không có họ trợ thẻ nhớ ngoài."
1,"Dẫn em gái đi ăn cà phê, chồng khen tuyệt vời."
0,"Vivo nóng quá, xài hơn nửa năm là thấy chán hẳn."
1,"Mới tậu con Vivo này về, đẳng cấp cực kỳ luôn."
1,"Mình rất hài lòng với HP, vân tay nhẹ, phê lắm."
1,"Món nướng vị ngon tuyệt, đồ ăn làm rất đặc sắc."
1,"Món gỏi cuốn ngon hết sẩy, gia vị đậm đà."
0,"Món nướng ở quán này khó ăn quá, ăn cả năm là thấy chán phèo."
1,"Món trà sữa vị hấp dẫn, nước chấm làm rất vừa vị."
1,"Mua Oppo cho em trai dùng, mẹ khen sang trọng."
1,"Không có gì để chê ở món vịt quay này, quá cuốn hút."
0,Mua iPhone về dùng thử mà thấy kém quá.
0,Mới mua con Dell này về mà thấy lỗi cực kỳ.
0,"Con Huawei này dùng chán, pin chậm vãi."
1,"Mình rất hài lòng với Dell, hệ điều hành đáng tiền, vẫn mượt."
0,"Mình cũng vậy từ trước giờ trung thành với iphone ,đang dùng iphone6 ngon lành ,thấy quảng cáo con s6 + ngon quá thế là bán con 6 lên s6 dùng thấy rất ưng ý về khoảng camera và thiết kế ; màn hình đẹp ,lướt web ok nhưng trải nghiệm thua xa con ip6 , về pin thì quá tệ 3000ma nhưng quá nhanh tụt dùng nhiều một ngày sạc hai lần , chơi game thì lag kinh khủng ,bàn phím thì quá chán ,nói chung dùng samsung chỉ được cam ngon thiết kế đẹp còn lại thua xa iphone"
0,Mới mua con Vivo này về mà thấy giật cực kỳ.
1,"Không có gì để chê ở Huawei, quá ấn tượng."
0,Màn hình không bền
1,"Con Sony này dùng cao cấp, pin mạnh."
1,note 2 vẫn đẹp ko tỳ vết ...nhưng cho vợ dùng rồi
1,Thiết kế này hoàn toàn xuất sắc
1,"Món phở ngon hết sẩy, gia vị cuốn hút."
0,Dẫn chồng đi ăn trà sữa mà người yêu chê khô quá.
0,"Không thể chấp nhận được món vịt quay này, quá khét."
0,chuẩn rồi đó bạn. mình cũng rất khó chịu vì cái này. loay hoay len google tìm cách xóa
1,"Mới tậu con LG này về, tốt cực kỳ luôn."
0,"Con iPad này dùng đơ, pin không đáng tiền."
1,"Mới ăn thử kem ở đây, vị ngon miệng lắm luôn."
1,Tôi dùng Note 5 đã thấy quá đủ và OK. Bởi vì nó không thể thay được pc. Công nghệ là vô cùng!
1,"Con Dell này dùng đáng tiền, pin mượt."
0,"Ram mát-phôn của tui 2Gb lúc nào cũng dư trên 500Mb, cõ lẽ chẳng bao giờ mua cái 6Gb thừa thãi"
0,"Mình rất thất vọng với phở, phục vụ quá tệ, đồ ăn khó nuốt."
0,Loa ít xuất sắc
1,"Không có gì để chê ở Lenovo, quá mạnh."
0,Mới ăn thử bún bò ở đây mà thấy chua cực kỳ.
1,"Món mì xào ngon hết sẩy, gia vị hấp dẫn."
0,Mới ăn thử lẩu ở đây mà thấy mặn cực kỳ.
0,"Món lẩu vị tanh, không đáng tiền tí nào."
1,"Không có gì để chê ở Nokia, quá sang trọng."
0,Giá hơi chán
0,Mới mua con Lenovo này về mà thấy đơ cực kỳ.
0,Điện thoại cực kỳ đắt
1,"Mình thích nhất nhập liệu bằng giọng nói của Google Keyboard và vẽ của Swype keyboard, kết hợp hai thằng này lại thì thành thiên hạ vô địch"
0,"Mình rất thất vọng với HP, hiệu năng mờ, hay bị chán hẳn."
0,"Giá đó thừa sức kiếm chiếc Andoid chất lượng, giải trí ngon. Chứ 5s mua làm sơ cua mà giá đó thì quá phí tiền. Đã 4in còn LCD thì nghe gọi, nt thôi, giải trí thêm bực và đi viện chữa mắt chứ hay gì."
0,"Mức giá đắt đỏ, cấu hình lỗi thời, tính năng nhàm chán, kiểu dáng cũ rích; nhưng vẫn làm cho người ta phát điên lên, ấy là cái tài của Apple."
0,sạc k dây?? chào mừng ifan đến với công nghệ năm ...2013
1,"Con Oppo này dùng cao cấp, pin không lỗi lầm."
0,"Món nem cuốn ở quán này chua lè quá, ăn vài tháng là thấy quá tệ."
1,"Món lẩu ở quán này thơm cực kỳ, ăn cả năm vẫn ghiền."
0,"iPad thiết kế loạn, chip thì yếu xìu."
0,"Sony thiết kế nóng, cấu hình thì hết pin nhanh."
1,"Sony sắc nét quá, xài vài tháng rồi vẫn bình thường."
0,"Lúc đâu tưởng chỉ vài triệu, đọc cuối ai ngờ,...."
0,Mới mua con Surface này về mà thấy giật cực kỳ.
1,nhìn đẹp phết nhỉ..
0,Dẫn người yêu đi ăn pizza mà em gái chê thiu quá.
0,Dẫn em gái đi ăn mì quảng mà bạn bè chê tanh quá.
0,Mình đang dùng iphone 6+ và mình rất khó chịu với camera lồi. Máy mỏng đến mấy mà camera lồi thì cũng chẳng để làm gì vì phải dùng vỏ ốp để chống xước camera. Mong rằng e 7 đèng có ra camera lồi để chạy đua cái danh mỏng vô nghĩa. Mình thích tai nghe chuẩn cũ hơn vì sẽ tiện hơn nhiều do a nào đút vào cũng sướng còn bi giờ thì có phải lúc nào cũng kè kè có tai nghe chuẩn mang theo bên mình dc đâu. Nói chung ko phải cái gì khác người cũng đã là hay. Các bạn nên ý kiến về những j mình ko hài lòng để thể hiện quyền lợi người tiêu dùng.
1,"Mới ăn thử pizza ở đây, vị xuất sắc lắm luôn."
1,"Mới ăn thử pizza ở đây, vị vừa miệng lắm luôn."
1,"Không có gì để chê ở món vịt quay này, quá chất lượng."
1,Pin này khá hoàn hảo
1,"Món trà sữa ở quán này ngon tuyệt cực kỳ, ăn cả tuần vẫn ghiền."
1,"Món cà phê ở quán này vừa miệng cực kỳ, ăn suốt mấy tháng vẫn ghiền."
0,"Mình rất thất vọng với Macbook, loa quá tệ, hay bị quá chán."
1,"Xiaomi mượt mà quá, xài một thời gian rồi vẫn không bị lag."
1,Với tầm giá này thì Xiaomi là đẳng cấp nhất rồi.
0,Cảm giác như cam s7 lau k sạch bị sương ấy nhỉ
1,Đã dùng rất ok
1,"AirPods thiết kế sang trọng, hiệu năng tuyệt vời."
0,Không thề bằng Bphone mà mắc hơn cả Bphone
0,Mới mua con iPhone này về mà thấy nặng cực kỳ.
1,"Không có gì để chê ở Vivo, quá mạnh."
1,"Không có gì để chê ở món bánh mì này, quá rất ngon."
1,"Mình rất thích bánh xèo ở đây, quán phục vụ tươi, đồ ăn cuốn hút."
1,"Mới ăn thử lẩu ở đây, vị ngon miệng lắm luôn."
0,Mua Lenovo về dùng thử mà thấy quá kém quá.
0,Màn hình thật sự xấu
0,"Tôi thì thấy là Microsoft đã quá coi thường người dùng trong thiết kế giao diện của Windows Phone   Windows 8 trở đi. Giao diện Live Tiles với tôi chỉ là một mảng màu giống giống nhau, lúc cần không biết nhấn vào đâu; quá rối rắm, quá nhiều thông tin không cần thiết   quá xấu"
0,"Vẫn vậy chứ có gì mới đâu,pin có vẻ sụt nhiều hơn 1 chút thì phải. ko biết do pin mình xài lâu quá rồi hay sao nữa"
0,Khi iPhone mà chỉ cải tiến cấu hình thì cũng như smart phone Trung Quốc
1,"Món sushi ngon hết sẩy, gia vị hấp dẫn."
1,Máy này vô cùng đẹp
1,cái này mua về làm ống nhòm được
1,"Món bún chả vị giòn, đồ uống làm rất ngon."
0,"Gia vị món nem cuốn quá dở, ăn không vô."
0,"Món bún bò vị nguội ngắt, không đáng tiền tí nào."
1,Quán này mì quảng là vừa miệng nhất rồi.
1,ngon :D
0,"Thật ko thể hiểu nổi , thời đại này iPhone còn xài bộ nhớ trong 16GB , ko cho xài thẻ nhớ nốt , ép khách hàng một cách thô thiển . Rồi sẽ có ngày Apple phải nhận quả đắng là khách hàng quay lưng cho xem ."
1,Loa này vô cùng đẹp
0,Với tầm giá này mà Huawei chán vậy là không đáng tiền.
0,"Không thể chấp nhận được LG, quá đơ."
0,"Không thể chấp nhận được Realme, quá yếu."
1,"Oppo thiết kế đáng tiền, vân tay ổn định."
0,"Không thể chấp nhận được Asus, quá không ổn."
0,"Mình rất thất vọng với nem cuốn, nước chấm ngán, đồ ăn chán phèo."
0,Dịch vụ ít mát
0,Mua Surface về dùng thử mà thấy bình thường quá.
1,note 7 trên cả tuyệt vời
0,"Không thể chấp nhận được Apple Watch, quá kém."
0,Với tầm giá này mà LG lởm vậy là không đáng tiền.
0,Mới mua con Huawei này về mà thấy chậm cực kỳ.
1,Quán này trà sữa là ngon miệng nhất rồi.
0,"Món nem cuốn ở quán này ngấy quá, ăn hơn nửa năm là thấy mất vệ sinh."
1,"Acer thiết kế phù hợp, hiệu năng phê lắm."
1,"Mình rất hài lòng với Acer, hiệu năng đẹp, trâu."
0,Dẫn bạn bè đi ăn sushi mà chồng chê chua lè quá.
1,"Thật sự máy này quá tiện dụng. Mình đang làm bên graphic design và surface giúp mình giảm rất nhiều thời gian phác thảo, máy cũng đẹp nữa."
1,Samsung thật tuyệt vời Android quá hay
0,galaxy gear vẫn hơn
0,BB này ra giá 3-3.5tr có lẽ mới cảm thấy shock chứ giá này thì shoot luôn.
0,"Gia vị món gỏi cuốn quá ôi, ăn không vô."
0,Mới ăn thử mì xào ở đây mà thấy thiu cực kỳ.
1,"Mới tậu con Vivo này về, ổn định cực kỳ luôn."
0,HDR tệ quá thể -_-
0,"Món gà rán vị quá kém, không đáng tiền tí nào."
1,"Macbook thiết kế tốt, cấu hình phê lắm."
1,Chất lượng này khá xịn
1,Kết quá đi
0,Cầm 9tr đi mua cái Zenphone cũng hơi ngại thật !
0,nếu mà 5.8 thì to quá
0,"Không thể chấp nhận được món phở này, quá khét."
1,Với tầm giá này thì Dell là sang trọng nhất rồi.
1,"nhật lúc nào cũng độc , cấu hình rất tốt và không phải lúc nào máy cũng hướng đến cái đẹp"
1,"iPad thiết kế tuyệt vời, vân tay vô đối."
0,"Không thể chấp nhận được món bánh xèo này, quá nhạt."
0,"Mình rất thất vọng với Realme, thiết kế nóng, hay bị rất tệ."
1,"Món phở ngon hết sẩy, gia vị tuyệt vời."
0,"Mình đã lên 10.11.3 nhưng vẫn bị, đúng là tắt wifi đi thì ngon hơn hẵn..... Chán vãi, mua em noá để khỏi dùng USB receiver, mà thấy cái bluetooth nản vãi"
1,"Có thể nhiều bạn nói winphone nhàm chán, ít ứng dụng, giao diện làm hoa mắt.. Với mình thì nó khá là tuyệt mặc dù còn khá nhiều lỗi và hạn chế. Tuy nhiên mỗi hệ điều hành có một điểm mạnh và điểm yếu riêng. Wp một hệ điều hành non trẻ thì các bạn không thể đòi hỏi nó có một kho ứng dụng khổng lồ như androi hay ios được. Nhưng nó có những thứ mà androi và ios không có hay kém hơn. Về giao điện nhiều người nói các ô title làm hoa mắt nhưng mình thấy nó rất tiện lợi khi truy cập những ứng dụng mình thường xuyên sử dụng. Với WP10 có hình nền full luôn nên việc tùy chỉnh, cài đặt làm cho màn hình chính khá đẹp. Nhiều bạn nói sử dụng khó nhưng khó hay dễ đều do chúng ta cả thôi. Những ai mới dùng androi mà sang ios cũng thấy khó và ngược lại. Mình thấy sử dụng wp rất dễ vì mình đã dùng nhiều, nếu dùng ios mình lại thấy khó. Chung quy lại dùng nhiều sẽ quen và thành dễ -- Dùng Wp các bạn không lo virut, mã độc vì nó bảo mật rất tốt, không phải lo quét rác vì nó lúc nào cũng mượt. Sau vài năm sử dụng vẫn như lúc mới mua. Điều này phù hợp với các chị em ít am hiểu về máy và phần mềm ứng dụng. - Với bản cập nhật sắp tới có rất nhiều điều thú vị, các bạn có thể nhắn tin SMS trên máy tính mà không cần cầm đt. Với 1 chiếc Wp đời cao,cùng bộ kết nối với màn hình, kèm theo các ứng dụng văn phòng, đồng bộ hóa với máy tính chạy win 10 thì sau này đi đâu làm việc bạn chỉ cần 1 chiếc wp, con chuột, 1 bàn phím không dây, 1 cáp kết nối là bạn có thể ngồi bất kì đâu có màn hình để làm việc."
1,Sản phẩm này cực kỳ mát
1,4s lên bình thường nhé.Xài tốt chạy phà phà.
1,"Con Sony này dùng đẹp, pin mạnh."
1,"Không có gì để chê ở Vivo, quá hoàn hảo."
0,Mới ăn thử bánh mì ở đây mà thấy chua lè cực kỳ.
1,Quán này hải sản là giòn nhất rồi.
1,"Không có gì để chê ở món bánh mì này, quá xuất sắc."
1,"Dẫn người yêu đi ăn vịt quay, em gái khen hấp dẫn."
1,Dịch vụ này quá đẹp
0,"1900 đến 2500 usd. Đắt quá, nhưng vẫn chưa đắt bằng con vít của vertu"
0,"Gia vị món kem quá tanh, ăn không vô."
0,Sản phẩm quá nhanh hỏng
1,"Mua Huawei cho vợ dùng, đồng nghiệp khen bền."
1,"Món hải sản ngon hết sẩy, gia vị ngon tuyệt."
1,"AirPods thiết kế mỏng, wifi vô đối."
1,Bạn mua của TGA ok đấy. Mình có mua của họ 1 củ sạc Quick Charge 2.0 18W xài ok
1,Quán này cơm tấm là giòn nhất rồi.
0,"Không thể chấp nhận được Dell, quá đơ."
1,Quán này vịt quay là chất lượng nhất rồi.
0,"Con HP này dùng lởm, pin chán hẳn."
0,So với đàn em 5s thì thua xa.
1,"Dẫn bạn bè đi ăn cà phê, bạn bè khen sạch sẽ."
1,"không biết samsung còn giữ lại tính năng chụp cuộn trang trên note 5 hay không, mình rất thích tính năng này và thấy nó hữu dụng nhất!"
1,"Mua Surface cho em gái dùng, chồng khen ngon lành."
0,Với tầm giá này mà Asus bình thường vậy là không đáng tiền.
0,Điên thoai trung quốc Ram 1 TB thì cũng thế thôi
0,Với tầm giá này mà Asus nặng vậy là không đáng tiền.
1,"Mình rất hài lòng với Vivo, cấu hình tuyệt vời, đẹp."
0,Sony khi có truc trặc máy sửa chữa chính hãng đắt tiền lại không tốt. Nghe đến Sony gio ớn đến tận cổ.
1,"Không có gì để chê ở món mì xào này, quá quá đã."
0,"SE tiếp à ? khả năng "" SẼ Ế "" là rất cao !"
0,"Món bánh xèo vị khô, không đáng tiền tí nào."
0,"vụ này hơi chém gió. Pin của Apple watch chỉ được 1 ngày, thưởng là phải charge qua đêm thì sao ngủ dậy có đồng hồ trên tay được. Hoặc là chấp nhận ban ngày không xài để đeo ban đêm khi ngủ"
1,Với tầm giá này thì Vivo là đẳng cấp nhất rồi.
1,"Không có gì để chê ở LG, quá phù hợp."
0,"Không thể chấp nhận được HP, quá yếu."
0,"Có ai bị như mình ko? Mình nâng cấp 5s lên ios 9.3.2 thì máy ảnh ko chụp đc, cam self thì ok. Tắt nguồn r khởi động lại thì chụp đc 1 kiểu r lại đen ngòm. Mỗi lần như thế máy nóng ran. Có bạn nào giúp mình với. Please!!!!!!!!"
0,"Gia vị món trà sữa quá tanh, ăn không vô."
0,Nokia 515 mình mua 06 tháng bảo hành 4 lần...
1,"Không có gì để chê ở Nokia, quá xuất sắc."
0,Mới ăn thử mì xào ở đây mà thấy ôi cực kỳ.
1,"Không có gì để chê ở Apple Watch, quá cao cấp."
1,"hàng xịn - mắc nhưng bền, ko lỗi, lag, treo máy như SamSung, Zenphone, Asus"
1,"Mua Asus cho bố dùng, bạn bè khen sang trọng."
0,"Nhìn có vân ngang trước máy xấu quá. Tôi vẫn thích S6 Active hơn, đang đợi xách tay dòng ngâm nước chuẩn về là hốt"
0,"Không thể chấp nhận được món gỏi cuốn này, quá ngấy."
1,"Vivo thiết kế đẹp, wifi dùng rất sướng."
0,"Mình rất thất vọng với bánh mì, gia vị nguội ngắt, đồ ăn quá tệ."
1,"Món kem vị thơm, topping làm rất hấp dẫn."
1,"Surface thiết kế xuất sắc, cảm ứng mượt."
1,"Con AirPods này dùng ổn định, pin phê lắm."
0,"Món mì quảng vị chua lè, không đáng tiền tí nào."
1,"Mới tậu con iPad này về, bền cực kỳ luôn."
0,"Gia vị món vịt quay quá ngán, ăn không vô."
1,"Con LG này dùng ổn định, pin rất tốt."
0,Dẫn người yêu đi ăn nem cuốn mà bố chê nguội ngắt quá.
1,"Mới tậu con Nokia này về, mỏng cực kỳ luôn."
1,Đk nhìn và thấy rất đẹp
1,Quán này sushi là rất ngon nhất rồi.
0,"Không đẹp bằng S6 , nhìn S6 sống động hơn ."
0,"Mình rất thất vọng với iPhone, thiết kế lỗi, hay bị kém quá."
1,Màn hình này khá tuyệt vời
1,"Mới ăn thử kem ở đây, vị tươi lắm luôn."
0,"Món gà rán vị ôi, không đáng tiền tí nào."
0,mua con xiaomi rmn2 còn ngon hơn :)
0,"Gia vị món cơm tấm quá khô, ăn không vô."
0,Mới ăn thử cà phê ở đây mà thấy ngán cực kỳ.
1,"Mới tậu con Macbook này về, phù hợp cực kỳ luôn."
1,1 vote cho Fuji. Mirolless Fuji làm tốt thật.
0,"Mình rất thất vọng với pizza, đồ uống tanh, đồ ăn quá dở."
0,Mới ăn thử bún bò ở đây mà thấy chua lè cực kỳ.
1,"Mua Sony cho em trai dùng, đồng nghiệp khen bền."
0,Dẫn em gái đi ăn sushi mà bố chê đắng quá.
1,"Mình rất hài lòng với iPhone, wifi sang trọng, không lỗi lầm."
0,"Không thể chấp nhận được Huawei, quá bình thường."
1,"Món bánh mì ở quán này chất lượng cực kỳ, ăn cả năm vẫn ghiền."
1,"về khoản chụp hình thì hơn 6s nhiều. 6s hơn cái là dễ xài, dễ chụp thôi"
0,"Mình rất thất vọng với vịt quay, không gian ngán, đồ ăn khó nuốt."
0,"Không thể chấp nhận được món gà rán này, quá nhạt."
0,"Đẹp nhưng sẽ k mua, nhà mình mua 2 con zen 2, sau 1 năm thì 1 cái tự nhiên mà hư nguyên bộ main thay main hết 1tr5, còn 1 cái hư loa ngoài và liệt phím tăng giảm âm lượng"
1,Iphone 7 quá tuyệt vời
0,"Mình rất thất vọng với bánh xèo, phục vụ chán, đồ ăn quá tệ."
0,Mạng rất chán
0,Nhìn cái tai nghe củ chuối quá
1,Tại vì nó bền. Phải nói là nó bền nên ít người mua mới lắm.
1,Quán này kem là đặc sắc nhất rồi.
0,Với tầm giá này mà Macbook tệ vậy là không đáng tiền.
0,"iPhone thiết kế đơ, camera thì rất tệ."
0,Sản phẩm rất nhanh hỏng
0,Mới ăn thử gà rán ở đây mà thấy mặn cực kỳ.
0,"Mình rất thất vọng với LG, wifi loạn, hay bị loạn cảm ứng."
1,Rất đẹp..nhưng hơi nữ tính.
0,"Không thể chấp nhận được HP, quá đơ."
1,"Món hải sản ngon hết sẩy, gia vị chuẩn vị."
1,"Mua Nokia cho con dùng, em gái khen đáng tiền."
1,"Dẫn bạn bè đi ăn nem cuốn, con khen xuất sắc."
0,"cái này có lẽ chỉ thật sự phát huy tác dụng khi xem phim hoặc thuyết trình mà thôi, chứ lướt web hay làm việc mà để trên bàn như vậy thì thao tác không thoải mái lắm, có lẽ sẽ có phụ kiện bàn phím thì sẽ tốt hơn"
0,"Ngoài việc ""chạy theo"" thì ""ăn theo"" cũng là 1 sở trường của Samsung!?!"
0,"Không thể chấp nhận được món vịt quay này, quá quá dở."
1,Với tầm giá này thì Acer là nhẹ nhất rồi.
1,"Mua Samsung cho mẹ dùng, em trai khen mạnh."
1,Camera này hoàn toàn mát
0,Nếu không phải người sành sỏi công nghệ thì mua ip 5 lock xác định là sống chung với lũ và sự hên xui
1,"Không có gì để chê ở Surface, quá mỏng."
1,"Mua iPad cho em trai dùng, chồng khen ngon lành."
1,"Món gà rán vị đặc sắc, nước chấm làm rất hấp dẫn."
1,"Con Dell này dùng cao cấp, pin không lỗi lầm."
0,"Tiếc là màn hình điện thoại Xiaomi thường xuyên ám vàng nhẹ, nếu Xiaomi tập trung nâng cao chất lượng màn hình, màu sắc trong trẻo, đẹp như màn hình điện thoại Sony hay Apple thì tuyệt vời!!!"
0,"Bộ nhớ trong 32Gb, laptop mà bộ nhớ chỉ chừng này thôi sao?"
0,"Apple Watch thiết kế đơ, màn hình thì mất sóng."
1,"Mới ăn thử bún bò ở đây, vị béo lắm luôn."
1,Với tầm giá này thì HP là tuyệt vời nhất rồi.
1,"Mua Asus cho bố dùng, bố khen đáng tiền."
0,không bh sang trọng bằng đồng hồ thụy sĩ được
0,"Món trà sữa ở quán này đắng quá, ăn cả tuần là thấy nguội ngắt."
1,"Mua Oppo cho bố dùng, bạn bè khen đẹp."
0,"iPad quá tệ quá, xài cả tuần là thấy không đáng tiền."
1,"Dòng tivi OLED chất quá, đúng đắng cấp là dòng tivi cao cấp."
1,"Asus thiết kế ấn tượng, camera ổn định."
0,"Lúc Z1 mới ra ngưỡng mộ vô cùng. Mua lúc 3 cai mình 1 cái, Ba mình một cái, bạn gái một cái. Giờ chỉ còn máy bạn gái mình xài chập chờn, bỏ thì tiếc xài thì tức. Thất vọng Sony toàn tập."
0,xin hỏi xem có bao nhiêu người mua loại máy này . chỉ cần 25tr có thể mua core i7 ram 12gb ồ cứng 1tb ..
0,"Không thể chấp nhận được món mì xào này, quá chua lè."
1,"review cho bác nào chưa mua là dùng rất ngon nhé, em mua tcs up rom xda xong pin hơn 1 tuần mới phải sạc"
0,Mới ăn thử bún chả ở đây mà thấy không tươi cực kỳ.
1,"Không có gì để chê ở AirPods, quá đẳng cấp."
0,"Huawei lởm quá, xài một tháng là thấy giật lag."
0,"Mình rất thất vọng với Dell, hệ điều hành xấu, hay bị chán hẳn."
1,"Không có gì để chê ở món kem này, quá quá đã."
1,"Mình rất hài lòng với Samsung, camera sắc nét, rất tốt."
1,"Mới tậu con Dell này về, sang trọng cực kỳ luôn."
1,"Mình rất thích cà phê ở đây, quán phục vụ sạch sẽ, đồ ăn ngon tuyệt."
1,"Con Huawei này dùng sang trọng, pin ok lắm."
0,"Giá hợp lý thì xúc đi, :V quá cao so với 1 món đồ chơi mình thấy ảnh gắn vào chụp trời mây còn đẹp hơn :V"
1,"HP thiết kế tuyệt vời, màn hình vẫn mượt."
0,"Sam sung phải ram 10gb mới mượt được, còn iPhone chỉ cần 3Gb ram là đua tốt rồi. Đó là khác biệt giữa iPhone và Samsung."
1,"Mình rất hài lòng với Macbook, cấu hình cao cấp, rất tốt."
1,"Samsung luôn lắng nghe ý kiến khách hàng và luôn tối ưu những sản phẩm của mình.Đặc biệt là dòng điện thoại.Thích sự trải nghiệm thì nên chọn samsung Note7.Thích cái gọi là""đẳng cấp""sang chảnh thì đua theo Iphone.Thiết bị điện tử cái quan trọng nhất là công nghệ và sự cải tiến đột phá,chứ không phải cái mác Logo lấp lánh dán ở phía sau."
1,Với tầm giá này thì Samsung là tuyệt vời nhất rồi.
0,"Con Asus này dùng giật, pin nóng máy."
1,dùng Sản phẩm thấy rất ngon
0,"iPad thiết kế quá chán, chip thì mất sóng."
1,"Món trà sữa ở quán này xuất sắc cực kỳ, ăn vài tháng vẫn ghiền."
1,"AirPods bền quá, xài vài hôm rồi vẫn không nóng máy."
1,"Không có gì để chê ở món lẩu này, quá ngon miệng."
1,Đẹp đoa chắc sẽ kiếm 1 e
0,"Gia vị món nướng quá nhạt, ăn không vô."
1,Nói chung là chẹp
0,"Món phở vị thiu, không đáng tiền tí nào."
1,nhìn chất quá đúng là hàng nhật có khác
0,Thời buổi này mà sản xuất ĐT pin 2200 là thua chắc.
1,"Mình rất thích bánh xèo ở đây, quán phục vụ đậm đà, đồ ăn chuẩn vị."
0,Đừng có cái đường viền kia nữa!:(((
1,"Mua Xiaomi cho đồng nghiệp dùng, vợ khen hoàn hảo."
0,Mua Dell về dùng thử mà thấy lởm quá.
0,"Mình rất thất vọng với Sony, camera yếu, hay bị giật lag."
0,"Gia vị món cà phê quá khó ăn, ăn không vô."
1,Camera này cực kỳ tốt
0,"Mình rất thất vọng với Asus, bộ nhớ yếu, hay bị nhanh tã."
0,Mua Dell về dùng thử mà thấy yếu quá.
1,"Con Macbook này dùng cao cấp, pin nhanh."
0,Mua Lenovo về dùng thử mà thấy không ổn quá.
0,"100% là cái này éo được ưa chuộng ở vn từ tính năng cho đến...mọi thứ. Tính năng thì chúng ta đã rõ, nó cũng như nhiều sw khác chỉ hỗ trợ tốt ở Mỹ vs một số nước tư bản giẫy chết khác. Về việc dùng, giang hồ dồn tiền mua cái 6 Plus, phần lớn đến đám đông để khoe. Dùng cái này thì khoe cái 6 plus, 6 s plus thế quái nào được? Không lẻ vừa nhìn đồng hồ vừa móc điện thoại nhìn???"
0,"Món bún chả vị đắng, không đáng tiền tí nào."
0,"Không thể chấp nhận được món cà phê này, quá chán."
1,"Món cà phê ngon hết sẩy, gia vị béo."
1,Quán này bún bò là cuốn hút nhất rồi.
0,"Món kem vị thiu, không đáng tiền tí nào."
0,"Pin yếu mà chơi không thay pin được, LG tính làm gì đây."
0,"Không thể chấp nhận được Nokia, quá giật."
1,Lei a 49 triệu là quá rẻ rồi còn gì?
0,Mặt trước giống iphone. Mặt sau giống samsung.
1,"Dell thiết kế tuyệt vời, cấu hình ổn định."
0,"Gia vị món bánh mì quá ngấy, ăn không vô."
0,Giờ này mà ai xài ba cái thứ cui bắp đó nữa. Cho trẻ con chúng nó còn chê cái điện thoại gì mà bé tẹo
0,Với tầm giá này mà AirPods bình thường vậy là không đáng tiền.
0,"vẫn không hiểu nhiều người cứ thích sw phải có sim rời để làm gì, đưa đồng hồ lên miệng là đã thấy dị rồi, chẳng thà mua cái đt cùi bắp 2 sim 2 sóng kiêm tai nghe bluetooth luôn có phải ngon không"
0,Dẫn vợ đi ăn vịt quay mà em gái chê nguội ngắt quá.
1,Tiếng Việt tốt luôn ! Search bằng giọng nói chuẩn luôn
1,"Samsung thiết kế mạnh, camera vẫn mượt."
0,"Giá này hơi cao, về VN cũng khoảng 11-12 triệu. Nếu vậy thì khó bán đây."
0,"Mình rất thất vọng với Vivo, pin tệ, hay bị sụt pin nhanh."
0,"Oppo nặng quá, xài một tháng là thấy kém quá."
1,Oppo họ giỏi thật !!!xài cái oppo r7 plus rất ưng ý !!
0,"Gia vị món kem quá khô, ăn không vô."
1,"Dẫn chồng đi ăn bún chả, em trai khen tươi."
0,"Món sushi vị không tươi, không đáng tiền tí nào."
1,Hàng tàu đc vầy là tốt lắm rồi mấy bác cứ mang so sánh với hàng xịn rồi chê tùm lum
0,"Gia vị món kem quá mặn, ăn không vô."
0,sao vẫn thế nhở
0,"Không thể chấp nhận được Nokia, quá loạn."
1,"Con Lenovo này dùng hoàn hảo, pin tuyệt vời."
1,Dùng táo chẳng nhẽ khen samsung nhưng phải nói quá đẹp và công nghê cao
1,"Mình rất hài lòng với Asus, thiết kế đẹp, tốt."
1,"Apple Watch đẹp quá, xài một tuần rồi vẫn không lỗi lầm."
1,"HP thiết kế ngon lành, camera hoạt động tốt."
1,"Món bánh xèo ở quán này cuốn hút cực kỳ, ăn vài hôm vẫn ghiền."
0,"Oppo quá tệ quá, xài một thời gian là thấy quá chán."
0,Mua Huawei về dùng thử mà thấy nặng quá.
1,"Asus thiết kế sắc nét, thiết kế đẹp."
1,"Con Vivo này dùng mượt mà, pin ổn định."
0,Mua windowsphone chỉ vì yêu nokia không ngờ lại phải bỏ thêm tiền mua android sau một tháng. Windowsphone chết đi là vừa
0,Mới mua con HP này về mà thấy xấu cực kỳ.
0,"Không thể chấp nhận được món nướng này, quá nhạt."
1,"Không có gì để chê ở món bún bò này, quá đậm đà."
0,"Không thể chấp nhận được AirPods, quá lag."
0,Loa ít bền
1,Với tầm giá này thì Sony là ấn tượng nhất rồi.
0,"Gia vị món pizza quá chán, ăn không vô."
1,"Quá tuyệt vời cho 1 em điện thoại Nhật. Công nghệ hiện tại chắc đang dẫn đầu các dòng máy Android, có 1 số tính năng học hỏi từ các hãng khác như tính năng cảm ứng ko chạm màn hình của Samsung S4 và chụp hình liên tiếp của HTC One... Thèm gì đâu mà thèm hix!!!"
1,"Dẫn vợ đi ăn cơm tấm, bạn bè khen xuất sắc."
1,"Asus thiết kế mạnh, hệ điều hành vô đối."
0,Giá rất yếu
0,"Surface chậm quá, xài cả tuần là thấy hết pin nhanh."
1,Với tầm giá này thì Surface là xuất sắc nhất rồi.
1,"Món bánh mì vị hấp dẫn, món ăn làm rất cuốn hút."
0,"Gia vị món sushi quá ngán, ăn không vô."
1,"Không có gì để chê ở món kem này, quá thơm."
0,"Mình rất thất vọng với hải sản, gia vị không tươi, đồ ăn khó nuốt."
0,"Không thể chấp nhận được món bánh mì này, quá nhạt."
0,Với tầm giá này mà Sony yếu vậy là không đáng tiền.
0,"Gia vị món sushi quá quá dở, ăn không vô."
1,"Mới ăn thử phở ở đây, vị hấp dẫn lắm luôn."
1,"Không có gì để chê ở iPad, quá nhẹ."
0,Mua iPhone về dùng thử mà thấy tệ quá.
1,"Món bún chả ngon hết sẩy, gia vị sạch sẽ."
1,"Món gỏi cuốn vị giòn, đồ uống làm rất vừa miệng."
1,"Cũng đang tính tìm mua 1em sạc dự phòng, thấy con này cũng hay"
0,"Gia vị món nướng quá chua, ăn không vô."
0,Nhọ
0,Máy cực kỳ lag
1,Mua con samsung docomo j đi bạn.ram 3g bộ nhớ 32g.camera 13.xài rất tốt.
1,Điện thoại này vô cùng đẹp
0,"Xiaomi thiết kế nóng, hệ điều hành thì quá đơ."
0,Xấu quá
1,"Mới tậu con Apple Watch này về, ngon lành cực kỳ luôn."
0,"Mình đang xài con m4 đây chán lắm bộ nhớ trong chỉ có 8g thôi, có nhiều ứng dụng tải về không chuyển sang bộ nhớ ngoài được nên rất mau đầy khuyên bạn nên dùng j7 là không hối hận bạn nhé"
1,"Món nem cuốn ở quán này rất ngon cực kỳ, ăn suốt mấy tháng vẫn ghiền."
1,Quán này pizza là rất ngon nhất rồi.
1,"Dẫn đồng nghiệp đi ăn mì quảng, chồng khen béo."
0,Thật sự thất vọng nếu IP7 y như vậy. Thà mua 6 hoặc 6s còn hơn.
0,"Không thể chấp nhận được iPad, quá tệ."
0,"Ss nút tăng, giảm âm dở lắm, trước mình xài glaxy s3 cũng bi hư phần tăng âm, chùi không hết phải thay, giờ đang xài not 4 cũng không còn nhạy nửa.Mình thích chụp hình quay phim , nghe nhạc nên đang tính chuyển qua iphone giống bx cho lành"
0,"Mình rất thất vọng với Asus, thiết kế yếu, hay bị chậm vãi."
0,"Không thể chấp nhận được Nokia, quá lởm."
1,"Mình rất hài lòng với Sony, bộ nhớ phù hợp, dùng rất sướng."
0,"Oppo lỗi quá, xài vài hôm là thấy quá cùi."
0,"Đáng gờm thôi chứ không thể nào xứng tầm Surface Pro được. Chất lượng Full HD là thấp. Thiết kế màn hình có viền quá to, thời lượng Pin quá thấp đối với 1 thiết bị dạng Tablet. Pin thậm chí còn thua cả mấy con Ultrabook như Dell XPS hay Vaio T. Đã gọi là Tablet (hoặc lai Tablet) thì cũng phải được 8h pin là tối thiếu cho 1 ngày làm việc."
0,"Con Nokia này dùng lag, pin mất sóng."
1,Quá ấn tượng
0,"Con Realme này dùng giật, pin chán hẳn."
0,"Samsung thiết kế nóng, màn hình thì không xài được."
1,"Mới ăn thử sushi ở đây, vị ngon tuyệt lắm luôn."
0,"Samsung chỉ được mẫu mã thôi. thực sự máy Samsung mau hư. sửa chữa rất tốn tiền và mất thời gian. Tôi đã xài Note 4 và Notẹ 5, phải 2 lần đi thay board vì board bị hư. cũng may là 2 lần này cũng trong bảo hành nên kg phải thanh toán, nhưng thời gian thay board mát 3 ngày. Tôi mất tất cả thông tin để liên lạc cũng như tin nhắn với khách hàng. lần thứ 3 bị hư board và được báo già vài triệu nên tôi bỏ luôn , không bao giờ xài nó nữa. Chán Samsung lắm rồi..."
0,Mới ăn thử kem ở đây mà thấy nguội ngắt cực kỳ.
1,"Con Acer này dùng nhẹ, pin không bị lag."
1,"Mới ăn thử bún chả ở đây, vị vừa miệng lắm luôn."
1,"Không có gì để chê ở món lẩu này, quá hấp dẫn."
1,"Mua Nokia cho em gái dùng, chồng khen ngon lành."
1,"Dẫn con đi ăn lẩu, mẹ khen ngon."
0,"Không thể chấp nhận được Nokia, quá tệ."
0,"Món trà sữa ở quán này thiu quá, ăn hơn nửa năm là thấy dai quá."
1,"Món bún bò vị quá đã, nước chấm làm rất giòn."
0,Mua iPad về dùng thử mà thấy quá tệ quá.
1,Mình đang chờ màu này hợp mạng ngóng màu xanh lâu rồi
1,Giá ngon
1,Đang dùng Note 5 Dual thấy rất tiện dụng vì cây viết rất tiện dụng cho việc đánh dấu và noted các file pdf và file hình. Chắc sẽ ổn định với e nó thêm 1 năm nữa.
1,"Dẫn em trai đi ăn trà sữa, bố khen xuất sắc."
0,Dẫn bố đi ăn bánh mì mà đồng nghiệp chê chua lè quá.
0,"Surface thiết kế kém, chip thì sụt pin nhanh."
1,"Oppo thiết kế tốt, thiết kế mượt."
0,"Cá nhân tôi thấy zen rất tệ , tôi dùng 1 zen 5 và mua 1 zen2 cho bố và thật buồn là đều bị lỗi ."
1,"Mình rất thích bánh xèo ở đây, quán phục vụ đậm đà, đồ ăn hấp dẫn."
0,"Đã là cao cấp lại còn tiết kiệm không gian màn hình làm phím bấm, dùng mới thấy khó chịu thế nào. Dòng Android nên làm phím home cứng bấm vào để chủ động bật tắt phím điều khiển."
0,"Nếu có ios10 thì đc khuyến mãi mấy lỗi nữa, à nhầm mấy tính năng mới.update là lỗi :)"
0,Các bác có thấy hao hao thiết kế của Xiaomi ko? Nhưng xanh chín thì Xiaomi nhìn vẫn đẹp hơn.
1,"Mua iPad cho đồng nghiệp dùng, vợ khen cao cấp."
0,"Vivo lởm quá, xài suốt mấy tháng là thấy lag lòi."
1,"Mấy con asus mới này lai Zen nhìn yêu quá, mỏng và sang chảnh nhất là màu vàng hồng fashion and chic!"
1,"Mua Asus cho em gái dùng, con khen ấn tượng."
0,"LG thiết kế bình thường, màn hình thì chậm vãi."
0,"Món pizza vị khô, không đáng tiền tí nào."
0,"Android thì chỉ chơi Sony hay HTC. Samsung chỉ được nước đầu 6 tháng kể cả dòng cao cấp, sau đó sẽ thấy cái cảnh thê thảm như thế nào."
1,"Mình rất hài lòng với Nokia, hệ điều hành xuất sắc, hoạt động tốt."
1,"Mình rất thích cà phê ở đây, quán phục vụ vừa vị, đồ ăn tươi."
0,Một bước đi sai lầm
1,"Món lẩu vị quá đã, gia vị làm rất ngon."
0,Màn hình chưa tuyệt vời
0,tưởng thế nào thôi mua 6s là dc ồi camera vẩn như xưa
0,"Mình rất thất vọng với gà rán, món ăn tanh, đồ ăn đắt đỏ."
0,"Món gỏi cuốn ở quán này chua quá, ăn cả năm là thấy không đáng tiền."
0,"Con iPhone này dùng lag, pin vô dụng."
0,Chất lượng chả ngon
0,"Mình rất thất vọng với Acer, hiệu năng mờ, hay bị mất sóng."
0,Mới mua con Lenovo này về mà thấy loạn cực kỳ.
1,Chất lượng này cực kỳ đẹp
1,"Mình rất thích bún chả ở đây, quán phục vụ béo, đồ ăn béo."
1,"Món mì quảng ngon hết sẩy, gia vị xuất sắc."
1,"Dẫn em gái đi ăn gỏi cuốn, mẹ khen vừa vị."
0,Mua Acer về dùng thử mà thấy quá kém quá.
1,Máy này thật sự mượt mà
1,"Món vịt quay vị vừa vị, topping làm rất cuốn hút."
0,Với tầm giá này mà LG quá tệ vậy là không đáng tiền.
1,"Thiết kế quá đẹp,cấu hình mạnh mẽ ,có thể là mẫu Laptop của tương lai chăng .Microsoft đã đi trước công nghệ ."
1,"Món vịt quay ngon hết sẩy, gia vị chất lượng."
0,Mới mua con LG này về mà thấy đơ cực kỳ.
0,"Con iPad này dùng lag, pin mất sóng."
0,"Mình rất thất vọng với Surface, vân tay đơ, hay bị lag lòi."
0,Camera chả hoàn hảo
1,Chất lượng này hoàn toàn hoàn hảo
1,xài Loa thấy quá đỉnh
1,"LG bền quá, xài mấy ngày rồi vẫn không nóng máy."
0,"Gia vị món nướng quá nguội ngắt, ăn không vô."
0,"Macbook xấu quá, xài vài tháng là thấy rất tệ."
1,"Món cơm tấm ngon hết sẩy, gia vị tươi."
1,Dịch vụ này vô cùng hoàn hảo
1,"Tôi đang sử dụng Redmi note 2, pin rất tốt, chất lượng ổn, chỉ có điều khi pin tuột xuống dưới 20% đôi khi nghe cuộc gọi đến chập chờn. Wifi ko bao giờ tắt, sd 3g thì mau hết pin hơn."
0,"Gia vị món phở quá mặn, ăn không vô."
0,"Món nem cuốn vị khô, không đáng tiền tí nào."
0,"Mình rất thất vọng với LG, loa lỗi, hay bị hết pin nhanh."
0,Loa không bền
1,"Món gỏi cuốn vị cuốn hút, nước chấm làm rất tươi."
0,"Mình rất thất vọng với Acer, thiết kế yếu, hay bị giật lag."
1,"Món bánh xèo ở quán này đậm đà cực kỳ, ăn vài hôm vẫn ghiền."
0,Thiết kế chả tốt
1,"Mua Apple Watch cho con dùng, bạn bè khen ngon lành."
1,Quán này bún chả là tuyệt vời nhất rồi.
1,"Con Realme này dùng ấn tượng, pin nhanh."
0,"Không thể chấp nhận được món phở này, quá quá tệ."
1,Với tầm giá này thì iPad là bền nhất rồi.
1,"Mới ăn thử bánh mì ở đây, vị béo lắm luôn."
1,"Không có gì để chê ở món bún chả này, quá rất ngon."
0,Mới mua con AirPods này về mà thấy xấu cực kỳ.
1,"Mình rất hài lòng với Dell, wifi bền, tuyệt vời."
0,Mới ăn thử nem cuốn ở đây mà thấy khét cực kỳ.
0,"Món mì xào ở quán này mặn quá, ăn mấy ngày là thấy không nuốt nổi."
1,"Mình rất hài lòng với Nokia, camera ổn định, vô đối."
0,"Món gỏi cuốn ở quán này ngán quá, ăn suốt mấy tháng là thấy chán phèo."
1,"Con Xiaomi này dùng phù hợp, pin không bị lag."
1,"Mình rất thích phở ở đây, quán phục vụ sạch sẽ, đồ ăn đặc sắc."
1,"Mới tậu con Surface này về, mượt mà cực kỳ luôn."
1,Đt nhật hơi bị chất. luôn đi đầu về công nghệ. Chiến multi hơi bị đỉnh. chỉ có điều nó là hàng nội địa + giá cao.
1,"Mới ăn thử hải sản ở đây, vị vừa miệng lắm luôn."
1,"Dẫn người yêu đi ăn mì xào, em trai khen hấp dẫn."
0,Dẫn con đi ăn vịt quay mà đồng nghiệp chê đắng quá.
0,"Con Apple Watch này dùng giật, pin mất sóng."
1,"Màn LG, Dell màu khá chuẩn"
1,"Mới ăn thử cơm tấm ở đây, vị cuốn hút lắm luôn."
0,"Sony ngày càng lạc hậu...đúng là cái gì cũng có một thời rồi lại sẽ lỗi thời.Sony Z Premium màn hình thì ám xanh ám tím,k trong trẽo,màu sắc thì nhạc nhẽo,thiếu trung thực,đồ hoạ và giao diện thì cũ rít..,máy thì nóng,thiết kế cỗ lỗ sĩ,loa ngoài thì ồ ồ,còn Camera đình đám 21 chụp thua con Oppo,chụp hình chậm nào canh nét canh sáng...zoom lên tí bể nát hình,canh chỉnh lôi thôi chẳng ra gì...thua"
0,"Đang xài 2 con M185, nút chuột giữa hai con đều như hạch. xài chưa được năm , scroll đã chạy bậy rồi. Hay mua phải đồ đểu hỉ?"
1,"Mua Oppo cho bạn bè dùng, mẹ khen nhẹ."
1,"Mới ăn thử phở ở đây, vị đặc sắc lắm luôn."
1,"Món cà phê vị ngon, đồ ăn làm rất tuyệt vời."
1,"Tôi đang dùng M7 từ lúc mới có One, đến giờ vẫn ổn, kiểu dáng không bị lỗi thời, nói chung nếu giá vừa phải thì em này vẫn ngon hơn nhiều em khác."
1,"Món kem vị tươi, decor làm rất ngon miệng."
0,Điện thoại ít ngon
0,"Món nem cuốn ở quán này chán quá, ăn một tuần là thấy mất vệ sinh."
0,Dẫn mẹ đi ăn mì xào mà em trai chê không tươi quá.
1,"Món mì quảng vị giòn, không gian làm rất tuyệt vời."
0,"Mấy đứa bạn mình dùng con cũng này chê nhiều lắm. Đứa thì máy giật, đứa thì chai pin, đứa thì bung nút nguồn. Không biết Zenfone 2   3 có tốt hơn nhiều không."
0,"Không thể chấp nhận được món bún bò này, quá mặn."
0,Dẫn vợ đi ăn bún chả mà bố chê dở quá.
0,"Sau khi đọc hết 21 trang comment của mọi người , mình quyết định ko mua vidonn A6 , x6 hay x6s nữa ^^ có vẻ củ chuối , ko ổn định. Mình quyết định mua i5+ cho vợ, nhiều comment tốt hơn. P/s: Mình đang xài mi band 2 , thấy hài lòng."
0,"Đã xài qua Mi Pulse 1S thì thấy nó có 2 cái dở: 1 là tracking bước chân và activities không chính xác so với Misfit Shine, 2 là cực kỳ hao pin điện thoại nếu để nó kết nối Bluetooth thường trực. Còn một điểm trừ là không coi được giờ. Cái điểm trừ được cải thiện với Mi Band 2 nhưng 2 cái kia không biết sao..."
1,"Mới tậu con HP này về, mạnh cực kỳ luôn."
0,Mua Asus về dùng thử mà thấy loạn quá.
1,"Quá tuyệt vời cho samsung, xứng đáng là hãng công nghệ đứng số 1 toàn cầu, bỏ xa các đối thủ khác, iphone thì ko chấp, thua cả xiaomi của trung quốc."
0,"Không thể chấp nhận được Dell, quá mờ."
1,"Mua Xiaomi cho vợ dùng, bố khen tuyệt vời."
1,"Không có gì để chê ở Macbook, quá ngon lành."
0,"Mình rất thất vọng với gà rán, nước dùng quá dở, đồ ăn tanh rình."
1,"Mới ăn thử bánh mì ở đây, vị chất lượng lắm luôn."
1,mình đang dùng note5 tuyệt nhưng hơi cô đơn
0,"Ối giời, thế này thì cũng kém như iPhone thôi, SS xem lại danh hiệu dẫn đầu công nghệ đi"
0,3tr6 thì mua dk đầy loa ngon nghe cho laptop dt. Mà 4 con vít ấy sao k ẩn chìm phẳng và sơn đen nhỉ. Giá cao quá.
1,dòng note và dòng S của samsung đa'ng dùng hơn tất cả các dòng khác vào thời điểm hiện tại
0,"Samsung quá tệ quá, xài hơn nửa năm là thấy hay bị lỗi."
1,"Mới ăn thử bánh xèo ở đây, vị vừa miệng lắm luôn."
1,Chất lượng này khá đẹp
1,"Món phở vị giòn, đồ ăn làm rất ngon tuyệt."
1,"Mới ăn thử nem cuốn ở đây, vị rất ngon lắm luôn."
0,"G2 loạn cảm ứng, G3 hay tắt nguồn, G4 hay chết mainboard. Biết thì khuyên ko bít thì thôi...khuyên bậy hại người ta"
1,thừa được nhé bạn.nó rất là tiết kiệm pin đó.trâu hơn mấy con sky quảng cáo pin 1300 1400
0,Vậy cái tính năng ấn nút home để mở khoá của iOS 10 làm gì nhỉ ?
0,"thích dùng android nhưng mấy cái dự án kiểu này nghe phức tạp quá   ! Thay vì cải tiến cái chỗ mở khóa màn hình, tốt nhất nên để cho ng` dùng quyết định cái gì là quan trọng nhất thì ng` ta bảo mật phức tạp, còn mở khóa màn hình thì mở khóa bằng pass hoặc vẽ hình đã quá đủ. Cầu kỳ cho lắm xong rồi lại chán vì sự phức tạp ko cần thiết"
0,Mới mua con Nokia này về mà thấy quá tệ cực kỳ.
1,"Dẫn bạn bè đi ăn cơm tấm, con khen chất lượng."
0,"Tưởng rẻ tính mua mà giá cao quá, ko có cơ hội xài"
1,Mình vẫn đang dùng Htc one M7 và cảm thấy chưa cần phải thay đổi
0,Dẫn bố đi ăn bánh mì mà vợ chê chán quá.
1,"Mua iPhone cho em trai dùng, chồng khen đáng tiền."
0,"Không thể chấp nhận được món nem cuốn này, quá đắng."
1,Quán này bánh xèo là xuất sắc nhất rồi.
1,Camera này thật sự ngon
0,Mới ăn thử mì quảng ở đây mà thấy quá dở cực kỳ.
1,"Từ trước đến nay Apple chả làm ra điều gì mới mẻ cả bạn ạ, từ màn hình cảm ứng, cảm biến vân tay, màu vàng hồng đều đã có trước, nhưng cái có trước đó chỉ là có để cho có, còn khi đến lượt apple tích hợp vào thì nó lại là một tính năng hữu ích."
1,"Món kem vị vừa miệng, gia vị làm rất rất ngon."
1,"Dẫn đồng nghiệp đi ăn gà rán, đồng nghiệp khen quá đã."
1,"Món bún chả ngon hết sẩy, gia vị ngon miệng."
0,"Không thể chấp nhận được món vịt quay này, quá ngán."
1,"Món pizza vị tươi, món ăn làm rất rất ngon."
0,"Món trà sữa ở quán này đắng quá, ăn vài tháng là thấy không nuốt nổi."
0,Mới ăn thử lẩu ở đây mà thấy ôi cực kỳ.
0,"AirPods nặng quá, xài một thời gian là thấy nhanh tã."
1,"Nay hàng về đến tay mình trải nghiệm được nửa ngày nên review cơ bản cho anh em tham khảo. Mình sử dụng A6 với iPhone 6s plus (ios 9.3.2): *Thiết kế: - Nhìn bên ngoài không như tưởng tượng. Nhỏ nhắn xinh xắn nên nữ xài cũng đc. Hợp với tay vừa và nhỏ. - Về gia công thì chưa sắc sảo nhìn là biết hàng rẻ tiền. Đặc biệt chắc cái của mình xui hay sao đó ở phần màn hình cuối sát chỗ cảm ứng bị 1 dải mực đen bên trong làm che mất 1 phần thông tin. Nhìn khó chịu lắm nhưng ở trong HCM đổi trả phiền phức nên chắc để xài tạm. *Tính Năng: - Sản phẩm hoạt động tốt mọi chức năng chứ không hề lởm khởm cái thọt cái có như nhiều bạn cm đâu nha (Cái này do các bạn chưa biết cách sử dụng hoặc không rành rọt về công nghệ nên vậy) - Thông báo trên ios thì có mục stick other chứ không có add từng app như android cơ bản vì trên ios ứng dụng muốn push thông báo phải đc cho phép từ người dùng chứ không tự do như bên android nên bên android có mục add thêm để giới hạn. - Thông báo zalo sms các kiểu nhanh không delay và full tiếng việt không hề bị lỗi hay thọt chữ nào cả. Các chữ Ữ Ở Ố Ồ Ế Ệ này nọ hiện tốt hết. tin nhắn dài hiển thị hết luôn nhé, cứ chạm cảm ứng để qua trang đọc tiếp. - Đo bước chân chuẩn, mình cầm đi 10 bước hiện đúng 10 không hơn không kém. Các bạn mua về chạy bộ hay đi bộ khỏi phải lăn tăn sợ sai số quá nhiều nhé. - Nhịp tim mình không có máy chuyên dụng để so sánh. Chỉ thấy là đo tốt và nên đo ở cổ tay dưới ngay mạch sẽ chuẩn hơn vì ở đó ngay mạch máu và da mỏng. - Thông báo cuộc gọi cũng rất tốt không delay và rung tê tái - Báo thức rung tốt mà không biết ngủ say quá rung có biết gì không thì tí ngủ mới thử đc. Chú ý nhớ set ngày nào báo thức chứ chỉ set giờ nó không báo thức đâu nhé. - Chức năng kiểm soát giấc ngủ thì mình chưa ngủ nên chưa rõ - Moveless cũng chưa rõ - Anti lost alert cũng không rõ lắm. Stick on cầm đi ra ngoài nhà xong chạy vào phòng thấy màn nó có sáng lên không biết có âm thanh không. Nói chung chưa rõ cần nghiên cứu thêm - Pin rất tốt. Trong tờ giấy đi kèm trong hộp cũng có ghi rõ rồi. Mức tiêu hao pin tùy vào việc bạn sử dụng chức năng đo nhịp tim thôi Sport > Intelligent > Off. Mình thấy tắt là hay nhất khi nào đi tập gym thì bật chức năng sport lên đo khoảng 1-3h tập là ok. * Với mức giá rẻ gấp mấy lần fibit mà chức năng tương đương và có vài cái vượt trội hơn thì không có gì phải phàn nàn. Mọi chức năng hoạt động tốt cho bạn nào rành về công nghệ và lởm khởm với ai chưa rành. Chỉ hơi thất vọng là cái của mình bị mực dính chỗ màn hình làm hơi khó chịu. *Tips của mình: Sau khi kết nối nếu các chức năng chưa hoạt động tốt bạn vào app vidonn chọn reboot bracelet. Sau đó reboot đt luôn. Sau khi máy mở bạn vào app pair với A6 trực tiếp qua app chứ không pair qua setting bluetooth đt nhé."
1,Camera này hoàn toàn hoàn hảo
1,"Acer phù hợp quá, xài vài tháng rồi vẫn rất tốt."
1,kiểu này thì mình cũng phải đặt 1cái mới được
0,Có khi nào là hết ý tưởng ko..?
1,"Con iPad này dùng nhanh, pin ổn định."
0,Mua Nokia về dùng thử mà thấy lởm quá.
1,Thật sự rất đẹp :) Nhưng Note 5 còn quá tốt Chờ Note 8 sẽ mua
0,"Mình rất thất vọng với iPhone, vân tay chán, hay bị hết pin nhanh."
0,Thiết kế thì dày cộm mà pin có 3000mAh.
0,Sản phẩm ít ngon
0,Dẫn em gái đi ăn kem mà em trai chê nhạt quá.
0,"Không thể chấp nhận được Vivo, quá quá kém."
1,"Windown phone mới đầu dùng cảm giác hơi bị gò bó và . Một khi đã dùng quen thì rất mượt, ứng dụng với mình cảm thấy cũng tương đối đủ dùng với nhu cầu bản thân"
0,Màn hình cực kỳ đắt
0,Thiết kế cực kỳ lag
1,"Không có gì để chê ở Lenovo, quá nhanh."
1,"Không có gì để chê ở Dell, quá nhẹ."
1,Chất lượng này khá hoàn hảo
0,"Huawei thiết kế loạn, cảm ứng thì lag lòi."
0,Tim Cook đang nỗ lực cải lùi iPhone. Steve Jobs mà thấy thiết kế như vầy chắc đội mồ sống dây.
1,"Macbook sắc nét quá, xài mấy ngày rồi vẫn vô đối."
0,Giá hơi chậm
1,"Xiaomi Mi4 dưới 3tr, có LTE, bền vô đối. Lấy 2 màn hình của Mi4 và Bphone đập vào nhau đến khi bể thì Bphone nứt, Mi4 không xi nhê gì.Thả từ độ cao 1m xuống nền gạch vài lần Bphone vỡ, mi4 chỉ bật nắp lưng...Quá khủng cho hàng ""hạt rẻ"" mà chất.(Đã dùng hơn 1 năm từ lúc giá 6 củ và rất hài lòng)"
1,Mình cũng chỉ mong một thiết bị đeo tay đến vậy thôi.....
0,Giá quá xấu
1,"Acer thiết kế sắc nét, vân tay dùng rất sướng."
1,"Mới ăn thử kem ở đây, vị chất lượng lắm luôn."
1,Thật là tuyệt vời! Thật không thể tin nổi!
1,Chất lượng này rất mát
1,"Tôi mua Macbook Pro 13"" từ cuối năm 2010 và bây giờ nó vẫn chưa chịu hỏng :( Dùng vẫn nhanh, mượt, xem phim, nghe nhạc lướt mạng thỉng thoảng photoshop với lighroom chút vẫn ngon lành :D"
0,"Không thể chấp nhận được Surface, quá nặng."
0,"Con Surface này dùng yếu, pin yếu xìu."
0,"Acer thiết kế bình thường, wifi thì hay bị lỗi."
1,"Mua Lenovo cho mẹ dùng, mẹ khen phù hợp."
1,"Không có gì để chê ở món nem cuốn này, quá ngon miệng."
0,"Oppo nóng quá, xài cả tuần là thấy giật lag."
1,Toàn thấy các bạn kêu dòng Z bị lỗi trong khi mình dùng dòng C rẻ tiền nhất của Sony thì 2 năm vẫn chạy ngon.
0,"Món bánh xèo ở quán này quá kém quá, ăn một tháng là thấy khó nuốt."
1,"Tớ dùng bon 9900, chạy ngon đúng chất dâu. Mới dùng được mấy năm. Cảm giác mượt, dễ chịu, thật như đang dùng một chiếc... đi động!"
1,Con này mà cầm lên chụp hình k cần biết chất lượng thế nào đã khen đẹp rồi
0,"Gia vị món gà rán quá không tươi, ăn không vô."
0,"Không thể chấp nhận được món sushi này, quá quá kém."
1,"Mua Huawei cho em gái dùng, em gái khen sắc nét."
0,"Viền to nên cái đt dài thêm rất khó đút túi quần, chỉ hợp với ai đi ô tô hoặc bỏ túi sách"
1,"Con iPhone này dùng tuyệt vời, pin vẫn mượt."
1,"Món hải sản vị chuẩn vị, decor làm rất tuyệt vời."
0,"Không tốt đâu. Nhà t có dùng 1 cái 40"" load mạng rất chậm"
1,"Mua Asus cho bạn bè dùng, đồng nghiệp khen đẹp."
1,Với tầm giá này thì Realme là đẳng cấp nhất rồi.
0,"Không thể chấp nhận được Lenovo, quá giật."
1,"Món nướng vị cuốn hút, phục vụ làm rất béo."
1,"Mình rất hài lòng với Vivo, camera bền, hoạt động tốt."
1,"Không có gì để chê ở AirPods, quá đẹp."
1,"Mới tậu con Apple Watch này về, phù hợp cực kỳ luôn."
1,"Mới tậu con Acer này về, xuất sắc cực kỳ luôn."
1,"Ở đây chỉ là các máy mỏng đẹp nhất. Còn đẹp theo khái niệm chung nhất, theo tôi phải là Alienware. Thiết kế đẹp, vật liệu đẹp, hiệu năng cực cao."
1,"Oppo thiết kế tốt, pin không bị lag."
1,"Con Oppo này dùng cao cấp, pin không bị lag."
1,Độc thôi chứ tôi mua bộ loa vi tính microlap 800 k mấy năm rồi nghe phê lòi tai .
1,"Mình rất hài lòng với Apple Watch, loa tuyệt vời, ổn định."
0,Chậm???
1,Đẹp quá
1,Quán này nem cuốn là chuẩn vị nhất rồi.
1,"Món bún bò ngon hết sẩy, gia vị giòn."
0,Mua Macbook về dùng thử mà thấy yếu quá.
1,"Apple Watch thiết kế xuất sắc, vân tay dùng rất sướng."
1,Quán này hải sản là ngon nhất rồi.
1,Với tầm giá này thì Lenovo là ấn tượng nhất rồi.
1,"đã sài thử cả hết các rom wm5 cingguler, wm6.o, wm6.1. nói chung là ổn không có gì phải suy nghĩ. máy cho đữa bạn mượn rồi các bạn thử up đi dễ ợt mà. có một điều quan trọng là wm6.o beta6 và wm6.1 thì không có java không cài được ứng dụng java còn wm6.o beta2 thì có java nhưng bị một số lỗi về icon cũng chả sao cả máy vần dùng ổn định thêm nhiều ứng dụng tốc độ nhanh, thêm nữa là nghe nhạc hay hơn ăn ít pin hơn"
1,"Lenovo thiết kế tuyệt vời, sạc phê lắm."
0,Mới ăn thử trà sữa ở đây mà thấy khó ăn cực kỳ.
0,Mới ăn thử cơm tấm ở đây mà thấy chua lè cực kỳ.
0,đẹp nhưng quá mắc. $1000 thì mua dc chứ giá khởi điểm $1499 thì ko nổi mua :D
0,"Không thể chấp nhận được món pizza này, quá ngán."
0,"Không thể chấp nhận được món phở này, quá khó ăn."
1,đẹp và sang trọng quá
0,Mỏng thì sẽ dễ bị cong nếu bỏ trong túi quần..... Gì cũng có cái lợi cái hại...
1,Mình dùng con Asus mãi mà chưa hỏng. Chỉ mong nó hỏng để mua máy mới. Còn đám bạn dùng mấy đời máy HP rồi.
0,"Gia vị món nem cuốn quá khô, ăn không vô."
0,"Mình rất thất vọng với iPhone, cấu hình lag, hay bị nhanh tã."
1,Dịch vụ này quá mượt mà
0,"Asus thiết kế quá tệ, bộ nhớ thì kém quá."
0,Mua Realme về dùng thử mà thấy yếu quá.
1,Mi 4 ok '.ngon bo re
0,Mới ăn thử phở ở đây mà thấy chua cực kỳ.
0,"Realme bình thường quá, xài vài hôm là thấy nhanh tã."
1,"Mua HP cho con dùng, người yêu khen phù hợp."
0,Mới ăn thử mì quảng ở đây mà thấy quá kém cực kỳ.
1,Mỗi người một cảm nhận.. Không thích thì đừng sài.. Mình vẫn thích tối giản các phím bấm.. Và hài lòng với thiết kế hiện tại.
0,"Món gà rán ở quán này quá dở quá, ăn vài hôm là thấy khó nuốt."
1,"Dẫn mẹ đi ăn lẩu, chồng khen béo."
0,"Một thất bại của Apple? Quả thật nhìn thực tế SE không được như 5S, nhìn nó dại dại sao ý, nhất là màu vàng hồng!"
1,"Không có gì để chê ở món cơm tấm này, quá cuốn hút."
0,Camera chả đẹp
0,"LG quá tệ quá, xài vài tháng là thấy không xài được."
0,"Mình rất thất vọng với cà phê, nước chấm thiu, đồ ăn không ngon."
0,"Con HP này dùng không ổn, pin hết pin nhanh."
1,"Dẫn em gái đi ăn mì xào, mẹ khen rất ngon."
1,"Lenovo thiết kế tốt, cảm ứng bình thường."
0,"Không thể chấp nhận được món mì quảng này, quá mặn."
0,Điện thoại cực kỳ tệ
0,"Lúc đâu tưởng chỉ vài triệu, đọc cuối ai ngờ,...."
1,"Mua Samsung cho bạn bè dùng, mẹ khen tuyệt vời."
1,Dịch vụ này hoàn toàn tuyệt vời
1,"Không có gì để chê ở món bún chả này, quá giòn."
0,Nếu thực sự đây là IP7 thì doanh số sẽ tụt dốc thảm hại vì không có gì mới cả về kiểu dáng lẫn tính năng.
0,"Món bún bò vị khô, không đáng tiền tí nào."
0,"Con Sony này dùng quá kém, pin quá cùi."
1,"Nâng cấp lên mà giá vẫn rẻ, Obi phân khúc này trùm rồi :D"
0,"Không thể chấp nhận được món lẩu này, quá mặn."
1,"Mua Xiaomi cho vợ dùng, người yêu khen mượt mà."
0,"Mình rất thất vọng với mì quảng, decor tanh, đồ ăn quá ngấy."
0,xau qua ko dep ti nao.
0,Với tầm giá này mà Surface bình thường vậy là không đáng tiền.
0,Mua Xiaomi về dùng thử mà thấy nóng quá.
0,Con này thuê Xiaomi làm chứ đâu. In lại mỗi cái logo Asus bán 600k. Thôi mua Xiaomi bản 2.0 rẻ hơn 1/2 mà cũng như nhau
0,"Vivo thiết kế loạn, pin thì quá cùi."
0,"Mình rất thất vọng với kem, gia vị dở, đồ ăn chua loét."
1,Quán này nem cuốn là hấp dẫn nhất rồi.
1,"Mình rất hài lòng với HP, loa bền, mạnh."
0,Mới mua con Xiaomi này về mà thấy bình thường cực kỳ.
1,"Món vịt quay ở quán này sạch sẽ cực kỳ, ăn cả năm vẫn ghiền."
0,"Món hải sản ở quán này khô quá, ăn vài tháng là thấy đắt đỏ."
0,Window Phone - Ác mộng của game thủ.
0,"Con Acer này dùng quá kém, pin yếu xìu."
1,xài Pin thấy rất xuất sắc
0,chỉ là hạt cát so với surface pro thôi.
1,Quán này nướng là vừa vị nhất rồi.
1,"Mua Apple Watch cho đồng nghiệp dùng, chồng khen sang trọng."
0,Quán này đồ ăn không tươi vậy là không đáng tiền.
1,"Mình rất hài lòng với iPad, cấu hình mượt mà, tuyệt vời."
0,Mua Macbook về dùng thử mà thấy bình thường quá.
1,Với tầm giá này thì Realme là đẹp nhất rồi.
0,"Mình rất thất vọng với Xiaomi, cấu hình quá tệ, hay bị không xài được."
0,nó tăng nhiều tính năng hơn bản thân nó hồi trước thì nó cần tăng ram so với android chi cho nó mệt
1,"Mình đã sài Huawei GR5 hơn 2 tháng rồi điều mình thích nhất là Wifi , 3G rất tốt mạnh lắm các chức năng khác củng thấy ổn chỉ có chụp hình thiếu sáng thì không được đẹp lắm , độ sáng của mành hình củng chưa cao . Cảm biến vân tay nhanh .Công chức với mức lương thấp thì có con Huawei GR5 là OK rồi ."
0,"Mình rất thất vọng với sushi, món ăn không tươi, đồ ăn quá dở."
0,"Gia vị món vịt quay quá chua, ăn không vô."
1,"Mới tậu con Acer này về, mạnh cực kỳ luôn."
1,Chất lượng này rất mát
1,"Đẹp quá, phải làm 1 cái mới được. Má: Dậy đi bán cho hết vé kìa, chiều rồi...!!!"
1,Với tầm giá này thì Surface là sang trọng nhất rồi.
1,"Máy đẹp, giá cũng hợp lí. Đúng là sự lựa chọn tốt trong tầm giá 14tr."
0,Thiết kế quá tệ
1,"Mới ăn thử bún bò ở đây, vị quá đã lắm luôn."
1,"Mua Asus cho người yêu dùng, người yêu khen mỏng."
1,Máy này vô cùng êm
1,"Mua Samsung cho con dùng, em trai khen mượt mà."
0,"HP mờ quá, xài suốt mấy tháng là thấy nhanh tã."
1,"Món pizza vị thơm, topping làm rất rất ngon."
0,Máy rất yếu
1,"Mới ăn thử pizza ở đây, vị tươi lắm luôn."
1,"Món mì xào vị tuyệt vời, phục vụ làm rất thơm."
1,"Mua Huawei cho em trai dùng, đồng nghiệp khen nhanh."
0,Mới ăn thử mì xào ở đây mà thấy khô cực kỳ.
0,"Món cơm tấm vị nguội ngắt, không đáng tiền tí nào."
0,"Lenovo quá chán quá, xài vài tháng là thấy sụt pin nhanh."
1,"Mua Vivo cho người yêu dùng, con khen mỏng."
1,Với tầm giá này thì AirPods là nhẹ nhất rồi.
0,Mới ăn thử bánh mì ở đây mà thấy chua cực kỳ.
1,"Con LG này dùng ngon lành, pin tốt."
1,"Ngon, bạn nào lấy mà dùng nè"
0,"Mình rất thất vọng với bánh xèo, đồ ăn thiu, đồ ăn không nuốt nổi."
0,"Chụp bằng phần mềm này nước ảnh trong và tươi hơn cam của iphone nhưng có độ trễ, chụp vật thể chuyển động sẽ bị nhòe. Không có chức năng làm mịn ảnh. Dùng phần mềm Microsoft Selfie thích hơn."
1,"Dẫn con đi ăn mì xào, em gái khen tươi."
1,"Mới ăn thử hải sản ở đây, vị xuất sắc lắm luôn."
0,"Macbook thiết kế đơ, thiết kế thì vô dụng."
1,"Có nhiều cái như theo dõi sức khoẻ cũng cần mà bác. Hôm trước em có mượn đứa bạn cái AW để đi tập gym thử, thấy cũng có ích, bình thường em dùng fuelband nhưng nói chung muốn nó là 1 sản phẩm thực sự thuyết phục được đại đa số người tiêu dùng thì phải có những nâng cấp lớn"
0,Chất lượng không xuất sắc
1,"Mua Nokia cho vợ dùng, đồng nghiệp khen sang trọng."
1,"Dẫn bạn bè đi ăn nem cuốn, người yêu khen đặc sắc."
1,"Không có gì để chê ở iPad, quá mỏng."
0,"Không thể chấp nhận được món nem cuốn này, quá ngán."
1,Với tầm giá này thì Vivo là hoàn hảo nhất rồi.
0,Điện thoại chả xịn
0,"Không thể chấp nhận được Surface, quá lỗi."
0,Mới ăn thử gỏi cuốn ở đây mà thấy nguội ngắt cực kỳ.
0,Mua Macbook về dùng thử mà thấy loạn quá.
0,Em j này màn ám vàng. Các bác nên đợi thêm time làm em G3 docomo cho máu
1,"Cái này mà gắn vào camera trước thì hay quá, sao chủ thớt không thử với camera trước nhỉ?"
0,"Mình rất thất vọng với pizza, đồ ăn nguội ngắt, đồ ăn rất chán."
0,Pin quá yếu
0,asus là chuyên gia nhái mà
0,Sản phẩm quá dở
0,Đắt nhỉ?
1,rất tuyệt!
0,Đúng là vua hàng nhái
0,Cả V10 và G4 của LG chưa thật ngon đc. LG chưa có 1 quan điểm phát triển sp ổn định và lâu dài.
0,"Steve Jobs thì ngày càng sáng tạo ra cái mới, Tim Cook thì ngày càng bỏ đi những cái củ, cái mới chẳng thấy đâu."
0,"Món bún bò vị quá dở, không đáng tiền tí nào."
0,Sản phẩm không hoàn hảo
0,Mua Oppo về dùng thử mà thấy yếu quá.
0,Loa chả tuyệt vời
0,Mới mua con LG này về mà thấy quá kém cực kỳ.
0,Thiết kế không xuất sắc
1,Giá thế này thì mấy anh đồ họa mê tít cả mắt vì các em AH-IPS màu sRGB 99%
1,Với tầm giá này thì Dell là ổn định nhất rồi.
0,"Mình rất thất vọng với HP, pin đơ, hay bị lag lòi."
0,"Món bánh mì vị đắng, không đáng tiền tí nào."
0,"Món bún bò vị chua lè, không đáng tiền tí nào."
1,"Mình rất thích cơm tấm ở đây, quán phục vụ xuất sắc, đồ ăn ngon miệng."
1,Ngon
1,"Không có gì để chê ở Realme, quá tốt."
1,"Oppo thiết kế mỏng, cấu hình rất bền."
0,"Con Acer này dùng chán, pin không xài được."
1,Với tầm giá này thì Xiaomi là sang trọng nhất rồi.
0,Mới ăn thử gà rán ở đây mà thấy đắng cực kỳ.
1,"Tôi xem đi xem lại cái clip về con surface book này đến chục lần :). Cũng là máy tính lai cả nhưng thiết kế của con này ấn tượng quá. Cái bản lề sẽ được mổ sẻ sớm thôi. Vuông vức, mạnh mẽ, kiểu dáng phá cách ấn tượng (chỉ có chút lăn tăn là máy không kín với bàn phím, liệu có gây phiền nhiễu gì không, ví dụ bụi chẳng hạn?), cấu hình cao, phải nói là quá tốt. Microsoft đã phần nào xóa tan nghi ngờ về trình độ thiết kế sản phẩm của họ. Dù sao đi nữa Microsoft cũng mới chuyển mình thành hãng sản xuất cả phần cứng lẫn phần mềm. Và sản phẩm như thế này là quá tuyệt rồi."
1,trải nghiệm Dịch vụ thấy thật sự xịn
1,Con này ngon. Đang dùng hãng xách tay 2 tháng nay. Pin 2 ngày vô tư. Tuy nhiên chưa biết cài CH play ở đâu. Toàn phải dùng file apk khi tải
0,Với tầm giá này mà Apple Watch đơ vậy là không đáng tiền.
1,"Món bánh mì ở quán này tươi cực kỳ, ăn một tháng vẫn ghiền."
1,950 nghe đồn có thể xuất ra màn hình và chuột phím biến thành mini pc thì có vẻ phù hợp hơn vs SV. Có đk thì cứ mới nhất mà chén nhé
0,"Món hải sản vị không tươi, không đáng tiền tí nào."
0,xấu nhỉ
1,"Không có gì để chê ở Apple Watch, quá ấn tượng."
0,"Gia vị món pizza quá thiu, ăn không vô."
1,Chất lượng này thật sự êm
1,"Mới tậu con Macbook này về, mạnh cực kỳ luôn."
1,"Con Vivo này dùng bền, pin rất bền."
0,"Quay xong chịu khó chép ra ngoài, để trong máy làm chi, mất máy là mất tất cả. 16GB quay nghiệp dư clip ngắn ngắn cũng cả trăm clip, hình thì cũng vài ngàn ảnh chứ đâu có ít gì. Chứa quá nhiều, mỗi lần tìm lại là cả một vấn đề!"
1,"Mới tậu con Apple Watch này về, sang trọng cực kỳ luôn."
0,Mua Vivo về dùng thử mà thấy chán quá.
0,"Món nướng vị dở, không đáng tiền tí nào."
0,Điện thoại quá kém
1,"Acer mượt mà quá, xài vài tháng rồi vẫn mạnh."
1,"LG thiết kế đáng tiền, camera ổn định."
0,"Máy mình bị hư IC nguồn mang đến trung tâm bảo hành, dăn kỹ là nếu phải chạy lai chuong trình thì khỏi sửa để mình lấy dữ liệu. Vậy mà đến khi nhận máy mất hết hình ảnh, tin nhắn. Đã vậy về máy bị trầy mặt trong camera chup hình mờ, xài được hơn 2 tháng máy die luôn."
1,Huawei GR5 quá tốt. Camera của máy có độ phân giải 13 megapixel với khẩu độ 2.0 còn camera trước là 5 megapixel với nhiều chế độ hỗ trợ chụp tự sướng.
1,"HP thiết kế ấn tượng, bàn phím dùng rất sướng."
1,Note 3 của mình còn chưa chịu hóng đây nè. Nhưng chắc chắn sẽ lên Note 7 thôi
0,"Không thể chấp nhận được món trà sữa này, quá khô."
0,hèn gì gần đây 3G trên máy Tui cứ như rùa bò
1,Chất lượng này vô cùng êm
0,"Không thể chấp nhận được Vivo, quá mờ."
0,Dẫn em trai đi ăn bánh xèo mà vợ chê quá dở quá.
0,Với tầm giá này mà Huawei lỗi vậy là không đáng tiền.
1,"Mua HP cho đồng nghiệp dùng, bố khen mượt mà."
1,"cầm rồi thấy máy thiết kế đẹp, độ hoàn thiện cao không như mấy hãng khác cầm mỏng manh thế nào. giá chưa đẹp thôi chứ tầm 6tr là mua ok rồi, chê nữa thì chịu"
0,Mới mua con LG này về mà thấy kém cực kỳ.
1,"Chà từ trước đến giờ rất thích Pentax, đợi mãi Pentax mới ra Fullframe chỉ tiếc là chắc phải đợi vài năm nữa mới mua được. :) dù sao cũng vui."
1,Thiết kế này hoàn toàn hoàn hảo
1,Samsung chup dem nhu ngay zay .
0,Chất lượng chả bền
1,"Món phở vị giòn, món ăn làm rất ngon tuyệt."
1,"Mình rất thích hải sản ở đây, quán phục vụ rất ngon, đồ ăn xuất sắc."
0,Apple thời Tim Cook ngày càng chán. Các sản phẩm mới không thấy có gì khác biệt và đột phá.
0,"giờ nghe tới hàng china là thấy hơi hãi rồi. Tầm tiền này thôi cứ sam, LG, lumia mà xài thôi"
1,Con Fuji chất ảnh tốt quá. Mua để chụp ảnh thì Fuji có vẻ ok hơn Sony. Quay phim thì Fuji nhiều khi chơi ko lại con A6000 luôn ấy chứ nói chi tới A6300.
1,"Mới ăn thử nướng ở đây, vị xuất sắc lắm luôn."
1,Mình xài con lenono dòng thinkpad cực trâu bò. Để trong balo rơi cmn tầng 2 xuống. Mở lên xài bình thường. Đang chạy win 10 64 bit mượt mà
1,Đang dùng 5s lên 9.32 xài ok
0,màu vẫn hơi kém sắc nhỉ
0,Mới mua con iPhone này về mà thấy yếu cực kỳ.
1,"Không có gì để chê ở Nokia, quá mỏng."
1,"Con iPhone này dùng sang trọng, pin tốt."
1,"Mới tậu con Sony này về, bền cực kỳ luôn."
1,Thế này ip 6s gọi bằng cụ
0,"Món hải sản vị ngấy, không đáng tiền tí nào."
0,Nếu ra mắt mẫu ip7 này vào tháng 9 tới xem như thảm hoạ cho Apple ...
1,Tôi dùng note3 và cảm thấy rất hài lòng!
1,Đẹp mê ly
1,Note 2 của mình vẫn thấy ổn.
0,"Món bún chả vị ngán, không đáng tiền tí nào."
1,"Mới tậu con LG này về, hoàn hảo cực kỳ luôn."
1,"Realme thiết kế phù hợp, pin dùng rất sướng."
0,"Không thể chấp nhận được Huawei, quá xấu."
1,"Con Vivo này dùng sang trọng, pin rất tốt."
0,"Apple Watch thiết kế kém, thiết kế thì hay bị lỗi."
1,"Công nhận là tốt, đẹp, Microsoft cũng vĩ đại. Nhưng công tâm mà nói cái tên nhãn hiệu ""Surface"" nó quá tệ, quá không thể đi vào lòng ngừoi để thành số đông. ""Surface"" là cái tên tồi nhất của tập đoàn lừng danh."
0,"iPad thiết kế lởm, wifi thì sụt pin nhanh."
1,xài Thiết kế thấy cực kỳ mượt mà
1,Quá tuyệt vời
1,thế mà ip 6 lại đang nắm giữ kỉ lục bán hàng và toàn bộ smp trên thế giới đấy. vô google xem nhé
1,"Món bún chả ở quán này đặc sắc cực kỳ, ăn hơn nửa năm vẫn ghiền."
1,"Giờ còn máy mới đâu mà pin trâu , mua qsd đc con pin trâu hơn btl2 và e8 mới là hên lắm luôn"
1,"Mua AirPods cho con dùng, em trai khen đẳng cấp."
0,Quá xấu
1,"Mua Dell cho bố dùng, bố khen mạnh."
1,Wow cái màu mới đẹp quá !
1,"Dẫn người yêu đi ăn cơm tấm, đồng nghiệp khen chất lượng."
0,"iPad thiết kế quá chán, màn hình thì kém quá."
0,Mới mua con Surface này về mà thấy đơ cực kỳ.
0,"Realme đơ quá, xài hơn nửa năm là thấy không xài được."
1,"Mới tậu con Acer này về, ấn tượng cực kỳ luôn."
1,"Mới ăn thử mì xào ở đây, vị hấp dẫn lắm luôn."
1,"Quá đỉnh, quá mong ước luôn ...mỗi tội chưa có đủ xèng để mua"
1,"Con Sony này dùng đáng tiền, pin không lỗi lầm."
0,"Con LG này dùng xấu, pin không xài được."
0,Với tầm giá này mà Lenovo không ổn vậy là không đáng tiền.
0,"Không thể chấp nhận được AirPods, quá tệ."
0,"Không thể chấp nhận được món bún chả này, quá dở."
0,"Món cà phê vị ôi, không đáng tiền tí nào."
1,"Mới tậu con HP này về, đẹp cực kỳ luôn."
0,"Món bún bò vị không tươi, không đáng tiền tí nào."
1,"Tôi đang dùng passport và vẫn cài được app của androi qua snap,..tôi cảm nhận b10 tuyệt vời, và không hiểu tại sao các bạn cứ mãi lăn tăn???!"
0,Với tầm giá này mà LG nặng vậy là không đáng tiền.
0,Giá rất dở
0,"Mình rất thất vọng với sushi, nước dùng không tươi, đồ ăn quá dở."
1,"Mới tậu con Acer này về, tuyệt vời cực kỳ luôn."
1,"Samsung cao cấp quá, xài một thời gian rồi vẫn trâu."
1,"Mình rất hay ra các cửa hàng lớn nhưng chưa 1 lần nào được thấy Bphone vơ sần 1, mình lạc hậu quá rồi chăng?"
0,"Gia vị món nướng quá đắng, ăn không vô."
0,"Mình rất thất vọng với AirPods, loa chán, hay bị hết pin nhanh."
1,Thiet ke cua USA van number one!
1,"Không có gì để chê ở Lenovo, quá bền."
1,"Giá tốt máy đẹp cấu hình ổn so với mức giá tầm trung, GR5 tuyệt đấy"
0,"HP xấu quá, xài một thời gian là thấy quá chán."
0,Thiết kế chưa hoàn hảo
1,"Mua AirPods cho bố dùng, em trai khen nhanh."
0,"Surface thiết kế không ổn, cảm ứng thì không xài được."
1,"Không có gì để chê ở Acer, quá mỏng."
0,Mới mua con Lenovo này về mà thấy lag cực kỳ.
1,"Mình rất thích gà rán ở đây, quán phục vụ sạch sẽ, đồ ăn béo."
1,Ngưỡng mộ bác Hiệp quá được đi đến nơi đẹp thật vả lại còn cầm em htc 10 chụp hình nữa. Đúng là hết ý.
1,Quán này pizza là quá đã nhất rồi.
0,"Món gỏi cuốn ở quán này khó ăn quá, ăn một tuần là thấy tanh rình."
0,Dẫn người yêu đi ăn mì quảng mà đồng nghiệp chê chua lè quá.
0,"Không thể chấp nhận được món hải sản này, quá đắng."
0,"Không thể chấp nhận được món phở này, quá tanh."
1,"Dẫn bạn bè đi ăn sushi, người yêu khen tươi."
0,Camera chưa bền
0,Mua Samsung về dùng thử mà thấy loạn quá.
0,"Món vịt quay vị quá kém, không đáng tiền tí nào."
1,"Mới ăn thử cà phê ở đây, vị chất lượng lắm luôn."
1,"Mới tậu con Dell này về, đáng tiền cực kỳ luôn."
0,"Không thể chấp nhận được món pizza này, quá chán."
0,"Mình rất thất vọng với bún bò, nước dùng đắng, đồ ăn quá tệ."
0,Rơi thì hơi mệt chút
1,Với tầm giá này thì Surface là tuyệt vời nhất rồi.
0,Mua 5s cũ là quá đủ xài rồi hơn con asus nhiều bạn ạ
0,"Mình không thích bầu bầu ở giữa như vậy, mà cam lại lồi nữa chứ :("
1,Với tầm giá này thì Vivo là nhanh nhất rồi.
0,Mới ăn thử vịt quay ở đây mà thấy mặn cực kỳ.
0,"Mình rất thất vọng với LG, camera nặng, hay bị kém quá."
0,"Mình rất thất vọng với iPad, loa mờ, hay bị loạn cảm ứng."
0,Và iPhone 7 sẽ có bàn phím cứng. Đó là bước đột phá về công nghệ.
1,"Macbook thiết kế tốt, camera rất bền."
1,"Món phở vị chuẩn vị, đồ ăn làm rất chuẩn vị."
1,"Mình rất thích cà phê ở đây, quán phục vụ tươi, đồ ăn cuốn hút."
1,"Mình rất thích bún bò ở đây, quán phục vụ giòn, đồ ăn ngon tuyệt."
1,"Mình rất thích bánh mì ở đây, quán phục vụ thơm, đồ ăn chuẩn vị."
0,Với tầm giá này mà Sony giật vậy là không đáng tiền.
1,"Món mì quảng ngon hết sẩy, gia vị ngon tuyệt."
0,chắc là snap 820 giống Bphone 2.
0,"Mình rất thất vọng với phở, nước chấm nhạt, đồ ăn đắt đỏ."
0,Dẫn chồng đi ăn mì xào mà em trai chê tanh quá.
0,giá mắc quá ai mà mua
0,Tui sợ nhất là Lg G3 G4 đừng trong mong gì tui ủng hộ Lg nữa. Bệnh đột tử của Lg là ám ảnh của anh em trên diễn đàn và trong đó có tôi.
0,nhìn cái giao diện chụp hình khựa quá
1,"Mới tậu con Dell này về, cao cấp cực kỳ luôn."
1,"Con HP này dùng đáng tiền, pin bình thường."
0,"Gia vị món pizza quá không tươi, ăn không vô."
0,"Con Vivo này dùng đơ, pin vô dụng."
1,Camera này quá tuyệt vời
0,"không có thiện cảm tí gì về oppo một ngày phải gặp cái mặt thím Tùng đẹp trai nhất nước cả chục lần là ít!!! đi đâu cũng gặp, riết phán hờn luôn ... gặp từ TV, ngoài đường, báo chí, video clip, phim hài, v.v.... nói chung là oppo nó mua hết ca sĩ việt nam rồi hay sao ý hự.... riêng cái oppo f1s này thấy chụp ảnh cũng tầm thường sao ý, chả đến mức gì gọi là xuất sắc, chắc được mỗi cái camera trước cho chụy em"
1,"Mua HP cho em trai dùng, bạn bè khen nhanh."
0,Với tầm giá này mà Xiaomi giật vậy là không đáng tiền.
0,Pin chưa hoàn hảo
0,Camera ít tốt
1,Camera này rất tốt
0,"Acer yếu quá, xài vài tháng là thấy hết pin nhanh."
1,kết quả led của em nó quá.
1,"Con Nokia này dùng sang trọng, pin tốt."
1,Thiết kế này vô cùng êm
1,"Không có gì để chê ở HP, quá tuyệt vời."
1,"Dẫn người yêu đi ăn gỏi cuốn, bạn bè khen xuất sắc."
1,"Mình rất thích phở ở đây, quán phục vụ rất ngon, đồ ăn thơm."
1,Asus nay thiết kế đẹp thật
1,"Không có gì để chê ở Dell, quá ngon lành."
1,"Dẫn bạn bè đi ăn gỏi cuốn, mẹ khen ngon miệng."
0,"Gia vị món mì xào quá khét, ăn không vô."
0,Với tầm giá này mà Surface xấu vậy là không đáng tiền.
1,sử dụng Chất lượng thấy khá hoàn hảo
0,Dẫn em trai đi ăn mì quảng mà chồng chê thiu quá.
1,Với tầm giá này thì Xiaomi là đáng tiền nhất rồi.
1,"Mua iPhone cho con dùng, mẹ khen sắc nét."
1,Leveu nghe nhac da that ba con ak
0,"Con Asus này dùng nặng, pin mất sóng."
0,Hy vọng là bản demo chứ bản chính thức mà như thế này thì nhìn như đồ tq :|
1,xài Loa thấy vô cùng tốt
1,Rất ấn tượng.
0,Mới ăn thử sushi ở đây mà thấy ngấy cực kỳ.
0,Dẫn con đi ăn kem mà bố chê khó ăn quá.
0,Dẫn vợ đi ăn pizza mà bạn bè chê không tươi quá.
0,"Món trà sữa ở quán này nhạt quá, ăn mấy ngày là thấy quá tệ."
0,"Dell quá kém quá, xài một tuần là thấy nhanh tã."
1,"Mua Surface cho em trai dùng, vợ khen ổn định."
0,Điện thoại không mượt mà
0,"Asus tệ quá, xài vài tháng là thấy không đáng tiền."
1,"Món mì xào ở quán này quá đã cực kỳ, ăn mấy ngày vẫn ghiền."
1,Pin này quá mượt mà
1,"Mình rất hài lòng với iPad, bàn phím sang trọng, nhanh."
1,"Mới tậu con Apple Watch này về, sắc nét cực kỳ luôn."
0,"Cùng tầm tiền với 2 sản phẩm trên thì bạn có thể tham khảo khá nhiều mẫu Android cận cao cấp hoặc cao cấp. Và với cấu hình của các sản phẩm Android cận cao cấp trở lên thì vấn đề mà bạn lo ngại là giật lag sẽ hầu như ko xảy ra. Chưa kể khi cập nhật lên phiên bản hệ điều hành mới sẽ càng mượt vì Android càng phiên bản cao càng mượt. Mình khuyên thật lòng, bởi mình cũng đang dùng 1520 , thực sự là quá chán với kho ứng dụng của Windows Phone, từng hy vọng Windows 10 Mobile sẽ là một cuộc lột xác ngoạn mục, thế nhưng ứng dụng nghèo nàn và chất lượng kém thì vẫn ko cải thiện được. Ý kiến góp ý của cá nhân mình. Mong rằng bạn sẽ có sự lựa chọn đúng đắn."
0,"LG quá kém quá, xài suốt mấy tháng là thấy chậm vãi."
0,Lý do đơn giản là ko ai dùng 5D để up ảnh trực tiếp vừa chụp đi đâu cả. Ảnh còn phải xử lý hậu kỳ nữa. Cho nên có wifi là thừa.
1,Với tầm giá này thì Huawei là mượt mà nhất rồi.
1,"Samsung nhẹ quá, xài hơn nửa năm rồi vẫn không lỗi lầm."
1,Với tầm giá này thì Vivo là tuyệt vời nhất rồi.
0,"Món bún chả vị quá kém, không đáng tiền tí nào."
1,Rẻ rùi để giành tiền mua ip3 thôi
1,Camera này quá ngon
0,Mới mua con Apple Watch này về mà thấy nóng cực kỳ.
0,Mới mua con Samsung này về mà thấy chán cực kỳ.
0,Chán dòng zenfone lam roi. Đủ thứ các lỗi
1,"Oppo thiết kế mạnh, hiệu năng mượt."
0,"Đăng cấp tới đâu cũng sài Android nhìn như cục gạch, sao Vertu không làm OS riêng cho mình? Nhìn cứ như hàng tầm thường."
0,"Gia vị món gỏi cuốn quá khó ăn, ăn không vô."
0,"Samsung không ổn quá, xài vài hôm là thấy mất sóng."
0,Vừa sài wdp vừa sài ios vừa sài androi mình là người mê công nghệ muốn tìm hỉu ko fan của ai hết . Nhận xét : xấu vô đối
1,"Mình rất thích vịt quay ở đây, quán phục vụ hấp dẫn, đồ ăn hấp dẫn."
0,"Mình rất thất vọng với bánh mì, topping tanh, đồ ăn không đáng tiền."
0,thiết kế ko có gì mới
0,"độ như vậy mà 600tr, xấu chứ đẹp gì đâu"
0,"Gia vị món bún bò quá khó ăn, ăn không vô."
0,Mới ăn thử hải sản ở đây mà thấy nguội ngắt cực kỳ.
0,"Món mì xào vị chán, không đáng tiền tí nào."
1,"Không có gì để chê ở món kem này, quá đậm đà."
1,Với tầm giá này thì Surface là nhẹ nhất rồi.
0,"Tôi sử dụng iphone từ khi mới ra cho đến nay.Và cho đến hôm nay tôi buộc lòng phải chuyển qua samsung s7 edge vì thiết kế màn hình cong độc đáo, hệ điều hành android đã được cải tiêan mượt mà hơn.Tôi cảm thấy iphone hiện nay về thiết kêa không có gi mới mẽ hdh thì gò bó buồn tẻ.Chọn samsung s7 edge cho hợp đòng mới là một lựa chọn tôi cảm thấy hài lòng cho đến nay!Chia tay apple iphone"
0,Giờ còn RAM=1GB thì không thể chấp nhận được!
1,"Dẫn người yêu đi ăn hải sản, vợ khen vừa miệng."
0,Mua Asus về dùng thử mà thấy xấu quá.
1,"Mới tậu con Xiaomi này về, hoàn hảo cực kỳ luôn."
1,"Mình rất hài lòng với Xiaomi, vân tay tốt, bình thường."
1,Sản phẩm này khá ngon
0,"Món mì xào ở quán này khô quá, ăn hơn nửa năm là thấy mất vệ sinh."
1,Đang dùng Huawei gr5 thấy ổn mà
0,Nếu nó dẻo ở mức độ nhất định ( bẻ hơi mạnh mới uốn ) thì tốt mà bạn vì khỏi sợ cấn vỡ màn hình hay nếu có rơi cũng yên tâm. Nhưng vấn đề là viên pin nếu chỉ vì cái màn hình mà để đt dài như thế là ko chấp nhận được
1,"Món cà phê vị quá đã, decor làm rất chất lượng."
0,Với tầm giá này mà Samsung chậm vậy là không đáng tiền.
1,"Camera 13mepixel và 5 mp, điểm ảnh 294ppix là đẹp rồi giống như em wiko getaway quay phim chụp hình HD rất đẹp."
1,"Tuyệt vời! Đây phải nói là Hyper Computer chứ không chỉ là laptop. Cấu hình cực khủng. thiết kế thanh lịch, sắc sảo và chạy WD10, làm việc, giải trí, Universal...... Xứng đáng bom tấn trong năm."
0,"Gia vị món bún chả quá mặn, ăn không vô."
0,"Lenovo quá chán quá, xài cả năm là thấy hết pin nhanh."
1,"Không có gì để chê ở món phở này, quá sạch sẽ."
1,"Mình rất thích trà sữa ở đây, quán phục vụ đậm đà, đồ ăn hấp dẫn."
0,"Món kem ở quán này quá kém quá, ăn hơn nửa năm là thấy khó nuốt."
0,"Con Oppo này dùng kém, pin lag lòi."
0,"Không thể chấp nhận được món cơm tấm này, quá không tươi."
1,"Mình rất hài lòng với Lenovo, thiết kế mỏng, vô đối."
0,17cu thì mua lg v10 vừa đẹp mà con dư tiền
0,"Mình rất thất vọng với vịt quay, nước dùng quá tệ, đồ ăn khó nuốt."
0,"Gia vị món kem quá chán, ăn không vô."
1,"Mới ăn thử cà phê ở đây, vị ngon tuyệt lắm luôn."
1,Dell là trâu bò nhất
1,"Không có gì để chê ở món bún chả này, quá xuất sắc."
1,"Apple Watch tuyệt vời quá, xài một thời gian rồi vẫn không bị lag."
1,Không có những cộng nghệ đi đầu nhưng xiaomi luôn đi đầu về giá.kkk
0,"Không thể chấp nhận được Xiaomi, quá đơ."
0,"Món phở ở quán này khô quá, ăn vài hôm là thấy chán phèo."
1,"Mua Xiaomi cho em trai dùng, vợ khen hoàn hảo."
0,Viền mỏng quá cầm cứ bị lòng bàn tay chạm vào màn hình khó chịu !
0,Font bị lỗi tiếng việt có dấu '?~• ví dụ ố sẽ ko hiện. Nhịp tim lỗi tùm lum
1,con này với e8 đều oke nhé b . gpu trên e này đủ xài game vài năm nữa
1,Với tầm giá này thì Surface là phù hợp nhất rồi.
1,"Dẫn em trai đi ăn bánh xèo, em trai khen xuất sắc."
0,"Mình rất thất vọng với AirPods, màn hình giật, hay bị quá cùi."
0,cùi thật...
1,"Realme ấn tượng quá, xài vài tháng rồi vẫn rất bền."
0,Với tầm giá này mà LG kém vậy là không đáng tiền.
0,Apple lên bỏ nút home đi. giờ nó không có tác dụng gì nữa rồi :))
0,"Gia vị món mì xào quá chán, ăn không vô."
1,Giờ còn có Samsung là có cái để mong chờ trải nghiệm
1,"Con AirPods này dùng bền, pin bình thường."
0,"Không thể chấp nhận được HP, quá tệ."
1,"Món bún chả ngon hết sẩy, gia vị đậm đà."
0,"Mình ngán smartphone đến tận cổ rồi, nó làm mình trở thành 'stupidman'!"
0,Pin khá yếu
0,Thoi roi ra mau moi lien tục the nay GALAXY Y cua toi se bi rot gia roi
0,Với tầm giá này mà AirPods lag vậy là không đáng tiền.
0,Không nên mua oppo nhé mọi người.
0,"iPhone thiết kế kém, cấu hình thì loạn cảm ứng."
0,"Gia vị món mì xào quá không tươi, ăn không vô."
0,"Gia vị món sushi quá khó ăn, ăn không vô."
0,Tôi sợ sony rồi . Z3 mới mua 1 năm vừa hết bảo hành đã hư thanh thông báo . Mang ra ttbh nhân viên sau khi dòm tới lui thì phán thay màn hình 4 triệu .
0,Với tầm giá này mà Lenovo quá chán vậy là không đáng tiền.
0,Dịch vụ không êm
0,đã bán rất nhiều loại này giá ko cao như trên.
1,"Xiaomi, tôi tin dùng, xài ngon lành hơn samsung nhiều, còn oppo xách xách dép theo."
0,"Món sushi ở quán này ngán quá, ăn một tuần là thấy chán phèo."
1,Thiết kế này vô cùng ngon
0,"Hàng TQ cái nào cũng na ná như nhau, cạn ý tưởng nên toàn sao chép kiể dáng, đã vậy con P9 này nhìn khung viền đen thấy ản, giá quá ảo, 3 triệu không biết tôi dám mua xài chưa !"
0,Dẫn con đi ăn gỏi cuốn mà vợ chê tanh quá.
1,Điện thoại này quá đỉnh
0,Mua Macbook về dùng thử mà thấy mờ quá.
1,Loa này vô cùng ngon
1,Bút spen nhạy tới mức có thể nhận lệnh từ cách màn hình từ vài mm. Còn bút apple thì phải sạc mới xài được. To lớn. Nặng nề. Phải mua riêng giá bằng 1 cái điện thoại giá tốt
1,"Mình rất thích pizza ở đây, quán phục vụ chất lượng, đồ ăn tươi."
1,"Sony thiết kế đẳng cấp, pin hoạt động tốt."
0,Dẫn bố đi ăn cà phê mà em gái chê quá kém quá.
1,Siêu phẩm thế kỷ là đây !
0,"Cái em Sam này ngốn ram khiếp(free:400MB), 1 lần mua e tởn tới già luôn !huhu"
0,Không thể xấu hơn được nữa. Chẳng khác S6 nhiều. Thế nào cũng giảm giá sơm cho mà xem.
0,"Không thể chấp nhận được món bánh mì này, quá khét."
0,"Không thể chấp nhận được Acer, quá loạn."
1,"Món lẩu vị ngon miệng, gia vị làm rất ngon."
1,"Không có gì để chê ở Xiaomi, quá đẳng cấp."
1,"Con Nokia này dùng đẹp, pin mạnh."
0,6GB cũng chỉ bằng iPhone 2GB mà thôi.Nhưng theo thời gian e Ram 6GB cũng chậm dần đều!:))
1,"Mới tậu con HP này về, ấn tượng cực kỳ luôn."
1,"Mình rất hài lòng với Xiaomi, pin xuất sắc, đẹp."
0,Mua Lenovo về dùng thử mà thấy lởm quá.
1,Quán này bún chả là hấp dẫn nhất rồi.
1,"Không có gì để chê ở món nem cuốn này, quá giòn."
1,Có so sánh dìm cỡ não thì cũng ko cùng mâm ngồi với S7 ạ ^^
1,"Mình rất hài lòng với AirPods, hiệu năng mỏng, đẹp."
1,"Không có gì để chê ở AirPods, quá ấn tượng."
0,Mới ăn thử mì quảng ở đây mà thấy chán cực kỳ.
1,"mới làm con Dragon War G9 Thor , xài ngon nhưng build chưa cao cấp lắm, đóng gói còn thô sơ, thương hiệu nhật làm tại TQ mà sao hơi bèo. đúng với giá gần 300k. Build ngon xíu nữa bán 600k mọi ng đổ xô nhau đi mua cho coi. Ý là đang nói con chuột G9 của mình đấy haha"
0,"Mình rất thất vọng với Dell, bàn phím quá chán, hay bị lag lòi."
0,"Món kem ở quán này đắng quá, ăn vài tháng là thấy khó nuốt."
0,Mới ăn thử nướng ở đây mà thấy quá dở cực kỳ.
1,"Không có gì để chê ở món mì quảng này, quá ngon."
0,"Viền dưới dầy mà không có nút Home vô tình nhìn có cảm giác thô kệch, không cân xứng với viền trên. Thêm nữa điện thoại sony cho cảm giác mỏng manh dễ vỡ lắm."
0,Máy chả xịn
0,đang xài oppo f1 được ba tháng .Càng xài càng thấy tệ
0,Mới mua con Oppo này về mà thấy lởm cực kỳ.
0,"Món mì xào vị nguội ngắt, không đáng tiền tí nào."
0,Pin thật sự chậm
1,Máy này quá đỉnh
1,Quán này gỏi cuốn là quá đã nhất rồi.
1,"Mình rất thích gỏi cuốn ở đây, quán phục vụ vừa vị, đồ ăn ngon miệng."
1,qua tuyet.
1,"Món kem ngon hết sẩy, gia vị ngon miệng."
1,"Mình rất hài lòng với Macbook, loa mạnh, bình thường."
1,Nhìn yêu quá!
0,Mới ăn thử sushi ở đây mà thấy chua cực kỳ.
0,Mới mua con Huawei này về mà thấy nặng cực kỳ.
1,Cấu hình với giá thì quá tốt cho người dùng. Điều còn lại là mức độ an toàn thế nào?
1,"Con Asus này dùng nhanh, pin không nóng máy."
1,"Mới tậu con iPad này về, ấn tượng cực kỳ luôn."
1,"Mới ăn thử cà phê ở đây, vị rất ngon lắm luôn."
1,Thiết kế này thật sự xịn
1,Dịch vụ này quá ngon
1,Ồh một thay đổi lớn làm thay đổi thế giới đây! Đúng là chúng ta không sống nỗi vì thiếu nó được...
1,Điện thoại này thật sự hoàn hảo
0,Mới mua con Realme này về mà thấy không ổn cực kỳ.
0,Thiết kế ít tuyệt vời
1,"MS có con Arc quyến rũ lắm, mình đang dùng, mua mới 2.3tr. Còn bàn phím chưa mua được của MS, tìm mãi ở VN không có chỗ bán."
1,"Mình rất hài lòng với Nokia, camera mạnh, mượt."
1,"Mới tậu con Lenovo này về, mỏng cực kỳ luôn."
0,Mới mua con Dell này về mà thấy xấu cực kỳ.
0,"Không thể chấp nhận được món gỏi cuốn này, quá quá tệ."
0,"Mình rất thất vọng với gỏi cuốn, phục vụ ôi, đồ ăn chua loét."
1,"Không có gì để chê ở món bánh mì này, quá vừa miệng."
1,"Món nướng ở quán này xuất sắc cực kỳ, ăn suốt mấy tháng vẫn ghiền."
1,đẹp quá còn gì oppo trung quốc cũng bắt trước ráng của iphone 6 vậy mới đẹp
1,"Vậy là ngon rồi , mấy em sạc tiền triệu cũng chỉ tầm trên dưới 80% là cùng , em này sạc cho 5s của mình đc 4 đến 5 lần"
0,"Con Sony này dùng lởm, pin rất tệ."
1,"Quá tuyệt,ko thể tin nổi. Tôi sẽ mua 1 cái dùng vi hệ dh window 10"
1,"Màu xanh tôi yêu, quá tuyệt ra màu này apple không có đối thủ."
0,"Mình rất thất vọng với Acer, thiết kế lởm, hay bị quá đơ."
0,Thua em asus mới rồi!
0,"Con Oppo này dùng chậm, pin lag lòi."
1,"Mới ăn thử sushi ở đây, vị chất lượng lắm luôn."
1,Dịch vụ này rất xịn
1,Tôi vừa update xong mượt lắm nhé
0,giá này thì thua rồi
0,"Không thể chấp nhận được món bún bò này, quá đắng."
0,"Con HP này dùng kém, pin mất sóng."
0,"iPad thiết kế đơ, hiệu năng thì quá cùi."
1,"Món bún bò ngon hết sẩy, gia vị quá đã."
0,Mới ăn thử mì quảng ở đây mà thấy chua cực kỳ.
1,"Huawei bạn nhé. Mình đang dùng con p9 lite, rất ổn và cũng đã trải nghiêm ss j7 rồi."
0,"Món gà rán ở quán này nhạt quá, ăn mấy ngày là thấy mặn chát."
1,"Mới ăn thử hải sản ở đây, vị vừa vị lắm luôn."
0,Mới ăn thử nướng ở đây mà thấy ngấy cực kỳ.
0,Với tầm giá này mà iPad quá chán vậy là không đáng tiền.
0,"thừa quá, chỉ cần s3 hay LG optimus G la đủ rồi"
1,Quán này gỏi cuốn là tuyệt vời nhất rồi.
0,"Món phở ở quán này khét quá, ăn cả năm là thấy đắt đỏ."
0,Mới ăn thử cơm tấm ở đây mà thấy quá kém cực kỳ.
1,"Món nướng vị chất lượng, gia vị làm rất ngon tuyệt."
0,Mua Oppo về dùng thử mà thấy tệ quá.
1,"Lenovo phù hợp quá, xài cả tuần rồi vẫn tuyệt vời."
0,Mới mua con iPad này về mà thấy lởm cực kỳ.
0,"Mình rất thất vọng với vịt quay, đồ uống khó ăn, đồ ăn đắt đỏ."
1,Với tầm giá này thì iPhone là nhanh nhất rồi.
0,Mua cái này để mình chọn cái C5 ngon bổ lại rẻ!
1,"nhìn mặt trc giống vega A 840s ""s5"" thiệt, cơ mà chất, cam ngon, pin khủng, cấu hình mạnh"
0,Máy không mượt mà
0,Với tầm giá này mà iPad tệ vậy là không đáng tiền.
1,"Món bún chả ngon hết sẩy, gia vị chất lượng."
1,"AirPods thiết kế sang trọng, cấu hình dùng rất sướng."
0,Dẫn chồng đi ăn vịt quay mà mẹ chê ôi quá.
0,Với tầm giá này mà LG mờ vậy là không đáng tiền.
0,"Mình rất thất vọng với kem, nước chấm ôi, đồ ăn quá tệ."
1,Thích quá. Mình sẽ làm một ẻm.hehe
1,"Mới tậu con Acer này về, ngon lành cực kỳ luôn."
1,"Mình rất thích kem ở đây, quán phục vụ vừa miệng, đồ ăn giòn."
0,"Không thể chấp nhận được AirPods, quá yếu."
0,"Gia vị món mì xào quá chua lè, ăn không vô."
1,"Món hải sản ở quán này ngon cực kỳ, ăn cả năm vẫn ghiền."
0,"Asus thiết kế đơ, sạc thì chậm vãi."
0,Dẫn đồng nghiệp đi ăn kem mà con chê quá dở quá.
0,Mới ăn thử trà sữa ở đây mà thấy không tươi cực kỳ.
0,Điện thoại quá nóng
0,"Không thể nào, IP SE thần thánh của Ifan đây sao. Trước tôi nghe tâng bốc con này ác lắm cơ mà"
0,"Mình rất thất vọng với Oppo, loa quá chán, hay bị không đáng tiền."
1,"Mình rất thích lẩu ở đây, quán phục vụ thơm, đồ ăn chất lượng."
0,"mình không hiểu sao phím Home của máy chỉ có chức năng chuyển đổi themes, ngoài ra không có chức năng gì khác!!!!?Khi đang sử dụng ứng dụng muốn thoát nhanh ra ngoài màn hình Home screen không được, cứ phải bấm Back liên tục, lúc máy treo do ứng dụng nào đó bị Force Close không biết bấm vào đâu để thoát nữa.haizz!Không biết khi nào mới có thể lên ICS đây."
1,"HP dùng cũng được, bảo hành khá tốt, xài 1 năm rưỡi tự nhiên mở không lên mang ra thay main mới 3 ngày sau lấy"
1,"Mình rất thích phở ở đây, quán phục vụ ngon miệng, đồ ăn sạch sẽ."
1,"Món mì xào ở quán này xuất sắc cực kỳ, ăn một tháng vẫn ghiền."
1,"Mới ăn thử nem cuốn ở đây, vị cuốn hút lắm luôn."
0,"Mình mua lg v10 ở xtmobile đc 5 ngày. Chỉ thất vọng đúng 1 thứ là gặp ánh sáng ngoài trời là màn hình ứ thấy rõ, đang quay phim, chụp ảnh manual mà không thấy để chỉnh, dù mình đã tăng độ sáng màn hình max luôn. À, camera trước tự sướng thì quá aỏ, da mặt láng tưng dù mặt bị rỗ. Lừa tình dễ dàng."
1,Sản phẩm này thật sự tốt
0,Dẫn con đi ăn lẩu mà em gái chê khét quá.
1,"Mới ăn thử nướng ở đây, vị tươi lắm luôn."
0,"Không thể chấp nhận được Realme, quá loạn."
1,"Không có gì để chê ở món cà phê này, quá ngon miệng."
0,Dẫn người yêu đi ăn bún bò mà em gái chê quá dở quá.
0,"Không thể chấp nhận được món mì quảng này, quá chua."
1,"Mình rất thích nướng ở đây, quán phục vụ sạch sẽ, đồ ăn vừa miệng."
0,"Mình rất thất vọng với Acer, cảm ứng lỗi, hay bị rất tệ."
0,Dẫn vợ đi ăn nướng mà vợ chê khô quá.
0,Video quay kiểu gì mà màu sắc thay đổi liên tục vậy bác
0,"Huawei thiết kế chán, chip thì nhanh tã."
0,"Không thể chấp nhận được Xiaomi, quá nặng."
0,"Huawei thiết kế lởm, vân tay thì giật lag."
1,Quá khủng
0,"Gia vị món vịt quay quá quá tệ, ăn không vô."
1,"Món bánh xèo ở quán này hấp dẫn cực kỳ, ăn một tuần vẫn ghiền."
1,Thật kì diệu.. Đô rê mon lại rớt bảo bối Máy zoom!!!
0,Nói thật là mình thấy iphone vẫn trên cơ
1,"Món cà phê vị quá đã, món ăn làm rất tuyệt vời."
1,"Mình rất thích pizza ở đây, quán phục vụ tươi, đồ ăn vừa miệng."
0,Camera rất dở
0,"Acer thiết kế mờ, wifi thì giật lag."
0,Màn hình không đỉnh
1,"Mình rất thích bún bò ở đây, quán phục vụ ngon, đồ ăn ngon miệng."
0,"Mình rất thất vọng với bún bò, phục vụ khô, đồ ăn quá ngấy."
0,"Không thể chấp nhận được món bún chả này, quá mặn."
1,"Không có gì để chê ở món gà rán này, quá xuất sắc."
1,"Mình rất hài lòng với Macbook, hiệu năng tốt, mạnh."
0,Mới mua con Acer này về mà thấy quá chán cực kỳ.
0,Dẫn mẹ đi ăn nem cuốn mà bạn bè chê ôi quá.
1,"Mới tậu con Acer này về, tốt cực kỳ luôn."
1,"Món trà sữa vị vừa miệng, món ăn làm rất sạch sẽ."
1,"Mình rất thích bún bò ở đây, quán phục vụ giòn, đồ ăn rất ngon."
0,"đang dùng không có lỗi gì thì nên giữ nguyên ;) ios giờ update cho mấy máy đời cũ ,không được gì ngoài chậm chạp thêm"
1,"Vivo thiết kế phù hợp, loa ổn định."
1,"Món sushi vị ngon miệng, đồ ăn làm rất đặc sắc."
1,mình đang hài lòng với con note3 của mình
1,"Món bánh mì ở quán này sạch sẽ cực kỳ, ăn một tháng vẫn ghiền."
0,nếu cứ lồi và kiểu dáng thế này thì tui đành chờ iphone8 thôi.
1,"Không có gì để chê ở Surface, quá bền."
0,"Con Surface này dùng yếu, pin nóng máy."
0,"Món gỏi cuốn vị nguội ngắt, không đáng tiền tí nào."
0,Mới mua con Realme này về mà thấy lởm cực kỳ.
1,"Android nhập liệu bằng lời nói rất chuẩn, nhanh, nhiều ngôn ngữ cùng lúc"
0,Giá cao quá. Gửi người thân bên đó mua cho rẻ. Không thì mua Iphone 6S qua sử dụng
1,"Món trà sữa ngon hết sẩy, gia vị vừa vị."
0,"Là người dùng phổ thông, tôi chọn s7e."
1,Camera này cực kỳ đỉnh
0,"Thật tuyệt! Cai dt thể hiện đẳng cấp,cái dt dẫn đầu xu thế công nghệ,cái dt của tương lai. Thật tuyệt! Xấu bền vững"
0,"iPhone thiết kế nóng, wifi thì hết pin nhanh."
1,"Dùng asus zenphone 5, quả là chả đáng đồng tiền bát gạo"
1,"Mới ăn thử nướng ở đây, vị ngon miệng lắm luôn."
0,"Camera lồi là ko thích rồi còn 2 sim nữa, thôi chờ em 8 ra xem sao"
0,tím nhìn giống đồ chơi quá
0,"Suốt ngày vá lỗi, thua luôn apple, kiểu gì cũng vẫn lỗi."
0,Ế chắc
0,"AirPods thiết kế quá tệ, thiết kế thì không đáng tiền."
1,"Không có gì để chê ở món kem này, quá xuất sắc."
1,"Dẫn người yêu đi ăn vịt quay, bạn bè khen giòn."
1,"Dẫn em gái đi ăn nướng, con khen xuất sắc."
0,làm e xiaomi 300 vẫn thơm hơn
1,Với tầm giá này thì Oppo là ấn tượng nhất rồi.
1,tính năng bảo mật của máy hay quá. không biết dung mạng ở VN thì có ổn không?
1,"Không có gì để chê ở món phở này, quá tươi."
0,"Không thể chấp nhận được món pizza này, quá dở."
0,Dẫn bố đi ăn lẩu mà vợ chê không tươi quá.
0,"Sao cái IOS này khó chịu thế nhỉ , chuyển qa android thôi"
0,"Lenovo chậm quá, xài một thời gian là thấy hết pin nhanh."
0,"Món bún bò vị quá tệ, không đáng tiền tí nào."
1,Quán này nem cuốn là quá đã nhất rồi.
1,"Con Xiaomi này dùng tuyệt vời, pin vẫn mượt."
0,"Mình đã từng mua 1 con asus x202, lúc bấy giờ gần 8tr mà còn hối hận. Máy cấu hình yếu mà lại chạy win8 64 bit nên càng ngày nó càng chậm. Nhiều lúc muốn đập máy.Nếu mua máy cấu hình yếu nên chọn mua những máy không có bản quyền, nếu không hài lòng có thể cài win xp."
0,"Lenovo thiết kế quá tệ, bàn phím thì kém quá."
1,"Con Huawei này dùng sang trọng, pin không bị lag."
0,"Máy mình bị lỗi mất sóng, màn hình thì hay bị đơ rồi máy tự restart lại. Đang tìm cách up lên để hết lỗi mà không được."
0,Mới mua con LG này về mà thấy lỗi cực kỳ.
1,"Mua Apple Watch cho bạn bè dùng, đồng nghiệp khen mượt mà."
0,Mua Apple Watch về dùng thử mà thấy lag quá.
1,Giá quá hợp lý
0,"Không thể chấp nhận được Sony, quá tệ."
0,Mua Sony về dùng thử mà thấy xấu quá.
1,"Huawei nhẹ quá, xài cả năm rồi vẫn dùng rất sướng."
0,"Không thể chấp nhận được món bún bò này, quá khó ăn."
0,"Món mì quảng vị thiu, không đáng tiền tí nào."
0,"Mình rất thất vọng với nướng, nước dùng ôi, đồ ăn khó nuốt."
1,"Con Macbook này dùng ấn tượng, pin dùng rất sướng."
0,Mới mua con Lenovo này về mà thấy tệ cực kỳ.
1,"Món vịt quay ở quán này hấp dẫn cực kỳ, ăn một tuần vẫn ghiền."
1,"Oppo thiết kế nhanh, pin rất tốt."
0,Pin hơi đắt
1,"Mình cứ Anker thẳng tiến. Anker chất lượng,đẹp và nếu mua bên kia thì ko hề đắt"
1,"Món kem ở quán này béo cực kỳ, ăn một tháng vẫn ghiền."
1,"Món nem cuốn vị ngon miệng, đồ ăn làm rất hấp dẫn."
1,Ip7 pro mà hỗ trợ thêm cây bút nữa thì tuyệt vời
1,"Không có gì để chê ở Surface, quá nhẹ."
0,Dịch vụ không tuyệt vời
1,"Ngon bổ rẻ, ..."
1,"Mình rất thích gỏi cuốn ở đây, quán phục vụ cuốn hút, đồ ăn vừa miệng."
1,"Marathon Mouse M705 đi bác em đang xài con này, 1 viên AA mà xài đến hơn 1 năm"
0,Với tầm giá này mà Sony nặng vậy là không đáng tiền.
1,"đang dùng S5 Active xách chân từ Mỹ , hôm nọ cho vào cốc bia sống nhăn ."
0,"Điện thoại phải sạc hàng ngày, giờ phải phải bỏ ra trên mấy chục chai để mang thêm cục nợ này 2 ngày sạc 1 lần, ai ya..lại cực nữa rồi."
1,Nhìn hình là thấy đúng rồi. Chụp đẹp hơn iphone nhiều
1,"Mua Macbook cho bạn bè dùng, bố khen đẹp."
0,"Món vịt quay ở quán này quá dở quá, ăn hơn nửa năm là thấy mất vệ sinh."
1,"Con Surface này dùng xuất sắc, pin tuyệt vời."
1,"Món hải sản ở quán này ngon cực kỳ, ăn vài tháng vẫn ghiền."
0,"Không thể chấp nhận được Macbook, quá quá kém."
0,Thiết kế chưa hoàn hảo
0,Dẫn chồng đi ăn cà phê mà người yêu chê tanh quá.
0,Dẫn bạn bè đi ăn bún chả mà vợ chê nhạt quá.
0,"Con HP này dùng tệ, pin rất tệ."
1,Với tầm giá này thì Huawei là tuyệt vời nhất rồi.
1,"Thiết kế của GR5 mình thấy quá đẹp, đẹp nhất trong những smartphone mới ra gần đây"
0,Mới mua con iPad này về mà thấy không ổn cực kỳ.
1,"Món gà rán vị chuẩn vị, nước dùng làm rất sạch sẽ."
0,"Món bún bò ở quán này mặn quá, ăn hơn nửa năm là thấy nhạt nhẽo."
1,Asus máy ngon mà . Dùng con z 4 cắm game cả đêm máy nóng rực lửa mãi mà nó ko chết
1,"Món bún chả ngon hết sẩy, gia vị tươi."
0,"LG thiết kế yếu, hệ điều hành thì không đáng tiền."
0,"Thiết kế gì thế này, thôi rồi Sony mất chất thật rồi, nhìn như hãng nào khác chứ không phải Sony nữa."
0,"Xấu quá, hóng note6 thôi."
1,"Con Realme này dùng xuất sắc, pin trâu."
0,Mạng quá kém
1,"Mình rất hài lòng với Nokia, pin mạnh, không lỗi lầm."
0,Rồi chất lượng ảnh có đi xuống? LG thật sự không phải là anh tài trong lĩnh vực máy ảnh. Các đời điện thoại LG mặt dù lúc mới ra mắt được PR chức năng chụp ảnh nhưng khi sử dụng thực tế mới thấy tệ. Cảm biến LG chưa phải là đối thủ xứng tầm của Sony
0,"Xiaomi chậm quá, xài vài tháng là thấy quá chán."
0,"Mình rất thất vọng với hải sản, decor dở, đồ ăn nhạt nhẽo."
0,Mới ăn thử nướng ở đây mà thấy chán cực kỳ.
1,"Mới tậu con Huawei này về, sắc nét cực kỳ luôn."
1,"mua cho vợ dùng được gần 3 tháng rồi, nó chạy rất ổn, wifi ngon,pin trâu hơncon G2 của mình. Phải nói là đây là con SS đẹp nhất mình tùng gặp( Alpha và Note 4 thì không biết)"
0,"Không thể chấp nhận được món nướng này, quá quá tệ."
1,"Android tuyệt vời, Samsung vô đối"
0,"Gia vị món bún chả quá quá tệ, ăn không vô."
1,"Món mì quảng ở quán này chuẩn vị cực kỳ, ăn một tháng vẫn ghiền."
0,Mua iPad về dùng thử mà thấy tệ quá.
1,"Dẫn vợ đi ăn vịt quay, bạn bè khen quá đã."
0,"Món nem cuốn ở quán này chán quá, ăn vài tháng là thấy quá ngấy."
1,"Món sushi ở quán này chuẩn vị cực kỳ, ăn một thời gian vẫn ghiền."
1,"HP thiết kế đẹp, bộ nhớ bình thường."
0,Dẫn em trai đi ăn bún bò mà bố chê quá dở quá.
1,"Con Vivo này dùng sắc nét, pin ok lắm."
1,"Món nem cuốn ở quán này hấp dẫn cực kỳ, ăn mấy ngày vẫn ghiền."
1,"Mới ăn thử cơm tấm ở đây, vị hấp dẫn lắm luôn."
0,"Mình rất thất vọng với Acer, hiệu năng chậm, hay bị nóng máy."
0,Dẫn mẹ đi ăn cơm tấm mà vợ chê chua quá.
0,Đã xấu còn đắt Giá này hốt con Moto 2 hay AW cho rồi...
0,"Con LG này dùng giật, pin giật lag."
0,Mới mua con Macbook này về mà thấy loạn cực kỳ.
1,Màu xanh đẹp thật... cánh đàn ông sẽ không còn ẻo lả khi xài màu này ...Tuyệt!
1,"Món lẩu vị sạch sẽ, topping làm rất chuẩn vị."
1,"Surface mỏng quá, xài suốt mấy tháng rồi vẫn tuyệt vời."
1,"Con Samsung này dùng đẳng cấp, pin không nóng máy."
1,"Thiết kế quá đẹp. Khớp nối, lỗ thoát nhiệt.... đẹp hơn cả món đồ trong phim khoa học viễn tưởng"
0,"Gia vị món nem cuốn quá chán, ăn không vô."
1,"Lenovo cao cấp quá, xài vài tháng rồi vẫn ok lắm."
0,"Không thể chấp nhận được Sony, quá quá kém."
1,"Mình rất hài lòng với Vivo, bộ nhớ đáng tiền, mượt."
1,"Mới tậu con Acer này về, nhanh cực kỳ luôn."
0,"Gia vị món pizza quá nhạt, ăn không vô."
1,"Món phở ở quán này tuyệt vời cực kỳ, ăn cả năm vẫn ghiền."
0,"Gia vị món gà rán quá chua, ăn không vô."
0,Hồng ngoại tiện thế mà sao lại bỏ hồng ngoại nhỉ..???Thích HTC mà giá trên trời quá..
1,"Không có gì để chê ở Macbook, quá cao cấp."
0,Mua Oppo về dùng thử mà thấy chán quá.
1,"Món sushi ở quán này đậm đà cực kỳ, ăn cả năm vẫn ghiền."
1,"Mình rất thích pizza ở đây, quán phục vụ đặc sắc, đồ ăn vừa vị."
1,"Mình rất thích bún chả ở đây, quán phục vụ ngon miệng, đồ ăn béo."
0,"Món cà phê vị chán, không đáng tiền tí nào."
1,"Món sushi ở quán này đặc sắc cực kỳ, ăn suốt mấy tháng vẫn ghiền."
1,"Mua Oppo cho bạn bè dùng, bạn bè khen hoàn hảo."
0,"Lenovo quá chán quá, xài cả tuần là thấy rất tệ."
1,Màn hình này vô cùng bền
1,"Mua LG cho em trai dùng, con khen đẳng cấp."
0,"Bỏ ra 8-10tr để mua một sản phẩm có thể hữu ích hoặc không hữu ích. Dày gấp 3 lần, pin kém 2000 lần, giá gấp 2 lần đồng hồ bình thường."
0,"V17 là thuộc diện đời đầu, build này cũ lắm rồi nên có khá nhiều lỗi chưa được fix, như bị lag khi vuốt qua lại mh, thỉnh thoảng bị đơ ko trả lời cuộc gọi đến được và máy khá nóng khi hoạt động ở công suất cao, có khả năng bị báo pin ảo nữa. Hiện tại v25 đã fix được đa phần các lỗi trên, trong đó có cái lỗi nghiêm trọng nhất là báo pin ảo luôn, lúc đầu cứ tưởng hư pin, ai dè là do build. Tốn khoảng 1tr3 cho em nó du học là xong hết."
1,Quán này nướng là chất lượng nhất rồi.
1,Dịch vụ này hoàn toàn êm
1,trải nghiệm Máy thấy thật sự xuất sắc
1,"Huawei mạnh quá, xài mấy ngày rồi vẫn trâu."
1,"Mua Sony cho chồng dùng, mẹ khen mỏng."
1,Loa này cực kỳ đỉnh
0,Camera không ngon
0,"Vivo lag quá, xài vài tháng là thấy chậm vãi."
1,"Món pizza ở quán này hấp dẫn cực kỳ, ăn một thời gian vẫn ghiền."
0,"Mình rất thất vọng với bánh xèo, món ăn quá kém, đồ ăn chán phèo."
1,Máy này rất êm
1,"Mình rất hài lòng với Xiaomi, pin xuất sắc, tốt."
1,"Không có gì để chê ở Nokia, quá đáng tiền."
0,"toshiba mình thấy ko bền bằng samsung bạn. Chạm nước 1 cái là chập mạch hư liền. Còn samsung người ta sử dụng keo chống ẩm đặc biệt cho linh kiện nên khả năng hư do nc, sét, nguồn điện rất ít luôn"
1,"Realme thiết kế mỏng, cảm ứng đẹp."
0,"Nokia yếu quá, xài vài tháng là thấy chán hẳn."
1,"Không có gì để chê ở Xiaomi, quá tuyệt vời."
0,"ôi má ơi, máy tính bảng lưng gù."
1,Với tầm giá này thì Oppo là đẳng cấp nhất rồi.
1,"Món hải sản ở quán này giòn cực kỳ, ăn vài tháng vẫn ghiền."
0,tất cả toàn bắt chước htc
1,"Món nem cuốn ngon hết sẩy, gia vị béo."
1,Với tầm giá này thì Dell là ấn tượng nhất rồi.
1,"Mới ăn thử gà rán ở đây, vị chất lượng lắm luôn."
0,"Không thể chấp nhận được iPhone, quá lởm."
0,Màn hình quá chậm
1,Thật vui khi mình đang sở hữu đàn anh của nó - sx50hs. Thật tuyệt!
0,"Mình rất thất vọng với Surface, cảm ứng bình thường, hay bị loạn cảm ứng."
1,"Lenovo cao cấp quá, xài suốt mấy tháng rồi vẫn tốt."
0,"Món gà rán ở quán này ôi quá, ăn cả năm là thấy nguội ngắt."
0,Mới mua con Acer này về mà thấy bình thường cực kỳ.
0,"Mình rất thất vọng với pizza, món ăn chua, đồ ăn đắt đỏ."
0,"Không thể chấp nhận được Dell, quá nặng."
1,Quán này bún bò là ngon tuyệt nhất rồi.
1,Với tầm giá này thì LG là mạnh nhất rồi.
1,Rất tốt.chờ em này ra đổi máy.Vợ Chồng tôi dùng Wiko getaway hơn năm nay vẫn rất ok.
0,không có gì đặc sắc
0,Với cái giá đó thì sống làm sao dc tại việt nam
1,mình mới rước em này về sử dụng máy khỏi chê
0,Với tầm giá này mà Sony không ổn vậy là không đáng tiền.
0,"Món lẩu vị chua, không đáng tiền tí nào."
0,"Không thể chấp nhận được món trà sữa này, quá thiu."
1,"Mình rất hài lòng với Macbook, pin nhẹ, tuyệt vời."
1,Chất lượng này quá tuyệt vời
1,"Con Oppo này dùng phù hợp, pin bình thường."
0,Mua Surface về dùng thử mà thấy lag quá.
0,"Ip6. Thiết kế quá xấu, 2 cái vạch ăng ten nhìn kinh đc. Mầu thì mầu con gái bede. Giắc cắm với loa thiết kế ko đẹp so với s6. Nói chung nhìn tổng thể cái ip 6 của ip xấu thậm tệ.xấu không tưởng ( theo lời sam fan. )Cuối cùng sau 2 năm học hỏi. A sam đã copy đx mẫu ip6 của a táo. Lại thêm đc cái mầu hồng nam tính ( fan sung bảo thế ).Như kiểu thầy làm gì trò làmVậy. Mãi mãi chậy theo ko thấy mệt nhỉ."
1,Điện thoại này hoàn toàn tuyệt vời
1,"Macbook hoàn hảo quá, xài cả tuần rồi vẫn không bị lag."
0,"Mình rất thất vọng với nướng, nước chấm chua, đồ ăn chua loét."
1,"Sao không có chỗ cho Sony Vaio Duo 13 nhỉ ? Hình thức quá tuyệt vời khác biệt so với các laptop thông thường, hiệu năng tốt, máy mỏng, nhẹ ..."
1,"với tầm giá 4tr5 có đầy đủ các tiêu chí ngon bổ rẻ, hàng có thương hiệu bảo hành chính hãng thì người dùng yên tâm xài rồi, thích ASUS ở chổ luôn cập nhật phần mềm liên tục ko sợ bị tụt hậu, với lại pin 5k thì vô tư chiến"
1,"Dẫn người yêu đi ăn cơm tấm, mẹ khen tươi."
1,"Mình rất hài lòng với iPad, vân tay bền, ổn định."
1,"Con Macbook này dùng ấn tượng, pin mượt."
1,Quán này nem cuốn là giòn nhất rồi.
0,"Món vịt quay vị nhạt, không đáng tiền tí nào."
1,"Chỉnh mỏi tay luôn ấy chứ,cứ như đang xài máy chụp hình thứ thiệt vậy, rất pro. Có cả cảm biến ảnh Lumix danh tiếng của dòng Panasonic nữa mà. Màu đồng hơi bị đẹp đó nha, nếu với bạn chụp ảnh là yếu tố tiên quyết thì ko nên bỏ qua con này, nghe nhìn đều hay. Tuy nhiên em nó dừng lại ở Jelly Bean 4.1 thôi và ko nâng cấp được nữa vì Panasonic ko còn hỗ trợ, tuy vậy cứ yên tâm sử dụng vì vẫn còn linh kiện để thay thế và sửa chữa (qua Nhật nhé)."
0,"Con Surface này dùng giật, pin vô dụng."
1,"Mình trên tay e nó rùi. cực thích luôn. mà Bạn bik cái nút ở dưới cuối nút - volume ko? nó hình viên pin với biểu tượng bluetooth mà mình ko bik để làm gì. Ấn vào thì nó nói tiếng trung, ấn xíu là nó tắt btuetooth đi luôn. nghe nói là nó báo pin mà khổ cái là nó nói tiếng trung mình ko hiểu."
1,"Mình dùng con T2 mấy năm ròi vẫn ngon lành mà. Nhớ hồi xưa mua con T2 và con Galaxy J của ss, giờ con J load web toàn bị giật giật ( trong khi ram 3gb) mà con T2 ram 1gb vẫn chạy ầm ầm."
0,Với tầm giá này mà Huawei nặng vậy là không đáng tiền.
1,Thích nhất là Huawei GR5 có khả năng nhận diện ngay cả khi tay dính nước
1,"Mình rất thích nướng ở đây, quán phục vụ béo, đồ ăn vừa vị."
0,Pin hơi kém
1,"Món cơm tấm ở quán này ngon tuyệt cực kỳ, ăn mấy ngày vẫn ghiền."
0,đen xám thấy ghê
0,Máy không xịn
0,"Lenovo thiết kế kém, loa thì hay bị lỗi."
1,"Mới tậu con Realme này về, mỏng cực kỳ luôn."
1,"Mình rất thích bánh xèo ở đây, quán phục vụ giòn, đồ ăn giòn."
1,"Hàng của Fujitsu bao giờ cũng ngon. Điện thoại thì chưa thử bao giờ nhưng Máy tính xách tay của Fujitsu mình đã được sử dụng rồi, rất đẹp và bền. Đồ Nhật Bản ngon thật, ngon từ máy móc thiết bị cho đến cả đồ ăn )"
1,Loa này vô cùng hoàn hảo
0,"có ai đọc được tiếng nhật xem nó lên được 4 chưa nhỉ vì hiện tại ở 2.3 thấy cùi quá, pin thì siêu yếu"
1,"Món gà rán ngon hết sẩy, gia vị ngon tuyệt."
1,Loa này quá tốt
0,"Mình rất thất vọng với Acer, bàn phím kém, hay bị mất sóng."
1,Quá ngot. Bao h về VN để múc một em nhỉ.
1,Các SP của LG dùng rất tốt và nhiều tính năng thiết thực.
0,"Vivo thiết kế yếu, chip thì kém quá."
1,"Không có gì để chê ở món bánh mì này, quá vừa vị."
0,"Nửa gb cũng là thừa,vậy xài ip3 đc rồi,xài 6s chỉ cho đắt =))"
0,"Món cà phê vị khét, không đáng tiền tí nào."
1,trải nghiệm Sản phẩm thấy hoàn toàn bền
1,"Mới tậu con Vivo này về, mỏng cực kỳ luôn."
1,Neu dung la nhu vay thi qua la vi dieu!
0,"Nhìn một người cầm ip khó phân biệt đâu là 6, 6s và sẽ là 7 nếu thiết kế không thay đổi như thế này."
1,Quán này pizza là sạch sẽ nhất rồi.
0,"iPhone không ổn quá, xài hơn nửa năm là thấy rất tệ."
1,Với tầm giá này thì Realme là ấn tượng nhất rồi.
0,"Tôi khuyên bạn là không nên nâng cấp, không tin thì cứ thử một thời gian sau là biết liền à."
1,Quán này bún chả là chuẩn vị nhất rồi.
0,Dẫn em trai đi ăn phở mà em gái chê tanh quá.
1,"Dell mạnh quá, xài vài tháng rồi vẫn nhanh."
0,"Không thể chấp nhận được món kem này, quá quá kém."
0,"Món phở vị mặn, không đáng tiền tí nào."
1,"Không có gì để chê ở Oppo, quá ấn tượng."
1,Trời! Chức năng hay nhất mà mình thích trên iPhone
0,"Nếu bạn nhìn vào tên nó và nghĩ đó là phần mềm bảo mật thì bạn đã đi sai ngay từ những bước đầu tiên. Nó là một phần mềm dạng malware, lừa người khác cài đặt và cố gắng thu thập dữ liệu trên máy tính của bạn. Nó free, và dĩ nhiên, free thì khó mà tử tế được."
0,Mua Realme về dùng thử mà thấy bình thường quá.
0,"Mình rất thất vọng với Nokia, hiệu năng quá tệ, hay bị loạn cảm ứng."
0,Mới ăn thử bánh xèo ở đây mà thấy dở cực kỳ.
1,"Viền mỏng cá nhân tôi chưa thấy sản phẩm nào đẹp hợp Sky P780, sản phẩm này chỉ kém khoản Camera còn lại không chê vào đâu được, hình thức cũng rất nam tính."
1,"Đây là vài tấm hình khi mình nâng cấp lên ver 4.04 cho các bạn tham khảo.hi Sau khi nâg cấp mình có vài cảm nhậnl là : Máy chạy nhanh hơn khôg còn tinh trạng giật lác, khong con bieu tuog và các ứng dụng tieng nhật , ram máy còn 586 mb, và đặc biệt là sóng lúc nào cũng căg det , và còn nhiều thứ nua ..."
0,"Nokia chậm quá, xài suốt mấy tháng là thấy lag lòi."
1,"Surface thiết kế xuất sắc, vân tay rất tốt."
0,"Không thể chấp nhận được món hải sản này, quá quá dở."
1,"iPad ngon lành quá, xài suốt mấy tháng rồi vẫn ổn định."
0,MÀN HIINH 6 inch pin 2700 mAh ?? chắc phải kè kè cục pin du phong !
0,xấu
1,"Mới tậu con AirPods này về, đẳng cấp cực kỳ luôn."
0,Mua iPhone về dùng thử mà thấy mờ quá.
1,"Mới tậu con Samsung này về, mượt mà cực kỳ luôn."
0,Mua Sony về dùng thử mà thấy đơ quá.
1,Quán này bún chả là ngon nhất rồi.
0,"Gia vị món trà sữa quá quá dở, ăn không vô."
1,Với tầm giá này thì Acer là phù hợp nhất rồi.
0,Y chang Xiaomi nhỉ? Nhưng giá 600k thì gần bằng con Xiaomi 16000mAh rồi
0,DELL Alienware và ASUS ROG vẫn là nhất. Em này hoang tưởng giá rồi.
1,"Không có gì để chê ở món gỏi cuốn này, quá chất lượng."
1,"Món hải sản vị ngon tuyệt, topping làm rất ngon."
1,"Mình rất hài lòng với iPad, wifi nhẹ, không bị lag."
0,Mới ăn thử cà phê ở đây mà thấy mặn cực kỳ.
1,"Mới ăn thử gỏi cuốn ở đây, vị ngon lắm luôn."
1,"Không có gì để chê ở món mì quảng này, quá sạch sẽ."
0,that ra minh khong phai la tin do cua iphone nhung tat ca dong dt android dung mot thoi gian hay bi giat va lac treo may vo cung
0,"Không thể chấp nhận được món cà phê này, quá tanh."
1,"Dẫn chồng đi ăn hải sản, mẹ khen vừa vị."
1,"Mới tậu con Asus này về, đẳng cấp cực kỳ luôn."
0,Giá cực kỳ nóng
1,"LG thiết kế phù hợp, wifi phê lắm."
1,"Món pizza ngon hết sẩy, gia vị hấp dẫn."
1,"Không có gì để chê ở Apple Watch, quá nhẹ."
1,"Mới ăn thử mì xào ở đây, vị tuyệt vời lắm luôn."
1,"Món gỏi cuốn ở quán này ngon miệng cực kỳ, ăn hơn nửa năm vẫn ghiền."
0,Mua Oppo về dùng thử mà thấy không ổn quá.
0,"Không thể chấp nhận được Apple Watch, quá quá tệ."
1,"Món bánh xèo ở quán này đặc sắc cực kỳ, ăn cả năm vẫn ghiền."
0,Dẫn người yêu đi ăn cơm tấm mà bạn bè chê dở quá.
0,"Món kem ở quán này khét quá, ăn suốt mấy tháng là thấy khô khốc."
0,"HP thiết kế giật, camera thì loạn cảm ứng."
0,"mua con HK onyx còn dư khối tiền, giá cao quá"
1,Dịch vụ này quá mát
0,"Xbox thì thích mỗi cái gamepad của nó, còn lại vứt =)) Everything I do, I do on my PC"
0,"vì đấy là máy ASUS bạn ạ. Bạn mình dùng ASUS Zenbook mỗi lần mở chrome và powerpoint là cực hình, không chỉ phần mềm đơ mà máy còn đơ nữa"
1,"xin có vài ý kiến về em loa này cho ban nao chưa được mục sở thị có thêm thông tin khi quyết định mua 1. Trong tầm giá em nó là một lựa chọn tốt, khi mở ở 80% nghe ok nhất và chỉ lấp đầy được diện tích phòng khoảng 25m2 thôi ạ. 2. Thời lượng pin thực tế ok. 3. Con này ăn đưt con loa tròn màu đen về âm thanh nhé. 4. Nút cắm sạc vuông đét khó phân biệt rất rễ cắm ngược làm hỏng đầu sạc. 5. Blutoot 10m nhưng có vật cản thì ko ok lắm 6. Vì là hình vuông, nhỏ gọn nên cực kỳ thuận tiện khi mang theo Có vài nhận xét vậy để bạn nào chưa mục sở tjij có thêm thông tin"
0,27 thì hơi đắt quá ) 25 nó hơn 1-2tr
0,"Món lẩu vị khô, không đáng tiền tí nào."
1,"Món cơm tấm ngon hết sẩy, gia vị hấp dẫn."
0,Thêm ram làm gì. Nên tiết kiệm chi phí để tăng lợi nhuận chứ. Máy chạy rầm rầm có gì đâu mà đua ram.
0,Mua LG về dùng thử mà thấy lag quá.
1,"Mình rất hài lòng với Xiaomi, wifi phù hợp, vẫn mượt."
0,Dẫn con đi ăn bánh mì mà người yêu chê khô quá.
1,"S7 edge có f1.7 sao chỉnh iso cao thế, không cháy sáng mới lạ. Nhưng mobistar ngon quá nhỉ, rất đáng tiền!!! Mình chính xác là gà mờ ảnh ọt, chưa hiểu các thông số lắm nhưng nếu trong hoàn cảnh này chụp s7 của mình chắc chắn đẹp hơn mấy tấm của mod"
0,"Tại F02g nhạc nhẽo chán quá, thiết kế thì vay mượn Z3 nhiều quá, wifi quá kém, pin tệ nên quay sang xài sharp đổi gió cho biết."
0,"Gia vị món gà rán quá nguội ngắt, ăn không vô."
1,"Mình rất thích nướng ở đây, quán phục vụ hấp dẫn, đồ ăn ngon miệng."
0,"Không thể chấp nhận được Huawei, quá chậm."
0,Không đẹp bằng con Redmi Pro chụp
1,"Mới tậu con Xiaomi này về, đẹp cực kỳ luôn."
1,Thiết kế này quá bền
0,Mua Apple Watch về dùng thử mà thấy chán quá.
0,"Con AirPods này dùng lởm, pin hay bị lỗi."
1,"Mới ăn thử pizza ở đây, vị tuyệt vời lắm luôn."
1,"Con bạn sài là dòng thấp nhất, phải chịu thôi, bạn mua con khoảng 7-8 lít sài ok ngay, pin sài bét nhè, mua dòng 515 couch mouse, ko thì dòng mx này"
0,Dẫn bố đi ăn kem mà vợ chê không tươi quá.
0,"minh dang hoi han khi mau smart tivi samsung k5500 day, loi ho sang man hinh va ho vien tivi kha nang ma samsung may lan toi coi xong cung phan do dac tinh cua phan pham chu khong phai loi. minh rat buc xuc. cac ban than trong khi mua tivi cua samsung keo ruoc buc vao minh"
1,Với tầm giá này thì iPhone là bền nhất rồi.
1,"Dẫn bạn bè đi ăn vịt quay, bạn bè khen quá đã."
1,"Mới ăn thử lẩu ở đây, vị cuốn hút lắm luôn."
0,"Không thể chấp nhận được iPhone, quá nóng."
0,"Món trà sữa vị quá dở, không đáng tiền tí nào."
0,"Mình rất thất vọng với phở, món ăn thiu, đồ ăn tanh rình."
0,Mới ăn thử cơm tấm ở đây mà thấy thiu cực kỳ.
0,Với tầm giá này mà AirPods kém vậy là không đáng tiền.
0,"Món trà sữa ở quán này thiu quá, ăn hơn nửa năm là thấy khó nuốt."
0,Mới ăn thử bánh mì ở đây mà thấy khó ăn cực kỳ.
0,"Món bún bò vị ngấy, không đáng tiền tí nào."
0,"Apple Watch thiết kế lỗi, thiết kế thì loạn cảm ứng."
1,"Món lẩu ở quán này thơm cực kỳ, ăn hơn nửa năm vẫn ghiền."
1,"Phải chi giờ có cái đồng hồ nào đo được đường huyết trong máu thì tuyệt vời, lỡ đang tập thể dục mà bị tuột đường huyết nằm lăn ra đó P/s: Tích hợp luôn khả năng phát hiện và bắt pokemon luôn cho hợp thời."
1,"Mua Surface cho em trai dùng, em gái khen mạnh."
1,"Mới tậu con iPad này về, nhanh cực kỳ luôn."
1,"cấu hình ngon, mua về rồi lên vỏ 6 cũng được"
0,May minh ip 5 nang len k có j hay cả ngoài việc nhanh hết pin vào mạng chậm và máy nóng hơn lúc trưa nâng cấp
1,"Laptop 15"" mà nặng chưa đến 1kg, thật ko thể tin được, đây sẽ là laptop 15"" nhẹ nhất thế giới."
1,"Con Lenovo này dùng ổn định, pin không lỗi lầm."
1,"Mình rất hài lòng với Sony, sạc tuyệt vời, rất bền."
0,Dẫn bạn bè đi ăn vịt quay mà em gái chê chán quá.
1,Dịch vụ này cực kỳ xịn
1,"Dẫn đồng nghiệp đi ăn nướng, người yêu khen chuẩn vị."
1,"Oppo sắc nét quá, xài vài tháng rồi vẫn ok lắm."
1,Không phải mạnh mà là cực mạnh bạn à
1,Khong len bo bb10. Vi qua bao doi dt nhung ko bo dc bb. Dung bb rat thong minh ko dt nao vuot qua
0,Dịch vụ không tốt
1,"Mới ăn thử cơm tấm ở đây, vị ngon tuyệt lắm luôn."
0,"Không có phím chức năng riêng, ăn gian 1 phần màn hình mà còn để cái phần dưới to bản. Em là em bó tay anh Sony."
1,"Món nem cuốn vị vừa vị, món ăn làm rất tươi."
0,"Mà mở khoá bằng bluetooth mình cảm thấy ko hay lắm, để trong túi quần cấn nút nguồn cái nó mở luôn, để dt đâu đó mấy đứa khác nó lén lấy xem Japan Anti Virut thì mệt nữa haaaa, cứ mở khoá bằng vân tay cho chắc cú. gởi từ Nokia1202 của tôi"
0,Với tầm giá này mà Oppo không ổn vậy là không đáng tiền.
1,"Dẫn đồng nghiệp đi ăn vịt quay, chồng khen chất lượng."
1,Quán này gà rán là xuất sắc nhất rồi.
0,Mới mua con Xiaomi này về mà thấy loạn cực kỳ.
1,"Lenovo tuyệt vời quá, xài vài hôm rồi vẫn rất bền."
0,Ngày càng tào lao
0,"Của rẻ là của ôi, hãy là người tiêu dùng thông thái!"
0,"Huawei thiết kế lag, thiết kế thì mất sóng."
0,"Món cơm tấm vị khó ăn, không đáng tiền tí nào."
0,Vậy e sài cái Q10 hư thì chia tay lun.
1,"Không có gì để chê ở món bún bò này, quá rất ngon."
0,"Không thể chấp nhận được món bún bò này, quá chua."
0,"Lenovo thiết kế yếu, wifi thì vô dụng."
0,"Mình rất thất vọng với lẩu, món ăn nguội ngắt, đồ ăn quá ngấy."
1,"Không có gì để chê ở món bún bò này, quá béo."
1,Mình nâng cấp cho 5 thường chạy rất mượt ổn định
0,Không có công nghệ đột biến nào bán với giá ảo tưởng .Ế!
0,"Con LG này dùng nặng, pin hết pin nhanh."
0,"Món bún chả ở quán này khét quá, ăn vài tháng là thấy chán phèo."
0,Thực ra khi John Chen tiếp nhận Rim thì ông đã có hẳn một lộ trình biến Blackberry thành của Trung Quốc.Đây là bản sao của sự thất bại của Nokia.Vậy tại sao những tín đồ Việt Nam không hợp lại mua lại Blackberry đi.
0,Mua Sony về dùng thử mà thấy quá tệ quá.
0,"Chúc mừng, cuối cùng Ip cũng đã sánh vai đc với đàn anh Note3 và S5 rồi!"
1,dùng Điện thoại thấy quá bền
1,ko có gì phải cạch đối với e eluga này cả...đơn giản vì đẹp-độc và gọn )
1,"iPhone tốt quá, xài mấy ngày rồi vẫn phê lắm."
1,"Mình rất thích gà rán ở đây, quán phục vụ chất lượng, đồ ăn ngon."
1,"thích quá, ráng cày đến khi đủ tiền mua được S8"
1,"Mình rất thích cà phê ở đây, quán phục vụ ngon miệng, đồ ăn thơm."
0,"Món sushi vị quá dở, không đáng tiền tí nào."
1,"Món vịt quay ngon hết sẩy, gia vị xuất sắc."
0,"Kết nối như thế chắc bác phát điên mất, vì hơi tí là rung. Với mình chỉ để cuộc gọi thôi, vì đi đường mình để đt trong balo.Minh xài pin tầm tháng rưỡi luôn"
0,"Surface tệ quá, xài một tháng là thấy không đáng tiền."
0,Xài s7edge suong hon
0,Với tầm giá này mà Dell nóng vậy là không đáng tiền.
0,Mua Lenovo về dùng thử mà thấy quá tệ quá.
1,"Món bún bò ở quán này đậm đà cực kỳ, ăn cả năm vẫn ghiền."
1,"Mới ăn thử bánh mì ở đây, vị tuyệt vời lắm luôn."
0,"Lenovo xấu quá, xài hơn nửa năm là thấy yếu xìu."
1,Đang cm bằng Note 3 dùng được hơnb2 năm. Nhìn chung là hài lòng
1,Thèm quá
1,nhìn Note 4 và Note 7 tỉ lệ đẹp
0,"có ai mua con này dùng lúc rê nó bị đứt quãng không, e dùng thấy bị khó chịu quá, rê nó không được đều."
1,9.2.1 vẫn cứ là ổn áp nhất. silver tôi dùng gần 2 năm nay mà vẫn y như lúc mới mua :))
1,"Món vịt quay ở quán này đậm đà cực kỳ, ăn hơn nửa năm vẫn ghiền."
1,"Mới ăn thử nem cuốn ở đây, vị chuẩn vị lắm luôn."
1,"Món hải sản ở quán này ngon cực kỳ, ăn một tuần vẫn ghiền."
1,Tuyệt tác Samsung VN
1,"Mua Apple Watch cho em trai dùng, chồng khen ấn tượng."
1,"Con Realme này dùng hoàn hảo, pin ổn định."
1,Với tầm giá này thì AirPods là đáng tiền nhất rồi.
1,"Minh chi thích iphone 7 sử dụng 2 sim 2 sóng online và chống nước như sony thôi. Ngoài ra mình không chê iphone ở điểm nào cả. Camera chụp đẹp, sóng ổn định, phần mềm dễ sử dụng, bảo mật tốt trước các loại virut. Ngoài hình sang trọng."
1,"Dẫn chồng đi ăn pizza, mẹ khen ngon."
1,"Mới ăn thử sushi ở đây, vị ngon lắm luôn."
0,Tản nhiệt kiểu này bụi lọt vào có vệ sinh được không nhỉ? Tôi không thích thiết kế này cho lắm!
0,"Món trà sữa ở quán này khó ăn quá, ăn vài hôm là thấy mặn chát."
1,Máy này thật sự êm
1,"Huawei thiết kế tốt, bàn phím tốt."
1,Điện thoại này cực kỳ xịn
1,"Tôi đang dùng và không chê được điều gì so với tầm tiền ! Cảm biến vân tay rất chuẩn, máy cứng cáp, đẹp, chạy mọi app rất mượt, màn hình thật long lanh....tóm lại rất hài lòng."
1,"Mình rất thích cơm tấm ở đây, quán phục vụ vừa vị, đồ ăn ngon miệng."
1,"Xiaomi và Romoss hiện tại ở VN đã có rất nhiều nhà phân phối lớn nhé bạn, lỗi đổi cái mới luôn chứ ko phải tào lao đâu. Mà bán ra vài trăm cục mới lỗi 1 cục, xác suất lỗi rất thấp nhé bác. Yêu cầu ko bị móp méo, rơi vỡ hay vào nước là bảo hành tuốt. Tất nhiên là trừ khi bác mua hàng FAKE nhé"
0,"Mấy ai cảm nhận được sự tinh tế và đẳng cấp khi cầm 1 chiếc BB với bàn phím Qwerty. Nhưng công nghệ thì luôn luôn cải tiến và phát triển và đó cũng là cái mà BB đã không làm được, và họ còn mất luôn cả chính kiến của mình khi chạy theo mảng Full Touch và làm mất đi cái truyền thống."
1,"Món cơm tấm ở quán này béo cực kỳ, ăn mấy ngày vẫn ghiền."
1,"Mình rất hài lòng với Macbook, bàn phím mạnh, phê lắm."
0,"Đối với mình hàng trung quốc vẫn luôn là ""ngôi sao chổi""."
1,Tôi thích hệ điều hành IOS vì nó là chuẩn cao nhất trong phân tầng lập trình di động
1,Đã dùng rất ik ko phải bỏ tiền nhìu mà đầy đủ thông minh..good ngon bổ rẻ..dung máy ông ss htc chán feo
0,"Lúa mì hay rớt ứng dụng web, chán quá đây, khổ nỗi chưa có tiền đổi"
0,"LG loạn quá, xài cả tuần là thấy loạn cảm ứng."
0,"Mình rất thất vọng với LG, wifi không ổn, hay bị hết pin nhanh."
1,"Món trà sữa vị ngon, nước chấm làm rất quá đã."
1,"Mình rất thích bún bò ở đây, quán phục vụ chất lượng, đồ ăn chất lượng."
1,Với tầm giá này thì Realme là mạnh nhất rồi.
1,"Samsung thiết kế đẹp, chip vẫn mượt."
0,"Surface thiết kế chậm, bộ nhớ thì không xài được."
0,"Asus thiết kế xấu, wifi thì vô dụng."
1,Loa này cực kỳ tuyệt vời
1,"Không có gì để chê ở Asus, quá xuất sắc."
1,"Con Apple Watch này dùng ấn tượng, pin tuyệt vời."
0,"Các dòng tầm trung của LG bị nhược điểm là màn hình rất dễ bị loạn cảm ứng. Trước mình đã thử qua dòng LG optimus G pro, hiệu năng ổn nhưng mà lúc hư cảm ứng thì rất khó chịu, đã sửa nhưng tình trạng vẫn bị. Pin kém nữa."
0,"Intel làm điện thoại chạy ngốn pin lắm, giờ con muốn mỏng nữa"
1,"Con Realme này dùng nhanh, pin ổn định."
1,"Huawei thiết kế đẹp, hệ điều hành nhanh."
0,"Mình rất thất vọng với iPad, camera không ổn, hay bị quá cùi."
0,Nhìn còn xấu hơn cả tuyệt phẩm thiết kế G5. :)))
0,Chỗ tôi 3g vẫn còn chập chờn 3g lúc nhảy xuống e
0,"Dell quá kém quá, xài hơn nửa năm là thấy nóng máy."
0,Mạng cực kỳ cùi
0,"Món lẩu vị nguội ngắt, không đáng tiền tí nào."
0,Mới mua con Xiaomi này về mà thấy yếu cực kỳ.
1,"Không có gì để chê ở món trà sữa này, quá vừa miệng."
1,Em này ngon mà nhìn cũng được phết
1,"Món bánh mì ở quán này chuẩn vị cực kỳ, ăn hơn nửa năm vẫn ghiền."
0,"Món phở vị chua, không đáng tiền tí nào."
1,"Mình rất thích phở ở đây, quán phục vụ tuyệt vời, đồ ăn tuyệt vời."
0,Điện thoại quá xấu
0,"Oppo lag quá, xài một thời gian là thấy kém quá."
0,"Chất liệu cao su, thép, thủy tinh cũng được gọi là cao cấp à?"
1,"Surface tuyệt vời quá, xài hơn nửa năm rồi vẫn nhanh."
1,"Mới ăn thử hải sản ở đây, vị ngon miệng lắm luôn."
0,"Mình rất thất vọng với pizza, decor ngán, đồ ăn chua loét."
1,"Dẫn em trai đi ăn vịt quay, em trai khen ngon."
0,"Món lẩu ở quán này ngấy quá, ăn cả tuần là thấy tanh rình."
0,"Asus lag quá, xài vài hôm là thấy quá chán."
1,"Con Realme này dùng đẳng cấp, pin tốt."
1,Mình đang dùng một em Thinkpad T450 và cảm thấy thật toẹt vời.
1,"Không có gì để chê ở Huawei, quá xuất sắc."
1,"Món mì quảng vị ngon miệng, không gian làm rất béo."
1,Quá đẹp.
0,Mới mua con HP này về mà thấy quá tệ cực kỳ.
0,Mới mua con Dell này về mà thấy không ổn cực kỳ.
0,Mua Dell về dùng thử mà thấy nặng quá.
1,"Món trà sữa ở quán này béo cực kỳ, ăn một tuần vẫn ghiền."
0,"Cái cảm biến chuyển đôngj kém ghê, quay tay lúc hiện lúc ko"
1,"Không có gì để chê ở iPhone, quá nhanh."
1,"Mình rất thích kem ở đây, quán phục vụ tươi, đồ ăn tuyệt vời."
0,"Gia vị món pizza quá mặn, ăn không vô."
0,"Mình rất thất vọng với gỏi cuốn, phục vụ ngán, đồ ăn mất vệ sinh."
0,Giá thật sự nóng
0,"Samsung bình thường quá, xài hơn nửa năm là thấy vô dụng."
0,"Không thể chấp nhận được Vivo, quá quá chán."
0,"Sony hay lỗi mà lắm, quanh nhà mình mua sony gần như đi gần hết sau 3 năm, may cái nhà mình còn bh 2 năm nên thay kịp ko mất tiền:("
0,"Không thể chấp nhận được Huawei, quá mờ."
0,"Không thể chấp nhận được iPad, quá loạn."
1,"Món phở ở quán này béo cực kỳ, ăn vài tháng vẫn ghiền."
1,"Món nướng ngon hết sẩy, gia vị giòn."
0,"Gia vị món pizza quá đắng, ăn không vô."
1,Với tầm giá này thì Surface là tốt nhất rồi.
0,"Không thể chấp nhận được món kem này, quá quá dở."
1,"Món cơm tấm ở quán này thơm cực kỳ, ăn cả năm vẫn ghiền."
0,Với tầm giá này mà Vivo nóng vậy là không đáng tiền.
0,Ghét nhất điện thoại 2 sim.dung vo vị.
1,"Không có gì để chê ở Realme, quá ngon lành."
1,Camera này hoàn toàn tốt
1,"iPad thiết kế ngon lành, cấu hình ok lắm."
0,Với tầm giá này mà Apple Watch lag vậy là không đáng tiền.
1,"Con Apple Watch này dùng ấn tượng, pin tốt."
1,"LG thiết kế ổn định, chip dùng rất sướng."
0,"Nói thật, đừng mua Dual sim, mình đang xài Sony Xperia C4 Dual, lỗi ghê lắm"
0,Mua Xiaomi về dùng thử mà thấy quá chán quá.
0,"Tôi cũng nâng cấp và kết quả: màn hình điện thoại bị rung, làm cho chữ bị nhoè. Đã khôi phục iphone nhưng vẫn bị. Tôi sử dụng iphone 5S"
1,"Không có gì để chê ở Surface, quá ngon lành."
0,Mới mua con Apple Watch này về mà thấy kém cực kỳ.
1,"Mình rất thích kem ở đây, quán phục vụ cuốn hút, đồ ăn vừa vị."
1,"Ủng hộ, tôi sẽ mua tặng vợ 1 cái B2"
0,Dẫn bố đi ăn hải sản mà con chê thiu quá.
0,Điện thoại ít xịn
1,Note3 hehe ai dag dung diem danh nhe. Note dung cho cong viec thi khoi noi.
0,"AirPods thiết kế nóng, wifi thì không đáng tiền."
0,"Trước mình có con Casio tầm 300k đeo 5 năm ko phải thay pin, đi bơi vô tư. Dùng khéo còn thoải mái hơn con Watch này."
0,"Sao surface đắt thế nhỉ, rất thích tính cơ động của nó, nhưng đắt quá."
0,IP mau hết Pin nhất
0,"Con Lenovo này dùng lag, pin yếu xìu."
1,"Mới ăn thử nem cuốn ở đây, vị tuyệt vời lắm luôn."
0,Mới ăn thử cơm tấm ở đây mà thấy khô cực kỳ.
1,"LG thiết kế xuất sắc, màn hình không bị lag."
0,"giá ok đó nđ là pin khá tệ,tốc độ truy xuất bộ nhớ chậm dẫn đến việc cài và chạy ứng dụng ko dc nhanh,cấu hình thuộc mức tb-khá tuy nhiên load web hay bị giựt và đơ nếu trang nặng,phím home cảm ứng rất dễ bị chạm khi bỏ vào túi quần khiến màn hình sáng--->hao pin,âm thanh ra tai nghe khá nhỏ,,chưa root dc và cẩn thận đừng để bị lock pass sẽ ko hard reset dc,đem ra dv thì bị cao thủ âm binh chém mất vài xị đó )"
0,Mua Apple Watch về dùng thử mà thấy quá chán quá.
0,Quán này đồ ăn ngán vậy là không đáng tiền.
1,"Con Acer này dùng sang trọng, pin ổn định."
1,"San pham nay hay qua, se mua ngay"
1,sử dụng Thiết kế thấy rất tuyệt vời
0,Kính camera bằng sapphire mà sao dễ trầy vậy ta?Của e nó trầy tan nát luôn rồi
1,"Không có gì để chê ở món phở này, quá đậm đà."
0,Với tầm giá này mà Realme kém vậy là không đáng tiền.
1,"Mua iPad cho em trai dùng, em gái khen tốt."
1,"Món bánh xèo ngon hết sẩy, gia vị tươi."
1,"Hy hy, đep quá."
1,"Mới ăn thử gỏi cuốn ở đây, vị quá đã lắm luôn."
0,"Vivo bình thường quá, xài cả tuần là thấy kém quá."
0,"Gia vị món bún bò quá ôi, ăn không vô."
1,"Không có gì để chê ở Huawei, quá nhanh."
1,"Ảnh thì fuji ngon, quay fim thi Sony hơn. Nhưng đây là máy ảnh mà.Quay phim lam canh thoi ,Iphone nó đảm hết rồi. Nói chung Fuji vẫn ngon"
0,Mới mua con AirPods này về mà thấy quá chán cực kỳ.
0,camera lồi hơn cả 6S. mặt sau chuyển dãy nhựa ăng ten lên cạnh. ôi nó khác gì mấy con máy trung quốc nhái đâu :)) ăn cắp bản quyền máy nhài à :))
1,xài Camera thấy khá bền
1,"Mới ăn thử cà phê ở đây, vị vừa vị lắm luôn."
1,Quán này bánh mì là béo nhất rồi.
1,"Món pizza vị hấp dẫn, đồ ăn làm rất giòn."
1,Điện thoại này cực kỳ đẹp
0,"Mình rất thất vọng với cơm tấm, đồ uống đắng, đồ ăn mặn chát."
0,Camera chả tuyệt vời
1,"Không có gì để chê ở món mì quảng này, quá xuất sắc."
0,"LG thiết kế không ổn, sạc thì nóng máy."
0,Mới ăn thử phở ở đây mà thấy nguội ngắt cực kỳ.
1,Với tầm giá này thì Oppo là hoàn hảo nhất rồi.
0,"Lenovo thiết kế lag, loa thì vô dụng."
0,Dẫn người yêu đi ăn gà rán mà đồng nghiệp chê ngán quá.
1,"Dẫn em gái đi ăn mì xào, vợ khen chuẩn vị."
0,"Mình rất thất vọng với nướng, không gian không tươi, đồ ăn khét lẹt."
0,"ip7 đây sao, xấu dữ vậy trời"
1,"Mình rất thích bún chả ở đây, quán phục vụ chuẩn vị, đồ ăn ngon."
0,Mới ăn thử nem cuốn ở đây mà thấy khô cực kỳ.
0,"Món nướng vị thiu, không đáng tiền tí nào."
1,cấu hình tốt nhất thiết kế đột phá nhất hãng điện thoại bảo mật tốt nhất màn hình cong tràn viền chống nước tốt con gái mà dùng s7 thì độ xinh gái tăng lên x2
0,"Gia vị món cà phê quá mặn, ăn không vô."
1,"Không có gì để chê ở món mì xào này, quá béo."
0,"Samsung chậm quá, xài một thời gian là thấy nóng máy."
1,"Đang xài 60D, thấy em 80D này sao muốn ly dị vợ cũ quá :))))"
1,"Em xài đập đá nokia 1280,pin trâu phết..kk"
1,"Máy này mà render phim HD dựng bằng Premiere, After Effect... chắc sướng phải biết! Mơ 1 cái!"
0,"Con HP này dùng yếu, pin loạn cảm ứng."
1,"Lenovo ổn định quá, xài mấy ngày rồi vẫn không lỗi lầm."
0,"Món gỏi cuốn vị quá kém, không đáng tiền tí nào."
1,"Tôi thấy ấn tượng với logo quả táo được khắc chìm,có một sự hầm hồ không hề nhẹ :3"
1,"Mình rất thích vịt quay ở đây, quán phục vụ đậm đà, đồ ăn đặc sắc."
1,Chất lượng này vô cùng tốt
0,"iPhone thiết kế xấu, loa thì lag lòi."
1,tuyệt...
1,Quán này lẩu là ngon tuyệt nhất rồi.
1,"Không có gì để chê ở món bún chả này, quá chất lượng."
1,"em thấy mỗi bác kêu sóng chập chờn à, em thấy nhiêu bác unlock rồi dùng có hiện tượng mất sóng đâu, em unlock trước tết dùng đến giờ sóng căng đét, chưa mất sóng bao giờ"
1,"Ý kiến cá nhân của mình thì ko thích thiết kế Sony (phần trên màn hình và dưới màn hình quá dày), còn HTC thì thiết viền benzen và trên dưới dày quá. Oppo copy và phát triển thiết kế của samsung + apple, camera tốt, cấu hình tốt, giá rẻ, thiết kế đẹp hơn samsung và apple nếu ở cùng tầm giá => giới trẻ thích dùng. Còn người nào nhiều tiền, hoặc trung niên thì cứ chọn samsung hoặc apple đỡ phải suy nghĩ hại não"
0,"Apple Watch thiết kế chậm, bàn phím thì vô dụng."
1,Quán này bún chả là béo nhất rồi.
0,Tránh xa con TCL ( Thịt chó luộc ra ) màn hình hãng này nhìn cực chán
0,"Món bánh mì ở quán này tanh quá, ăn hơn nửa năm là thấy nguội ngắt."
0,"Con HP này dùng yếu, pin quá đơ."
1,"Vote cho e loa này 5*. Mua đc 6 hôm, mỗi hồm dùng tầm 1-2h volume to nhỏ đủ liểu vẫn chưa hết pin. Dù nghe nói pin có 1200 mah song công nhận lâu thật. Nghe to thì lo nhảy bùm bụp thấy hay hay song k thấy re (vã cũng chưa dám max volume xem rè k vì sợ rè song rồi k hết đc)"
1,"Thay toan la che Sony, minh da xai qua cac dong Sony tu loai phim bam den cam ung, hien nay minh dang xai Z3, phai noi rat hai long"
0,"Cấu hình bèo mà đòi đú.....ZenFone Selfie cũng 6 triệu 5 mà camera trước 13MP, màn hình Full HD....Không cạnh tranh nổi đâu!!"
1,"Mới ăn thử gỏi cuốn ở đây, vị ngon tuyệt lắm luôn."
0,Quán này đồ ăn chua vậy là không đáng tiền.
1,Dịch vụ này quá đẹp
1,"Không có gì để chê ở món pizza này, quá rất ngon."
0,"Không thể chấp nhận được iPad, quá lởm."
0,"Gia vị món vịt quay quá chua lè, ăn không vô."
1,Với tầm giá này thì Lenovo là mỏng nhất rồi.
1,"Huawei cao cấp quá, xài mấy ngày rồi vẫn không bị lag."
1,dùng Sản phẩm thấy rất mượt mà
1,bạn phải biết con eluga nó cực kì cao cấp so với 1 đống sky và nokia cùng tầm giá.chống nước.lắm lúc màn hình bết nhúng nước phát lau.còn chip yamaha không chê được..mới nghe với con hpm-77 mua 350k mà đã phê r.còn máy ảnh đừng dùng chụp mặc định nhé các bác.nó không hợp.dùng fv camera chỉnh tay được.chụp đẹp lắm.sony tuổi gì.ít ra cảm biến nó là cmos.tất cả các tính năng của nó đều từ các thương hiệu tên tuổi.chiều thấy có đứa dẫn người yêu đi dán màn con 520 nhìn mà thấy may vì mình không mua con 520.nhìn nó đần đần sao ấy.giờ cầm con này giơ trước mắt 2 đứa nó bảo đổi chắc nó đổi luôn
0,Dẫn con đi ăn pizza mà người yêu chê nhạt quá.
0,"tránh xa cái chip mediatek ra nhé bạn, mình đang xài k3 note của lenovo, chip cực tệ. thêm cái là xài 2 sim nên dù pin 3000mA sẽ hao hơn so vs đt xài 1 sim. chờ redmi 3 giảm giá đi b!"
1,Dòng máy dành cho khách hàng muốn tốt gỗ hơn tốt nước sơn.
1,ko thấy che đậy cái lỗ tai nghe thế mà chống được nước mới tài ôi nhật bản
0,"Đến nỗi cái icloud còn bắt chiếc thì a cũng đến chịu độ lầy của ss nhà e, đặt tên cũng đặt là icloud, bắt chiếc thì cũng lên đặt tên khác đi, lầy quá"
1,"Thiết kế đẹp, nhỏ gọn, rất tiện lợi để có thể mang đi xa dễ dàng. Có mấy cái này thì đi công tác sẽ không sợ không có mạng nữa rồi."
1,"iPad xuất sắc quá, xài cả tuần rồi vẫn vẫn mượt."
0,"Apple Watch kém quá, xài hơn nửa năm là thấy vô dụng."
1,"Mình rất thích gỏi cuốn ở đây, quán phục vụ hấp dẫn, đồ ăn sạch sẽ."
1,"iPhone cao cấp quá, xài vài tháng rồi vẫn dùng rất sướng."
1,"Dẫn em trai đi ăn mì xào, đồng nghiệp khen chuẩn vị."
0,Thiết kế khá nóng
0,"Tôi đang dùng con Dell XPS 14Z core i7 ram 8GB, VGA 2G. Máy thì không vấn đề nhưng mấy cái cao su viền màn hình lởm quá. Dùng khoảng 4 năm mà mấy cái su đó giờ bị thoái hóa cứ mục đứt nên nhìn cái viền màn hình như cóc gặm."
0,Thế mà vẫn giữ bản 16GB được bác ạ... Kì cục
1,"Không có gì để chê ở món vịt quay này, quá tuyệt vời."
1,Camera này quá êm
0,"Mình rất thất vọng với Lenovo, cảm ứng quá tệ, hay bị hay bị lỗi."
0,"Không thể chấp nhận được món nướng này, quá quá kém."
1,"Cảm nhận sau 1 ngày test thấy con vidonn a6 này quá ngon trong tầm giá,đáp ứng đầy đủ nhu cầu của mình,tiện thể đánh giá luôn pin của em này sau 1 ngày sử dụng để xem giờ kết nối đt 24/24 để thông báo và thỉnh thoảng đo nhịp tim thì từ 16h hôm qua đến 20h hôm nay là hơn 1 ngày pin tụt 20%,như vậy với nhu cầu của mình thì em nó trụ khoảng 1 tuần..."
1,Đẹp không đỡ được :D
1,rất thích kiểu dáng sang trọng lịch lãm của blackberry. phải ráng de dành tiền rước 1 em về.
0,"Gia vị món bánh mì quá tanh, ăn không vô."
0,"Mình rất thất vọng với Apple Watch, thiết kế mờ, hay bị hay bị lỗi."
1,"Không có gì để chê ở Vivo, quá phù hợp."
1,"Không có gì để chê ở món lẩu này, quá cuốn hút."
1,Một cú huých về chấm ! Nhưng với nikon thì chấm ko phải là tất cả . Like love nikon
1,"Mình rất thích mì quảng ở đây, quán phục vụ tươi, đồ ăn hấp dẫn."
1,"Không có gì để chê ở HP, quá xuất sắc."
1,"Mình rất hài lòng với LG, chip mượt mà, không nóng máy."
1,"Mình rất hài lòng với Vivo, bàn phím ổn định, bình thường."
0,uhn wf đểphòngkháchmàtrongbuồngthươngtxuyênmấtsóng
1,cảm ơn iphone đã có những siêu đột phá mới . giúp tôi tiết kiệm được 1 khoản không hề nhẹ
0,Dẫn bạn bè đi ăn phở mà con chê đắng quá.
1,"Mua Vivo cho mẹ dùng, vợ khen sang trọng."
1,Đang cần 1 em như vậy để chup ảnh
0,"Điện thoại này 6 triệu á ? Nói thật chứ cái này cho mình cũng...lấy, mà mua thì còn lâu nhá :D"
0,"Asus thiết kế yếu, pin thì quá cùi."
1,"Dẫn người yêu đi ăn phở, em trai khen vừa miệng."
0,Camera không mát
1,"Món bún bò ngon hết sẩy, gia vị sạch sẽ."
0,"Con Macbook này dùng nóng, pin quá đơ."
0,Chuyển Samsung thôi
1,"Mua Macbook cho chồng dùng, vợ khen tốt."
0,"Không thể chấp nhận được món gỏi cuốn này, quá khét."
0,"Mình rất thất vọng với mì xào, topping đắng, đồ ăn khét lẹt."
0,Galaxy nào pin cũng nhanh chai và bị nóng máy rất hay bị lỗi và nóng lên là chạm lung tung đứng máy hoài
0,"Mình rất thất vọng với bánh mì, topping chua, đồ ăn ôi thiu."
1,"Mình rất thích gà rán ở đây, quán phục vụ giòn, đồ ăn ngon."
0,"Con Vivo này dùng quá kém, pin yếu xìu."
0,giá vẫn cao quá so với giá xuất xưởng
0,"Vivo yếu quá, xài mấy ngày là thấy không đáng tiền."
0,"Thì cứ cắm sạc xong là trơ cảm ứng, một lúc mới mở khóa được, mở khóa xong lại trơ không làm j được, phải khởi động lại mới dùng bình thường"
0,Chẳng lẽ là xấu như vậy sao?
0,"Món mì xào ở quán này nguội ngắt quá, ăn cả tuần là thấy quá ngấy."
0,Mới mua con Huawei này về mà thấy xấu cực kỳ.
0,"Mình đặt x6s ở đó luôn rồi bạn ơi, vì nghe bảo đo nhịp tim của vidonn k chuẩn lắm, với cả cần notify của nó hơn Không liên quan lắm mà tcs lấy phí ship hn-sg mà lấy 40k cho cái vòng đeo mà đi chuyển phát tiết kiệm của viettel"
1,"Không có gì để chê ở HP, quá mỏng."
1,nhìn quá chất rồi đẹp mỏng cao cấp không dùng nhựa nữa thật quá đẹp cần 1 số tiền để rước em nó về với mình :(
1,"Apple Watch thiết kế mượt mà, loa đẹp."
0,Mua Acer về dùng thử mà thấy kém quá.
1,"Rẻ mà, rẻ hơn cái usb or thẻ nhớ nhìu á"
1,"Mua iPad cho con dùng, em gái khen bền."
1,"Mua iPhone cho bạn bè dùng, vợ khen tuyệt vời."
1,"Món sushi ngon hết sẩy, gia vị sạch sẽ."
1,"Acer cao cấp quá, xài một tháng rồi vẫn không bị lag."
1,"Mới ăn thử nem cuốn ở đây, vị đặc sắc lắm luôn."
0,"Không thể chấp nhận được món mì quảng này, quá quá tệ."
0,"Không thể chấp nhận được Surface, quá quá chán."
0,"Món gà rán ở quán này chua quá, ăn mấy ngày là thấy dai quá."
0,"hầu như người bán họ đều nói ko việc gì cả,ngon như bản quốc tế nhưng thực tế dùng sẽ khác hẳn vì khi đó đt sẽ mau hết pin đôi khi chả có sóng ,hay đơ khi vào mạng dùng tức anh ách,khuyên bạn nếu mua nên mua bản quốc tế cũ dùng cũng dc,thêm mấy trăm dùng sau này có lỗi gì hãng update sẽ hết ngay còn bản lock thì mãi mãi cục tức ở lại.có vậy bản lock mới rẻ sau này lên 4g bạn lại phải ra quán cài lại,sóng sánh vẫn kém"
1,"Món bún bò ở quán này ngon miệng cực kỳ, ăn một tuần vẫn ghiền."
0,Mới ăn thử lẩu ở đây mà thấy dở cực kỳ.
0,"Sony thiết kế không ổn, pin thì loạn cảm ứng."
1,"Con HP này dùng nhẹ, pin tuyệt vời."
1,"Không có gì để chê ở món cơm tấm này, quá vừa miệng."
0,"Mình rất thất vọng với Realme, cảm ứng yếu, hay bị quá chán."
1,Với tầm giá này thì Dell là đáng tiền nhất rồi.
1,Giá này mà xài Snapdragon với Ram2GB thì quá ổn cho 1 cuộc tình rồi :)
1,"Món bún chả vị béo, decor làm rất đậm đà."
1,"Món cà phê vị cuốn hút, không gian làm rất vừa miệng."
0,"Món hải sản vị quá dở, không đáng tiền tí nào."
0,Sản phẩm chả xuất sắc
0,"Không thể chấp nhận được Sony, quá nặng."
1,Sac du phong romosst polymost rat ok . Dang dong tien bo ra
0,Mới mua con iPhone này về mà thấy loạn cực kỳ.
1,"Apple Watch ổn định quá, xài vài tháng rồi vẫn hoạt động tốt."
1,"Món bánh mì vị béo, món ăn làm rất tuyệt vời."
0,"Con LG này dùng quá chán, pin kém quá."
1,"Món nem cuốn ngon hết sẩy, gia vị ngon miệng."
1,ngon đấy đợi hàng về làm cái
0,"Con Dell này dùng lỗi, pin sụt pin nhanh."
1,"Ôi, kết cái cách dịch của anh note7 này quá."
1,"Mình đã mua ống kính mắt cá fish-eye cho em bphone của mình, chụp góc rộng và vòm khá đẹp, nói chung rất ưng."
1,Pin này vô cùng tốt
1,"Dẫn bạn bè đi ăn kem, chồng khen cuốn hút."
0,Mua Surface về dùng thử mà thấy yếu quá.
0,"Mình rất thất vọng với Realme, hệ điều hành lởm, hay bị mất sóng."
1,"Mua LG cho bạn bè dùng, con khen mỏng."
0,"Gia vị món phở quá chua, ăn không vô."
1,"Món bánh xèo ngon hết sẩy, gia vị tuyệt vời."
0,"Mình rất thất vọng với Macbook, vân tay quá tệ, hay bị mất sóng."
1,"chỉ có 2 từ ""siêu khủng"""
1,"Không có gì để chê ở HP, quá đáng tiền."
1,"Mới tậu con Sony này về, ngon lành cực kỳ luôn."
0,"phét. Tôi dùng con 3GS nguyên bản vào FB lag lòi cả con mắt ra. Máy chả dám cài cái gì cả. Chỉ để nghe, gọi =))"
1,"Đồng hồ đẹp, Chúc mừng bác ra nhập hội ""ham hố"" )"
1,Camera này cực kỳ bền
1,"Con Xiaomi này dùng đáng tiền, pin trâu."
1,"TN vẫn vô đối về response time, refresh rate và input lag trong tầm giá. Chơi game FPS nhiều sẽ thấy tác dụng. IPS muốn game ngon có mấy em 27"" của Asus (PG279) support  165Hz. Có điều 2x củ. 21:9 dùng màn to cỡ 34"" xem film chứ độ phân giải ""quái thai"" này ít game hỗ trợ, nhiều lúc bực lắm. (đang xài LG 34UC97)."
1,"Không có gì để chê ở Realme, quá sắc nét."
1,"Mình rất thích bún bò ở đây, quán phục vụ rất ngon, đồ ăn giòn."
1,"Xiaomi thiết kế tốt, wifi mạnh."
0,Thiết kế rất nóng
0,"Món hải sản ở quán này khô quá, ăn cả tuần là thấy khét lẹt."
0,"Món sushi vị khét, không đáng tiền tí nào."
1,"Món gà rán ngon hết sẩy, gia vị đậm đà."
0,"Mình rất thất vọng với cà phê, nước dùng quá dở, đồ ăn ôi thiu."
0,Với tầm giá này mà Oppo lag vậy là không đáng tiền.
1,"khoái HTC ở chỗ selfie không ảo diệu như SS nên hình lên nhìn chân thật ,mình đẹp tự nhiên nên ghét ảo ảo 360 lắm heheheh,cộng thêm phần mềm HTC làm rất tốt ,xài mấy năm chưa reset lần nào mà máy chả có lag, chạy phà phà"
0,"Không thể chấp nhận được Lenovo, quá xấu."
1,"Con HP này dùng tốt, pin mạnh."
0,Màn hình thật sự lag
1,"AirPods mượt mà quá, xài cả năm rồi vẫn vô đối."
1,"Mới tậu con Vivo này về, sang trọng cực kỳ luôn."
0,Màn hình ít hoàn hảo
1,"Vivo thiết kế phù hợp, camera ok lắm."
0,"Mình rất thất vọng với bún chả, topping chua, đồ ăn rất chán."
1,Sản phẩm này quá xuất sắc
0,Màn hình không xịn
0,cạn hết ý tưởng rồi apple ơi
1,Xiaomi thiệt là bá đạo mà
1,"Huawei thiết kế bền, thiết kế tuyệt vời."
0,"Mình rất thất vọng với phở, đồ ăn mặn, đồ ăn khó nuốt."
1,bạn cứ về mở gần max volumn và đủ thể loại nhạc là ok hehe
0,"em dùng 1 tuần ở Mỹ mà thấy chán cái Aw luôn. ngoài chức năng đo nhịp tim đếm calo vs số bước chạy thì 90% là a có thể dùng trên đt với màn hình to hơn và thông tin chi tiết hơn. Aw chỉ có ích với 1 phần nhỏ những người có đặc thù công việc như anh Đắc chứ ko thể phổ cập như 1 chiếc đt được. Thế nên e thấy tương lai nó cũng cjir như smart watch của các hãng khác, giới thiệu hoành tráng rồi chìm dần thôi."
1,"Mua Surface cho bố dùng, con khen ấn tượng."
1,xài 4 5 hãng trên thị trường rồi và cuối cùng dừng bước với cháu anker do cháu sạc lẹ nhất
1,"Mới ăn thử nướng ở đây, vị ngon tuyệt lắm luôn."
0,"Món pizza ở quán này quá kém quá, ăn một thời gian là thấy quá dở."
0,"iPad lởm quá, xài hơn nửa năm là thấy mất sóng."
1,"Con Dell này dùng mạnh, pin dùng rất sướng."
1,"e thích rồi đó, chắc là lướt web và xem phim ngon đấy"
1,"Mình rất thích trà sữa ở đây, quán phục vụ chất lượng, đồ ăn ngon tuyệt."
1,"Vài điều nhận xét về em nó: - Khá hài lòng về hình thức, dây đeo chắc chắn, loại X6S gài nút mình sợ lâu ngày vận động mạnh sẽ bị bung nút ) - Khi ra đường trời nắng màn hình hiển thị ko sáng nhưng ráng xem thì cũng rõ, k thành vấn đề. - Về cảm biến xoay tay xem đồng hồ thấy rất OK, xoay đúng cách là nó hiện lên sau 1s, quen rồi ko thấy phiền. - Antilost chưa thử. - Moveless cài 30p, thì trong vòng 30p ngồi 1 chỗ ko đi đâu là nó rung kèm biểu tượng hình người ngồi ghế, nhắc mình di chuyển. - Báo thức rung mạnh, nhiều khung giờ cài đặt báo rung. - khi chỉnh giờ ngủ, thì tới giờ ngủ quay tay không xem giờ đc nữa, phải rờ nó mới lên nhé! - Có chế độ Do Not Disturb ko làm phiền liên khi ngủ, ko báo rung gì sất, tới giờ thức nó mới rung thôi. - Đo nhịp tim chuẩn, mình test lại với máy đo huyết áp điện tử hoài, đo thường xuyên cho mình nếu mình cài chế độ thông minh. Chế độ sport chưa test. - Đo bước đi thì chỉ cần chuyển động tay là nó sẽ đếm, tuy nhiên ngồi 1 chỗ thì k thấy tăng nếu tay ko với lấy đồ hay gì đó ) - Tuy số bước nhiều nhưng lượng kcal tiêu hao rất thấp, mình nghĩ nó có trừ hao rồi ) - Phân tích giấc ngủ hay, mình nghĩ trong đêm mấy lần trở mình, là nó có hiển thị, nhìn biểu đồ có ghi tgian ngủ cho mình, khoảng đầu hôm lên giường còn lăn qua lăn lại nó cũng ghi nhận ) Tạm vậy đi, xài tiếp xem sao. Mình cũng mua của TCS. Nguyên seal, vòng đẹp, ko có ý kiến gì. Hiện tại iOS mới update mà lỗi app nên mới xoá rồi ) À xài đc 5 ngày còn 50% pin nhé, sync với iPhone thấy hơi chậm!"
1,"Không có gì để chê ở món bún chả này, quá tươi."
0,Dẫn mẹ đi ăn gỏi cuốn mà đồng nghiệp chê khét quá.
0,Dẫn em gái đi ăn pizza mà đồng nghiệp chê mặn quá.
1,"Cách đây hơn 2 năm mình mua 1 con alienware 17 cũng với cấu hình cao nhất. Đến bây giờ mình vẫn hài long với nó vì máy có thể thực hiện nhiều việc cùng 1 lúc cho mình và máy vẫn chạy tốt những dòng game nặng và hiện đại. Alienware là phân khúc laptop cao cấp của hãng Dell và công nghệ của nó luôn đi trước khoảng 2 nam so với những dòng laptop phổ thông. Chỉ có 1 nhược điểm là nó hơi cồng kềnh và nặng, bất tiện trong việc di chuyển."
1,Chất lượng này hoàn toàn mượt mà
0,may mắn là mình mới lên đên 9.2 thôi nhưng mà lâu lâu mấy cũng bị đơ hoài
1,Làm 1 bộ này cho sướng
0,"Lenovo đơ quá, xài cả tuần là thấy quá đơ."
0,mất chất rồi bb ơi
1,"Món kem vị tươi, nước chấm làm rất giòn."
1,"Mình rất hài lòng với Surface, cảm ứng tốt, ok lắm."
1,"Món cơm tấm ở quán này chất lượng cực kỳ, ăn mấy ngày vẫn ghiền."
1,Pin này vô cùng êm
1,"Mình rất thích bún chả ở đây, quán phục vụ tuyệt vời, đồ ăn đậm đà."
1,Pin này khá tuyệt vời
1,"Món gỏi cuốn ở quán này chuẩn vị cực kỳ, ăn suốt mấy tháng vẫn ghiền."
1,"Mua Huawei cho bố dùng, chồng khen đẳng cấp."
1,Tuyệt vời. Mình sẽ mua Bphone :)
1,Với tầm giá này thì Sony là mượt mà nhất rồi.
1,Chất lượng này rất xuất sắc
0,"Chống nước, có cũng như không thôi thưa anh Sony. Tôi mua Z5 Premium chỉ nghe điện thoại dưới trời mưa mà đã bị nước vào, mang đi bảo hành thì Sony khẳng định tôi sử dụng chụp ảnh dưới nước và từ chối bảo hành. Cãi nhau mãi ko đc chán quá nên cầm về làm kỉ niệm !"
1,nói chung thì thích Ss
1,Thiết kế này cực kỳ mát
1,Hàng nhật nó chất thật =]]. Con G2 Isai vẫn sống thọ lắm  _
0,Điện thoại khá kém
0,Chất lượng không đỉnh
0,"Samsung galaxy s6 dùng đúng 1 năm 10 ngày là bị chết màn hình, tưởng mình xui hoá ra khi đem xuống trung tâm bảo hành gặp toàn khách bị lỗi màn hình, có cả s7 nữa. Vĩnh biệt samsung từ đây"
1,Loa này cực kỳ mượt mà
0,"Tôi mua Zenfone 2 một năm, bảo hành tới 3 lần, được điểm bán điện thoại cho mượn máy khác dùng tạm thì vẫn thấy con Zenfone vẫn tệ nhất, đặc biệt là Pin, pin tụt rất nhanh . mà dòng Zenfone phần lớn là như vậy, pin không đúng dung lượng như nhà sản xuất công bố. Mọi người nên cân nhắc khi sử dụng dòng Zenfone"
0,"Ip nó củng lag giật bình thường thôi và bị hạn chế tùy biến của ios,bạn hãy dùng thì sẽ biết."
1,Quán này nem cuốn là đậm đà nhất rồi.
1,"Con Macbook này dùng hoàn hảo, pin mượt."
0,"Mình rất thất vọng với HP, bàn phím chậm, hay bị chán hẳn."
1,Quán này lẩu là sạch sẽ nhất rồi.
1,Với tầm giá này thì Samsung là phù hợp nhất rồi.
0,"Nếu thực sự thích thì nhích, mình k thích màu nịnh như S7 nên kiếm em BlackBerry PRIV sài"
1,Pin này khá đẹp
1,"Mới tậu con AirPods này về, đáng tiền cực kỳ luôn."
1,Quán này bún bò là đậm đà nhất rồi.
0,Điện thoại chả đỉnh
0,Mới mua con Nokia này về mà thấy lởm cực kỳ.
0,Dẫn em trai đi ăn cơm tấm mà mẹ chê mặn quá.
1,"Không có gì để chê ở món hải sản này, quá chất lượng."
1,5s len 9.3.2 tốn pin hơn
1,"Sao anh Tuấn ko đề cập đến 35f2 WR nhỉ? Giá tốt, build cực ngon, chống nước. Và hình thức quá đẹp, nhỏ gọn quá hợp với XE2s"
0,"Mình rất thất vọng với Oppo, chip chán, hay bị rất tệ."
0,"Món mì xào ở quán này khô quá, ăn cả năm là thấy mất vệ sinh."
0,"Mình rất thất vọng với Realme, camera yếu, hay bị quá cùi."
1,"Món bún bò ở quán này béo cực kỳ, ăn suốt mấy tháng vẫn ghiền."
0,"Không thể chấp nhận được iPhone, quá chán."
1,"Dẫn con đi ăn gỏi cuốn, đồng nghiệp khen chất lượng."
1,"Bác sạc tới 2h ah mới đầy ah,mình sạc 30 phút đầy,sạc bằng củ sạc 5v-2A,mình thấy a6 bên tcs rất tốt,hôm bữa đặt hàng mà thấy mấy bác bình luận tiêu cực về tcs thấy cũng lo,nay nhận con a6 thấy rất ok,mình thấy pin con này nếu để xem giờ và thông báo trên đt thì trâu lắm,chiều 16h sạc đầy tới giờ hơn 5 tiếng rồi mới tụt 4%pin,nãy có test đi tắm luôn thấy ko vô nước,còn đi bơi thì chưa thử"
1,Với tầm giá này thì Realme là mỏng nhất rồi.
1,"Mua Dell cho con dùng, người yêu khen ổn định."
0,Dẫn chồng đi ăn lẩu mà bạn bè chê dở quá.
0,"Mình rất thất vọng với Xiaomi, wifi chậm, hay bị mất sóng."
1,"Mình rất hài lòng với HP, bàn phím mỏng, không bị lag."
0,Mua LG về dùng thử mà thấy không ổn quá.
0,"Dell thiết kế quá kém, hệ điều hành thì quá cùi."
1,Không thể cưỡng lại được. Quá...đẹp. 6 đang chờ lên 7.
0,"Món bún chả vị quá dở, không đáng tiền tí nào."
1,"Không có gì để chê ở món gỏi cuốn này, quá quá đã."
1,Quán này mì quảng là rất ngon nhất rồi.
1,"Mình rất thích gỏi cuốn ở đây, quán phục vụ tuyệt vời, đồ ăn đặc sắc."
0,Với tầm giá này mà Asus xấu vậy là không đáng tiền.
1,"Mình rất hài lòng với iPad, loa nhẹ, phê lắm."
0,Máy chả xuất sắc
0,Made in China. tôi tẩy chay.
0,"Món lẩu vị ôi, không đáng tiền tí nào."
0,"Món trà sữa ở quán này chán quá, ăn hơn nửa năm là thấy không nuốt nổi."
1,Loa này quá đỉnh
0,"Còn Pro 2 mà bác. Tức là bác thớt hỏi nếu phải dùng 1 ống thì thích 35f2 vì nhỏ gọn. Ống 23f1.4 vẫn to và nặng hơn, và chụp chân dung thì gần quá. Hi!"
0,Mới ăn thử hải sản ở đây mà thấy quá tệ cực kỳ.
0,"Hàng cty cấp, cấp xong vứt ở nhà, xài con Xornet cho đỡ mỏi tay. Cơ mà vẫn thắc mắc là dong thấp nhất, nhưng éo bằng con misumi giá bằng 1/3."
1,Điện thoại này thật sự tốt
1,"Món sushi ở quán này vừa miệng cực kỳ, ăn một tuần vẫn ghiền."
1,"Món mì quảng ngon hết sẩy, gia vị ngon."
0,"Không thể chấp nhận được món cà phê này, quá nguội ngắt."
0,"Gia vị món trà sữa quá đắng, ăn không vô."
0,Mua Vivo về dùng thử mà thấy nặng quá.
0,Với tầm giá này mà Vivo kém vậy là không đáng tiền.
1,"Món lẩu ở quán này cuốn hút cực kỳ, ăn mấy ngày vẫn ghiền."
0,"4,49tr! Oppo đang bị hoang tưởng khi trang bị cho chiếc điện thoại này một cấu hình không thể tin nổi! Vẫn thấy vui vì chưa 1 lần dùng Oppo!"
0,"Mình rất thất vọng với nướng, đồ ăn chua lè, đồ ăn mất vệ sinh."
0,"Oppo thiết kế yếu, wifi thì chán hẳn."
0,"Con iPad này dùng quá tệ, pin sụt pin nhanh."
0,đắt và pin yếu là 2 nhược điểm chính
0,"Thôi. Tiền nào của đó. Mua cái dt khung kim loại 2tr. Xài dc 6 tháng.. viền kim loại cong vênh, bung ra. Nắp vỏ thì hở. Loa nhỏ lại thêm cái nhiễu điện nữa. Ôi hối hận."
0,Pin cực kỳ xấu
0,Giá bản in thành phẩm quá cao. Thích hợp cho cá nhân hay tổ chức chuyên nghiệp hoặc đại gia thôi. Còn dịch vụ thì cứ ra lab là lựa chọn tốt nhất.
1,"Món bánh mì vị béo, nước chấm làm rất đậm đà."
1,"Con AirPods này dùng ổn định, pin đẹp."
0,"Vivo không ổn quá, xài một tuần là thấy yếu xìu."
0,"Surface thiết kế yếu, hiệu năng thì không xài được."
1,"Con Lenovo này dùng hoàn hảo, pin ổn định."
0,"Thôi phát sợ Sony rồi. Tôi mua M5 năm ngoái hứa hẹn lên thẳng Android 6 mà giờ lại kẹt ở 5.1, chắc không có 6 luôn. Trong khi đó M5 giá đắt gần bằng flagship mấy hãng khác. Pin cũng không được 2 ngày như tuyên bố. Không có phần mềm quản lý file mặc định, File commander phải trả tiền để hết quảng cáo. Kết: chất lượng máy ok nhưng support thì cạch đến già hãng này."
0,Camera ko chỉ lồi nhẹ mà nay đã lòi ra một cách hiên ngang!
0,"Asus. Đúng như tên. Anh sút! Từ card màn hình, main, màn hình đến latop từng dùng cái nào cũng lỗi, hỏng. Ko biết giờ sao"
1,"Dẫn chồng đi ăn mì quảng, bố khen hấp dẫn."
0,Với tầm giá này mà Realme đơ vậy là không đáng tiền.
1,"Mới ăn thử pizza ở đây, vị đặc sắc lắm luôn."
0,Mới ăn thử bún chả ở đây mà thấy thiu cực kỳ.
1,"con này dùng được đó bác ạ, trước em dùng thấy tốt"
1,Con này chụp ngon ngang ngửa v10. Đang xài v10 chỉ đợi bản v kế tiếp thôi. Xem ntn nhiều lựa chọn quá
1,"Sony thiết kế đẹp, pin mượt."
1,"Phải công nhận em Macbook vừa đẹp vừa bền, tôi dùng 1 em từ 2010 mà bây giờ em ấy vẫn đẹp, chưa hỏng bao h."
0,Camera ít tuyệt vời
0,Cấu hình còn yếu hơn smartphone thì làm được gì với nó đây?
1,"Dẫn chồng đi ăn phở, vợ khen béo."
0,Với tầm giá này mà HP kém vậy là không đáng tiền.
1,"Món sushi ở quán này tuyệt vời cực kỳ, ăn một tuần vẫn ghiền."
1,"Mới tậu con Sony này về, sắc nét cực kỳ luôn."
0,Mua Nokia về dùng thử mà thấy lag quá.
0,"Món vịt quay vị thiu, không đáng tiền tí nào."
1,"Mình rất hài lòng với HP, hệ điều hành nhanh, vô đối."
1,QUÁ TUYỆT VỜI!
1,"Không có gì để chê ở món sushi này, quá hấp dẫn."
1,"Không có gì để chê ở Xiaomi, quá cao cấp."
1,Máy này cực kỳ đỉnh
0,"Gia vị món nướng quá mặn, ăn không vô."
1,Với tầm giá này thì Dell là đẳng cấp nhất rồi.
0,"Mình rất thất vọng với Huawei, vân tay lag, hay bị quá chán."
0,"Không thể chấp nhận được món lẩu này, quá nguội ngắt."
0,Với tầm giá này mà Oppo bình thường vậy là không đáng tiền.
1,Đẹp đó.
0,"Món bánh xèo vị chua, không đáng tiền tí nào."
0,"Gia vị món mì quảng quá thiu, ăn không vô."
0,Đọc những dòng của bạn thì mình thấy Ipad cũng lắm lỗi nhưng vì có giá cao nên người ta chắp vá để bán lại.
1,"Món phở ngon hết sẩy, gia vị sạch sẽ."
0,"Món bánh mì vị chán, không đáng tiền tí nào."
1,"Không có gì để chê ở LG, quá mạnh."
0,Camera rất yếu
1,"Dẫn em gái đi ăn pizza, bố khen chuẩn vị."
0,"Mình rất thất vọng với phở, phục vụ tanh, đồ ăn dai quá."
1,"Món cơm tấm ngon hết sẩy, gia vị cuốn hút."
0,Dẫn người yêu đi ăn cơm tấm mà vợ chê khô quá.
0,Quá xấu
1,trải nghiệm Sản phẩm thấy khá bền
1,Pin này vô cùng xuất sắc
0,"Ai mà mua, mua cái này thà mua laptop màn hình ứng có phải hơn k?"
0,"Không thể chấp nhận được Sony, quá chán."
1,Cũng ngon. Ma giá zen năm nay cao quá.
0,Mới mua con Sony này về mà thấy chậm cực kỳ.
0,"Realme thiết kế quá chán, camera thì mất sóng."
0,Dẫn vợ đi ăn vịt quay mà con chê chua lè quá.
0,"Acer thiết kế yếu, hệ điều hành thì vô dụng."
0,Mới ăn thử phở ở đây mà thấy quá tệ cực kỳ.
0,Mới ăn thử nem cuốn ở đây mà thấy quá tệ cực kỳ.
1,Màu xanh dương đẹp quá!:))
1,"Mới ăn thử bún chả ở đây, vị ngon tuyệt lắm luôn."
1,"Quá đẹp so với quy định, nhất định mình sẽ rước em trong năm này :)"
1,"Món bánh mì ngon hết sẩy, gia vị rất ngon."
0,"Gia vị món gỏi cuốn quá tanh, ăn không vô."
1,"Món gỏi cuốn ở quán này vừa miệng cực kỳ, ăn mấy ngày vẫn ghiền."
1,"Surface nhanh quá, xài vài hôm rồi vẫn bình thường."
0,Mới ăn thử phở ở đây mà thấy quá kém cực kỳ.
1,Với tầm giá này thì Oppo là tuyệt vời nhất rồi.
0,"Không thể chấp nhận được LG, quá lởm."
1,"Mới ăn thử mì quảng ở đây, vị ngon tuyệt lắm luôn."
0,Dẫn chồng đi ăn bánh xèo mà vợ chê mặn quá.
1,Mê quá !
1,"Mới tậu con AirPods này về, sắc nét cực kỳ luôn."
1,"Không có gì để chê ở HP, quá phù hợp."
1,"Món cơm tấm ở quán này thơm cực kỳ, ăn suốt mấy tháng vẫn ghiền."
1,"Con Oppo này dùng mỏng, pin ổn định."
0,"Món hải sản vị ngán, không đáng tiền tí nào."
0,"AirPods thiết kế lag, sạc thì sụt pin nhanh."
0,"Nhìn qua thấy dày, chưa đẹp và hình như không có camera"
1,"Mua Oppo cho bố dùng, bạn bè khen ngon lành."
0,"Đã tầm thấp, lại tẻ nhạt thì len sao được vào thị trường vốn đã chật hẹp. Làm cao cấp thì nửa vời, giá thì đỉnh luôn, người mua không lắc đầu mới lạ."
0,"Mình rất thất vọng với HP, cảm ứng giật, hay bị không đáng tiền."
0,"Con Dell này dùng nóng, pin nhanh tã."
1,Trước giờ e vẫn thích chất ảnh của HTC.
1,Máy này hoàn toàn bền
1,"Mới tậu con Lenovo này về, ngon lành cực kỳ luôn."
1,Ảnh bác chụp đẹp thế 775
1,Màn hình này hoàn toàn đỉnh
1,"Sony tuyệt vời quá, xài một tuần rồi vẫn vẫn mượt."
0,"Món bánh xèo ở quán này quá kém quá, ăn cả năm là thấy không đáng tiền."
0,Mới mua con Vivo này về mà thấy quá tệ cực kỳ.
1,"Dell đẹp quá, xài cả tuần rồi vẫn ổn định."
1,"Màu của fuji rất tuyệt vời, có điều ở vn mình ống kính khó lựa chọn quá."
0,Cảm ứng phillip dễ hỏng nếu vô tình dính giọt nước. Còn dòng này ram thấp mà chạy android 5.1 nghe có vẻ không mượt
1,"Vivo ngon lành quá, xài hơn nửa năm rồi vẫn rất bền."
0,Với tầm giá này mà Macbook chậm vậy là không đáng tiền.
0,Mới mua con Realme này về mà thấy bình thường cực kỳ.
1,"Mới tậu con Samsung này về, phù hợp cực kỳ luôn."
0,"Sony thiết kế lỗi, pin thì kém quá."
1,"Mới ăn thử hải sản ở đây, vị cuốn hút lắm luôn."
0,Mới mua con Asus này về mà thấy lag cực kỳ.
1,"Không có gì để chê ở iPhone, quá ổn định."
0,"Không thể chấp nhận được Realme, quá tệ."
1,"Món mì xào ngon hết sẩy, gia vị chuẩn vị."
0,Điện thoại khá lag
1,trải nghiệm Dịch vụ thấy hoàn toàn đỉnh
1,Dong not.la..ok minh dung 3doi not .ma qua ben ..cam on.samsung not..
0,Mới ăn thử cà phê ở đây mà thấy chua cực kỳ.
1,"Mới ăn thử cơm tấm ở đây, vị đặc sắc lắm luôn."
0,Mua Oppo về dùng thử mà thấy lỗi quá.
0,"Con Sony này dùng giật, pin rất tệ."
1,Thiết kế này quá tuyệt vời
0,Điện thoại ít mát
0,"Mình rất thất vọng với bún chả, gia vị quá dở, đồ ăn quá tệ."
1,quá khủng
1,"Món nướng ở quán này cuốn hút cực kỳ, ăn một thời gian vẫn ghiền."
1,"Không có gì để chê ở món gà rán này, quá quá đã."
1,"Dẫn bố đi ăn bánh xèo, em trai khen tuyệt vời."
0,Mới ăn thử bánh xèo ở đây mà thấy khét cực kỳ.
0,"Gia vị món bánh mì quá chua, ăn không vô."
1,"Món bánh mì ở quán này tươi cực kỳ, ăn một tuần vẫn ghiền."
0,"Con iPhone này dùng lởm, pin quá cùi."
0,Cũng có người ăn theo camera kép của LG =))
0,Mới ăn thử bún bò ở đây mà thấy quá tệ cực kỳ.
0,"Mình rất thất vọng với nem cuốn, topping chua, đồ ăn khó nuốt."
1,Sản phẩm này cực kỳ xuất sắc
0,"ôi cái giá ,quá nhiều lựa chọn cho tầm tiền này"
0,Với tầm giá này mà Oppo kém vậy là không đáng tiền.
0,"Realme quá tệ quá, xài một tháng là thấy chán hẳn."
1,"Mình rất hài lòng với LG, hệ điều hành đẳng cấp, dùng rất sướng."
1,Android tính năng mạnh mẽ giống máy vi tính bỏ túi (Pocket PC) gắn thêm sim. Nó hoàn thiện giấc mơ WinCE của Bill Gates từ 1996
0,"Món bún bò ở quán này ngán quá, ăn một tháng là thấy nhạt nhẽo."
1,"Đúng vậy, con V470 Bluetooth cũng trâu không kém cạnh. Bên cạnh đó bấm chuột logitech rồi thì phải xài nó hoặc hãng cao hơn thôi. Genius, Mitsumi, Dell chắc chưa đến tuổi..."
0,Mình hơi ghét Samsung khi cho Việt Nam dùng chíp Exynos. Dùng hàng xách tay thì ko yên tâm
1,"Mình rất thích bánh mì ở đây, quán phục vụ thơm, đồ ăn vừa miệng."
0,"Những máy kiểu này em thích lắp lens fix/prime dưới 35mm, Nó đã thiết kế để gọn nhẹ thì phải lắp cái lens nhỏ thì Chứ lắp lens to khác gì con sò kẹp quả chuối to, kinh bỏ m"
0,"Món bún bò ở quán này ngán quá, ăn cả tuần là thấy dai quá."
0,"Mình rất thất vọng với phở, gia vị tanh, đồ ăn khét lẹt."
1,Lấy nét laser thì nhanh và chuẩn hơn em S7 rồi
1,"Mới ăn thử mì quảng ở đây, vị ngon miệng lắm luôn."
0,Với tầm giá này mà HP lag vậy là không đáng tiền.
0,Điện thoại chưa hoàn hảo
0,"Mình rất thất vọng với vịt quay, phục vụ chua, đồ ăn quá tệ."
1,Thiết kế này quá bền
1,"Món vịt quay ở quán này thơm cực kỳ, ăn cả năm vẫn ghiền."
0,"Lenovo thiết kế đơ, bàn phím thì yếu xìu."
0,Dẫn em trai đi ăn nướng mà vợ chê chua lè quá.
0,"Con Huawei này dùng quá chán, pin chậm vãi."
1,Dịch vụ này quá mát
1,cái này ngon bổ rẻ nè.
0,Thiết kế cực kỳ kém
1,Máy này quá mát
0,"tự dưng ko lên nguồn mà chỉ bảo là lỗi người dùng thì quá vô lí, phải bảo là bạn xài vô nước hay rơi rớt gì chứ"
0,"Món bánh xèo ở quán này đắng quá, ăn một tháng là thấy khô khốc."
0,"Realme thiết kế quá chán, vân tay thì rất tệ."
0,"Món pizza ở quán này khó ăn quá, ăn vài tháng là thấy không ngon."
1,"Mua AirPods cho chồng dùng, bạn bè khen mạnh."
1,"Mình rất hài lòng với Huawei, vân tay đẹp, mạnh."
1,"Xiaomi đáng tiền quá, xài cả tuần rồi vẫn không lỗi lầm."
0,"Không thể chấp nhận được món phở này, quá ngán."
1,samsung là vô địch (không có đối thủ)!
1,"Món cơm tấm vị sạch sẽ, đồ ăn làm rất rất ngon."
0,"Lenovo giật quá, xài cả năm là thấy mất sóng."
1,Mình ko dùng wifi thì được 16h :D độ sáng 50% là chói mắt rồi. Còn dùng với wifi thì tầm 10h bạn ạ. Mình đang dùng win 10 rất tuyệt
1,"Đọc/Ghi phim = SSD thì phí vì phim chủ yếu đọc và ghi sequence, ko random hoặc block 4kB-64kB nhiều trong khi đó là lợi thế của SSD. Mấy dòng HDD lưu trữ chuyên phim tốc độ đọc ghi sequence cũng >~150 MB/s rồi không hiểu bác sợ chậm kiểu gì. Phim 4K bitrate cao cũng tầm 50Mbps-70Mbps thôi. http://hdd.userbenchmark.com/Seagate-Barracuda-720014-1TB/Rating/1849 UserBenchmark: Seagate Barracuda 7200.14 1TB ST1000DM003 hdd.userbenchmark.com"
1,"Nhìn cũng xinh xinh, để phòng ngủ chắc ấn tượng! đã ai dùng thử chưa cho em xin tí kinh nghiệm nào..."
0,màu sắc tái tái
1,"Lenovo hoàn hảo quá, xài cả năm rồi vẫn mượt."
0,Bình thường như cân đường hộp sữa.
1,"mình ko bik con loa bạn đang dùng nên ko đánh giá được. mình vừa nhận được con loa xiaomi thế hệ sau, cảm giác rất thích từ khâu đóng hộp đến âm thanh. Hơn hẳn con đời cũ rất xa. Hình như là ko bạn ơi. Mặc dù khi kết nối với idevice sẽ có biểu tượng pin trên thanh trạng thái của idevice nhưng mình thấy báo ảo quá."
1,"Mua Nokia cho em trai dùng, bạn bè khen phù hợp."
1,"AirPods nhẹ quá, xài một tháng rồi vẫn bình thường."
1,"Mình rất thích bún bò ở đây, quán phục vụ vừa miệng, đồ ăn giòn."
0,Dẫn bạn bè đi ăn bánh mì mà đồng nghiệp chê nhạt quá.
0,"Món nướng ở quán này tanh quá, ăn một tháng là thấy mất vệ sinh."
1,"Dẫn con đi ăn hải sản, em trai khen thơm."
1,"Mới tậu con Apple Watch này về, đáng tiền cực kỳ luôn."
0,ít hôm có headphone jack - lightning converter làm cho iphone7 thêm cồng kềnh.
0,Mới mua con Huawei này về mà thấy quá tệ cực kỳ.
1,Chất lượng này quá mượt mà
1,"Mua Lenovo cho con dùng, em trai khen đẳng cấp."
1,"Món cơm tấm vị béo, nước dùng làm rất chất lượng."
0,Thiết kế không bền
1,Mình mua đc chục hôm k thấy bị sao hết. 3g vina căng đét
0,Dẫn em gái đi ăn gà rán mà đồng nghiệp chê nhạt quá.
1,"Mới ăn thử pizza ở đây, vị ngon tuyệt lắm luôn."
1,"Mình rất thích sushi ở đây, quán phục vụ vừa vị, đồ ăn ngon tuyệt."
1,Máy này hoàn toàn bền
0,"Mình rất thất vọng với Lenovo, thiết kế tệ, hay bị quá chán."
0,"Con Nokia này dùng tệ, pin loạn cảm ứng."
1,Công nhận máy của Fu thiết kế vô đối
0,"Vẫn chán, hay là góp ý cứ tập trung vào phát triển phần mềm đi vậy?"
1,Đã bằng giá rồi các bác còn chê lens gì nữa. Nói chung X-Trans Fuji quá đỉnh!
0,"Always on hao pin lắm, nên thường ít ai xài."
0,"Mình rất thất vọng với cà phê, nước chấm ôi, đồ ăn khét lẹt."
1,"Món nem cuốn vị vừa vị, đồ ăn làm rất đậm đà."
1,ip5 lên được chạy mượt pin ổn đing hơn 9.3.1
1,"iPhone tốt quá, xài mấy ngày rồi vẫn hoạt động tốt."
1,Quán này kem là đậm đà nhất rồi.
0,Chỉ có 2 từ: Quá xấu.
0,"Mình rất thất vọng với Vivo, wifi đơ, hay bị nóng máy."
1,Ngon. Phai lam 1 em moi duoc
0,Mua Surface về dùng thử mà thấy nặng quá.
0,"Mình rất thất vọng với iPhone, sạc không ổn, hay bị nóng máy."
0,Dự là sẽ lại ế tương tự như Iphone SE
1,"Không có gì để chê ở món lẩu này, quá sạch sẽ."
1,"Con Sony này dùng phù hợp, pin bình thường."
1,mình tính mua 1 cái để báo thức nhưng chắc lựa cái 7 pro cho nó sang chảnh
1,"Surface sắc nét quá, xài một tháng rồi vẫn rất tốt."
1,"Lenovo sang trọng quá, xài suốt mấy tháng rồi vẫn rất tốt."
0,"Cũng k rộng hơn bao nhiêu, giá thì còn cao quá"
0,Dịch vụ chưa đẹp
1,"Con Surface này dùng sang trọng, pin mượt."
0,"Samsung thiết kế quá kém, wifi thì quá chán."
1,"Không có gì để chê ở món nướng này, quá ngon."
0,"Mình rất thất vọng với Dell, hiệu năng lỗi, hay bị không xài được."
0,"Gia vị món nem cuốn quá tanh, ăn không vô."
0,"Không thể chấp nhận được món bún bò này, quá khô."
0,"Món bánh xèo ở quán này chua lè quá, ăn vài tháng là thấy khô khốc."
0,Mới ăn thử pizza ở đây mà thấy nhạt cực kỳ.
0,Dẫn con đi ăn sushi mà bạn bè chê quá kém quá.
1,Giá ko thể hợp lý hơn
1,đẹp hơn sám sùng nhiều nhiều
1,"HP nhanh quá, xài một tháng rồi vẫn không lỗi lầm."
0,"Gia vị món cà phê quá tanh, ăn không vô."
0,"Mình rất thất vọng với cà phê, topping ôi, đồ ăn khô khốc."
0,"Món nem cuốn ở quán này thiu quá, ăn hơn nửa năm là thấy ôi thiu."
0,"Mình rất thất vọng với lẩu, phục vụ mặn, đồ ăn đắt đỏ."
0,Dẫn con đi ăn mì quảng mà con chê quá tệ quá.
0,"Món trà sữa ở quán này chua quá, ăn một tuần là thấy ôi thiu."
0,"èo, ở mỹ mà vẫn thường xuyên phai dành 6h bay đi bay lại để họp à. về Việt Nam sống đi bạn. với trình độ của bạn chắc chắn chả cần ra khỏi nhà, như ông sếp cũ của mình có thấy đến cty bao giờ. quên, chưa đựoc dùng bao giờ nên muốn hỏi bạn chút. nó có camera không, mình muốn đeo nó ở chân để soi nên trên quá. có chức năng ra lệnh bằng giọng nói không, có thì nó có hơn điện thoại không, mình không thích đứng giữa đường nói lảm nhảm. mà cái màn hình bé vậy chắc mình bấm không nổi. nó có thể kết nối đến máy chiếu và máy in qua mạng không dây không, theo như bạn nói phải cắm đt vô máy chiều rồi dùng cái đồng hồ như kiểu điều khiển từ xa. nếu vậy mình kết nối đt với máy chiếu qua mạng wf rồi cầm đt dùng luôn tiện hơn. nó có tính năng gì nhận biét mình đang nhìn vô nó không, hay là lúc nào nó cũng sáng or là muốn nhìn phải ấn hay lắc. đêm đeo mà nó sáng có vẻ dị nhỉ, giống mấy cái đồng hồ phát quang quá. đựoc cái là không sợ bị nguời khác đung vô. lúc nhận tin nhắn hay e mail mình có thể soạn tin trả lời không, hay lại phải rút đt ra trả lời. à nó có sạc không dây không, và dùng nó có nóng không. nếu nóng mình sẽ mua nó dùng vào mùa đông. có lẽ có lợi cho sức khỏe. còn nữa khi nên máy bay có cần tắt đồng hồ không bạn. nhu cầu mình có thế thôi. mình không biết mấy cái chức năng thanh toán đó thế nào vì không có để dùng. bên mmỹ sống tiện thật. nhưng mình không cần vì lúc nào cũng phải mang theo ví để đựng giấy tờ, chỗ mình không mang thẻ với hộ chiếu mà bị cảnh sát hỏi là có vấn đề. hơn nữa đt cũng có chức năng đó."
1,"hàng xiaomi công nhận ngon bổ rẻ thật, đang dùng 1 em mipad 2, 1 mi5, 1 mi pulse s, ngoài mấy app khựa ra thì ko có gì để phàn nàn"
1,Với tầm giá này thì HP là cao cấp nhất rồi.
1,Dang dùng rmn3 thấy ngon rồi giờ ra con này thấy thèm quá
0,Đi sau Lumia rồi
0,"Gia vị món sushi quá không tươi, ăn không vô."
0,bị cháy sáng quá với lại cái ảnh ở thanh liên giống như bị phủ sương
1,"Món kem ngon hết sẩy, gia vị chất lượng."
0,Vâng siu phẩm lặn mất tăm sau 1 năm không bán được hàng giờ nói ra chắc chả mấy người biết bphone là gì
0,"Mình rất thất vọng với LG, bàn phím yếu, hay bị mất sóng."
1,"LG thiết kế sang trọng, camera ổn định."
1,"Món gà rán ở quán này đậm đà cực kỳ, ăn cả tuần vẫn ghiền."
1,"Không có gì để chê ở món kem này, quá rất ngon."
1,"Mình rất hài lòng với Sony, loa phù hợp, ok lắm."
1,"Món cơm tấm ở quán này ngon tuyệt cực kỳ, ăn vài tháng vẫn ghiền."
0,"Không thể chấp nhận được Huawei, quá loạn."
0,"Món cà phê ở quán này mặn quá, ăn một tháng là thấy mất vệ sinh."
0,Mới ăn thử trà sữa ở đây mà thấy nguội ngắt cực kỳ.
0,GIÁ THƯƠNG HIỆU LÀ CHÍNH
1,"Món trà sữa ngon hết sẩy, gia vị béo."
1,"Mua Apple Watch cho người yêu dùng, mẹ khen cao cấp."
0,"Dell thiết kế quá tệ, thiết kế thì quá cùi."
0,"iPhone quá tệ quá, xài một tháng là thấy không xài được."
0,"Đang yêu thích và dùng Blackberry, tự dưng giờ nghe Blackberry Trung Quốc là thấy dị ứng. Không biết thích nổi không. Cứ nghe gì của Trung Quốc là thấy ghét rồi đó. Buồn Blackberry."
1,"Mua LG cho con dùng, em gái khen sang trọng."
1,"Không có gì để chê ở Macbook, quá đẳng cấp."
0,"WP sắp chết rồi. HĐH thiếu đủ thứ 2 năm qua chả có cái gì mới trong khi các HĐH mới cập nhật ào ào, giờ làm bản Win10 mobile mà hứa hứa nữa hứa mãi, Microsoft quá xem thường khách hàng. Lúc đầu tôi mua máy WP cũng nghĩ là máy ổn định và mượt nhưng khi xài theo thời gian mới thấy chán kinh khủng."
1,"Món sushi ngon hết sẩy, gia vị vừa vị."
0,"Gia vị món sushi quá dở, ăn không vô."
0,"Mình rất thất vọng với bánh xèo, gia vị ôi, đồ ăn nhạt nhẽo."
0,"Bb10 bàn phím (q5, q10, q20) đc đánh giá là ko tiện bằng 99xx"
0,"Không thể chấp nhận được Xiaomi, quá quá tệ."
0,con nay ban 6tr hy vong co nguoi mua
1,"Mới ăn thử mì xào ở đây, vị ngon miệng lắm luôn."
1,Rất đáng để trải nghiệm!
0,"Mình đang sở hữu 2 con F05d thấy nản lòng.nói chung ĐT Nhật ko còn đọc đáo như xưa nữa.dùng rất nản do bị hạn chế phần mềm.mẫu ĐT thì xấu phải biết.bấy giờ có KOREA hỗ trợ hàng nội địa đẹp hơn hẳn mấy em JAPAN. Hàng JAPAN bây giờ XT về mệt mỏi lắm,đa phần đem về biến thành cục GẠCH cho con cháu ở nhà chạc dép chơi"
1,Hp pavilion 15 i7 cũng tuyệt
1,"Mới ăn thử phở ở đây, vị rất ngon lắm luôn."
1,"Mới ăn thử nướng ở đây, vị béo lắm luôn."
0,Mới ăn thử sushi ở đây mà thấy ngán cực kỳ.
0,"Không thể chấp nhận được món nem cuốn này, quá khét."
1,"Mình rất thích bún bò ở đây, quán phục vụ chuẩn vị, đồ ăn ngon tuyệt."
0,"Không thể chấp nhận được món hải sản này, quá tanh."
1,"Leica mà bạn, Conpact thôi mà cũng đã quá khủng."
0,"Không thể chấp nhận được món mì xào này, quá khô."
1,"Quýêt định chuẩn xác khi mua HTC 10 , may mà ko theo phong trào iphone, ss..."
0,Mới ăn thử bánh xèo ở đây mà thấy quá dở cực kỳ.
1,"Con Surface này dùng ấn tượng, pin bình thường."
1,"Oppo bền quá, xài một tháng rồi vẫn rất tốt."
0,Mới mua con Oppo này về mà thấy yếu cực kỳ.
0,Thiết kế ít êm
0,"Con Asus này dùng xấu, pin lag lòi."
1,"Dẫn người yêu đi ăn trà sữa, em gái khen đặc sắc."
1,"Không có gì để chê ở Lenovo, quá phù hợp."
0,"nói thật APPLE xài chán , đang xài ip 6 plus mà thấy lúc nào cũng phải cập nhật bản vá lỗi APPLE , 9.1 rồi , 9.1 . 9.3.1 rồi giờ 9.9.2 treo máy."
1,"Apple Watch thiết kế bền, bàn phím vô đối."
1,"Không có gì để chê ở HP, quá đẹp."
1,"Món nướng vị vừa vị, phục vụ làm rất tươi."
0,"Nokia thiết kế chậm, sạc thì quá chán."
0,bộ nhớ trong lớn nhưng phải có khe cắm thẻ nhớ nửa mới ngon
0,đọc tên là thấy tàu rồi. Phần mềm này tự động cài các loại mã độc vào file trong máy tính để ăn cắp thông tin và phá hoại máy tính người dùng. đến cả cái qq của tencent cũng là ăn cắp từ icq và yahoo để nhái thì có gì đáng tin
0,Họa tiết vân ngang ở mặt trước máy làm máy trông xấu kinh.
0,"Không thể chấp nhận được món lẩu này, quá thiu."
0,Mua Xiaomi về dùng thử mà thấy không ổn quá.
0,Màn hình rất yếu
1,"Mình rất thích hải sản ở đây, quán phục vụ béo, đồ ăn chất lượng."
1,"Nhìn em Iphone iu gì đâu á, mấy em còn lại không tinh tế lắm!"
0,Dẫn con đi ăn vịt quay mà mẹ chê tanh quá.
0,"Lời khuyên chân thành, đừng bao giờ vác em nó về, máy này fải unlock và cài rom của con eluga V, máy hay báo lỗi vặt và khởi động lại hơi bị thường xuyên, pin cực yếu chỉ có 1100mah,máy rất nóng khi xài 3g và thêm cái nữa là ko có thẻ nhớ ngoài. Khả năng tương thích fần mềm kém, thỉnh thoảng khi cài 1 số fần mềm sẽ gặp tình trạng ko tuong thich và máy sẽ bị treo, vd như Angry Birds chẳng hạn. Nếu bạn ko tin thì khi test máy cứ thử cài Angry Bird thì sẽ thấy ngay."
1,"Mới tậu con Dell này về, tuyệt vời cực kỳ luôn."
1,"Mua Lenovo cho đồng nghiệp dùng, đồng nghiệp khen tốt."
0,"Món nướng vị nguội ngắt, không đáng tiền tí nào."
0,Máy xấu và chạy Windows Phone thì dẹp.
0,trong khi sản phẩm của các hãng khác ngày càng hoàn thiện thì sp của ông này ngày càng chán. Priv là một ví dụ điển hình. Kiểu gì cũng phá sản thôi
1,"Món bánh xèo ngon hết sẩy, gia vị ngon tuyệt."
1,Ngon
1,"các bác cứ bình luận thế này thế nọ, các bác ko xem vi tivi à, hiện nay iphone là Smartphone phổ biến nhất trên thế giới đó, đồng nghĩa với việc iphone là smartphone được nhiều người trên thế giới ưa chuộng nhất. iphone là number one."
1,Chất lượng này rất xịn
0,Quán này đồ ăn khô vậy là không đáng tiền.
0,Điện thoại không êm
0,"Cái đt to chà bá lửa như cái thớt vầy thì đút vào đâu? Máy to đương nhiên pin lớn là đúng rồi. Kiểu dáng thì tạp pí lù của IPhone, Ss, Lg. Chẳng ra cái gì. Dự báo chết yểu!"
1,Chất lượng này quá tốt
1,"Mình rất thích sushi ở đây, quán phục vụ tuyệt vời, đồ ăn ngon."
1,Sản phẩm này khá êm
1,đẹp ghê
0,"nhìn đẹp quá mà chạy android là thấy không muốn mua rồi thích cái nào nghiêm túc hơn, phù hợp đo vận động hơn Garmin, Fitbit thẳng tiến"
1,"HP thiết kế ấn tượng, màn hình vẫn mượt."
1,Máy này cực kỳ xuất sắc
0,"Bên mình bán có 350k, bh 12 tháng 1 đổi 1. Còn cục sạc ghẻ của Asus tới tận 600k, chưa kể xấu hơn, 10.000mah-3.7v ==>> khoảng 7.000mah-5v, đã vậy còn pin cell nữa chứ ko phải Polymer. Thật ko thể tin nổi, vừa xấu, vừa mắc, vừa thua xa chất lượng mấy con thương hiệu lớn như Romoss hay Xiaomi chỉ hơn 300k."
0,Mạng hơi kém
0,Mạng hơi chán
0,"Món mì quảng ở quán này dở quá, ăn vài tháng là thấy mặn chát."
0,"HTC mình không thích , nhìn chẳng sang trong cứ như hàng bình dân của tàu , bằng từng này tiền tôi sẽ mua IPhone 6s , S7 , G5 , sony Z5...."
0,"Cam lồi vì bắt chước Sam, thế mà fan IP luôn nói IP đi trước"
1,"Món vịt quay ngon hết sẩy, gia vị đặc sắc."
0,Mới mua con iPad này về mà thấy bình thường cực kỳ.
1,"hi mình vừa lấy 1 em 10400 giá 320k ở Hoàng Hà, hàng chính hãng xịn ,dùng cho em IP 5c thấy ổn, nói chung là hài lòng."
1,"Surface mạnh quá, xài một tháng rồi vẫn ổn định."
0,"Mình rất thất vọng với pizza, đồ uống chua lè, đồ ăn khó nuốt."
1,"Mới ăn thử bún chả ở đây, vị quá đã lắm luôn."
1,"Mới tậu con Huawei này về, cao cấp cực kỳ luôn."
0,"Không thể chấp nhận được món nem cuốn này, quá chua lè."
0,"ba cái đồ yêu này, sài chắc được 3 bữa."
0,Với tầm giá này mà Nokia quá tệ vậy là không đáng tiền.
0,"Samsung , sony , Iphone , HTC , zenfone , oppo , 2 năm trở lại đây chẳng thấy gì nổi bật , sản phẩm cứ na ná nhau , S6 giống S7 , Note7 lại giống S7 , Note5 lại giống s7 . có lẽ đã tới lúc mọi ý tưởng thiết kế smarphone đạt tới điểm cuối , cả thế giới chỉ có mỗi LG là có sự thay đổi ở phần thiết kế sản phẩm"
0,Dẫn em trai đi ăn hải sản mà người yêu chê khét quá.
1,sử dụng Pin thấy thật sự tuyệt vời
0,"Món mì xào ở quán này mặn quá, ăn cả năm là thấy đắt đỏ."
1,"Món cà phê ở quán này béo cực kỳ, ăn hơn nửa năm vẫn ghiền."
1,"Mình rất thích bánh xèo ở đây, quán phục vụ hấp dẫn, đồ ăn ngon tuyệt."
0,"Gia vị món gà rán quá ngán, ăn không vô."
1,"Huawei cao cấp quá, xài mấy ngày rồi vẫn hoạt động tốt."
1,"Mua AirPods cho vợ dùng, bố khen mượt mà."
1,bản thân tôi đã dùng Z3 đến nay đang dùng Z5 vẫn ok. Nói chung của bền tại người. Tôi khuyên bạn nên chọn Sony tuỳ theo điều kiện Z3 hoặc Z5 là ok.
0,Dẫn em trai đi ăn vịt quay mà vợ chê tanh quá.
1,"Con này mình mới xài, nói chung cũng khá hay, tiện lợi. Báo dc cuộc gọi, tin nhắn, whatsapp... đo giấc ngủ, bước đi... Hàng ngon giá rẻ"
1,Asus K501LB hoặc LX là ngon nhất.
0,"Samsung thiết kế lỗi, wifi thì chán hẳn."
1,"Món phở ngon hết sẩy, gia vị chuẩn vị."
1,Với tầm giá này thì Macbook là ổn định nhất rồi.
0,"Mình rất thất vọng với Sony, bàn phím quá chán, hay bị quá đơ."
0,Ngoài cái Macro với cái ống tele zom 12x ra còn lại léns điện thoại chả có tác dụng mịa gì )
0,"Món gà rán vị đắng, không đáng tiền tí nào."
1,"Món mì xào vị quá đã, phục vụ làm rất tươi."
1,"Mới tậu con Asus này về, mượt mà cực kỳ luôn."
0,"Món nướng ở quán này thiu quá, ăn một tuần là thấy không nuốt nổi."
0,Pin ít đỉnh
0,"Con Sony này dùng loạn, pin lag lòi."
1,"Không có gì để chê ở món kem này, quá ngon."
0,Mạng thật sự cùi
1,"Món bánh xèo vị chuẩn vị, decor làm rất thơm."
1,"Món nem cuốn ở quán này cuốn hút cực kỳ, ăn một tuần vẫn ghiền."
1,"Không thích dùng android chứ không thì mình cũng dùng Mi note rồi , thích thiết kế, hiệu năng và đặc biệt là giá của xiaomi , cũng đang dùng mấy sản phẩm của Xiaomi như sạc dự phòng , tai nghe , rất tuyệt"
0,"Gia vị món bánh xèo quá khô, ăn không vô."
1,"Vivo nhẹ quá, xài cả tuần rồi vẫn mạnh."
0,Càng ngày càng xấu và nhảm
0,"Mình rất thất vọng với bánh mì, nước dùng tanh, đồ ăn nguội ngắt."
0,"Con LG này dùng giật, pin loạn cảm ứng."
0,Lại sắp giống Nokia rồi. Lên đỉnh rồi xuống dốc. Đó là quy luật thôi.
0,Dẫn người yêu đi ăn mì xào mà bố chê quá dở quá.
1,Quán này nướng là thơm nhất rồi.
1,"Con Surface này dùng ổn định, pin ổn định."
1,"Mua Vivo cho mẹ dùng, em trai khen đẳng cấp."
1,"Mình rất thích kem ở đây, quán phục vụ béo, đồ ăn ngon tuyệt."
0,"Món vịt quay ở quán này mặn quá, ăn một tuần là thấy quá dở."
1,"Không có gì để chê ở Apple Watch, quá mỏng."
0,Với tầm giá này mà Samsung lỗi vậy là không đáng tiền.
0,Phần viền màn hình màu đen vẫn còn dày chán :(
0,"Mình rất thất vọng với hải sản, món ăn khô, đồ ăn khô khốc."
0,Sản phẩm quá nóng
0,Cũng hơi bất tiện xu thế này e rằng đa phằn người dùng sẽ không ưa thích
0,Mới ăn thử bánh mì ở đây mà thấy quá kém cực kỳ.
1,"Món hải sản vị đậm đà, phục vụ làm rất quá đã."
1,"Mình rất hài lòng với Xiaomi, bộ nhớ đẹp, nhanh."
1,Với tầm giá này thì Xiaomi là phù hợp nhất rồi.
1,"Món phở ngon hết sẩy, gia vị vừa vị."
1,Quán này hải sản là chuẩn vị nhất rồi.
1,"chắc bác mở máy chơi MU hay sao mà tựt pin? máy tui note 5 connect bluetooth với gear cả ngày, fb, chat, gửi mail, nghe gọi cũng ko tới ngày sạc 2 lần như bác. hay là mua nhầm máy dõm? từ trước tới giờ sài android thì thấy note 5 xài rom gốc mà pin tốt như máy root."
1,Sản phẩm tuyệt vời nhất của Samsung mà mình từng thấy.
0,Điện thoại hơi chán
0,"Mình rất thất vọng với Nokia, loa quá chán, hay bị loạn cảm ứng."
0,ôi cái viền đấy chà bá luôn
0,Mạng quá cùi
1,"Không có gì để chê ở Apple Watch, quá bền."
1,"Mình rất hài lòng với Realme, vân tay mượt mà, vô đối."
0,Lac hau the Asus.gio nay ma con chay ram 1g thi co lo si qua!
1,Mới mua em nó. mới đầu muốn đổi máy khác. mà sau càng xài càng sướng...
0,"Không thể chấp nhận được món vịt quay này, quá mặn."
1,"Máy quá đẹp, mang hơi hướng thiết kế của HTC. Đây chính là dòng máy thiết kế đẹp nhất của Samsung. Ngon, bổ và rẻ."
0,"Đã dùng qua rùi, kg bền. Dùng đồng hồ cơ 8 năm vẫn tốt, vẫn đẹp, thời trang(gía 4 chai). Rước e smartwatch 1 chai dùng liên tục chưa dc 2 tháng tịt."
0,"Sản phẩm của sam sung rất Hoa Lá Cành, dùng một thời gian sau máy bị đơ, có cuộc gọi đến không vuốt để nghe được."
0,"Mẫu sony Z Untral trước đây phiên bản 2, mỗi tội pin + cấu hình ko thay đổi ngang tầm các dòng máy hiện tại"
0,"Tôi cũng là nạn nhân của 9.3 đây, vừa nâng cấp con Iphone lên thì đã trở thành cục gạch ghê thật, mà máy vừa thay Pin nửa chứ, nên phải tìm Pin zin của nó mới restore được. IOS rất phức tạp"
0,"Mình rất thất vọng với Apple Watch, cảm ứng tệ, hay bị loạn cảm ứng."
0,Táo luôn đi theo sau về công nghệ
1,Với tầm giá này thì HP là ngon lành nhất rồi.
0,"Món trà sữa ở quán này ôi quá, ăn vài hôm là thấy không ngon."
1,"Macbook thiết kế mạnh, vân tay tốt."
0,"Gia vị món cà phê quá quá dở, ăn không vô."
1,Máy này cực kỳ êm
0,"Con HP này dùng nóng, pin quá đơ."
1,trải nghiệm Thiết kế thấy thật sự đỉnh
0,Đang dùng 6 plus nhưng đến cái ghi âm cuộc gọi củng khó nữa. Buồn.
0,"lên bản mới pin để từ tối đến sáng không xài tụt pin gần 25%, đang hối hận vì nâng cấp đây"
1,"iPhone ổn định quá, xài một tuần rồi vẫn vô đối."
0,"nếu vẫn cứ thế này thì mua 6 thôi, cần gì phải mua 7"
0,"Asus thiết kế giật, loa thì không xài được."
1,Cầm e s7edge đã quá đẹp rồi. H có thêm e này nữa thì quá tuyệt vời. Càng ngày càng yêu samsung. Tự hào về ss quá.
0,Với tầm giá này mà Macbook mờ vậy là không đáng tiền.
1,"Ở nhà anh trai dùng con 40J5200, công ty mình dùng chiếc 43J5500, chất lượng không gì để chê cả Bạn có thể cố gắng đầu tư thêm chút nữa để mua được màn 43"" coi đã mắt hơn nhiều. Màn hình phẳng mà chỉ có 32"" trông buồn cười lắm"
0,Mới mua con Sony này về mà thấy loạn cực kỳ.
0,Mua iPad về dùng thử mà thấy lag quá.
1,"Món phở ngon hết sẩy, gia vị tươi."
1,"Món gà rán ở quán này thơm cực kỳ, ăn một tháng vẫn ghiền."
1,"Món bún bò vị béo, decor làm rất thơm."
1,Sử dụng bình thường nhé..samsung tuyệt vời
1,"Mình đang dùng U2515H đây, cực hài lòng. Chán FullHD roài"
1,"Mình rất hài lòng với Xiaomi, wifi đẹp, ổn định."
1,"cái gì cũng cần thời gian cải thiện bạn à, nhưng nói về nhược điểm thì HTC gần như chả có, nhất là HTC 10 đang được đánh giá là Camera phone tốt nhất bây giờ rồi."
1,"Samsung thiết kế bền, cảm ứng ok lắm."
0,"Con Realme này dùng lởm, pin quá cùi."
0,"iPad không ổn quá, xài một tuần là thấy chậm vãi."
1,"Mua Samsung cho chồng dùng, người yêu khen nhẹ."
1,Với tầm giá này thì AirPods là đẹp nhất rồi.
1,"Không có gì để chê ở món gỏi cuốn này, quá ngon."
0,"Huawei thiết kế tệ, wifi thì nóng máy."
0,"Mình rất thất vọng với hải sản, món ăn ngán, đồ ăn quá ngấy."
1,"Đang dùng máy cái dt củ làm camera quan sát ở nhà, mà góc quay khá hẹp,có e này cứu cánh thì ngon ."
1,"Hệ điều hành chưa test nhưng xem chưng ngon, Giá như này mà cấu hình chip snapdragon và ram 2GB thì phân khúc này quá rẻ."
1,rất tốt
1,"Không có gì để chê ở món mì xào này, quá chuẩn vị."
0,"Món cà phê vị thiu, không đáng tiền tí nào."
0,"Samsung thiết kế giật, pin thì nóng máy."
1,"Mình rất thích bánh mì ở đây, quán phục vụ giòn, đồ ăn đặc sắc."
0,Mới ăn thử nướng ở đây mà thấy quá kém cực kỳ.
1,"Tôi đang xài macbook pro retina 13"" 866 2 năm nay và cảm thấy rất hài lòng"
0,"Mình rất thất vọng với Nokia, vân tay lởm, hay bị kém quá."
1,"Không có gì để chê ở món pizza này, quá xuất sắc."
1,"Món bánh mì ở quán này vừa miệng cực kỳ, ăn một thời gian vẫn ghiền."
1,"Không có gì để chê ở Samsung, quá cao cấp."
0,"Mình rất thất vọng với kem, nước chấm nguội ngắt, đồ ăn quá tệ."
0,"Giống Xiaomi 96,69% Mà cục 10000 mới của Xiaomi ngon hơn, giá rẻ hơn nữa"
0,chẳng khác gì iphone 6
1,"Còn em thì thấy xử lý file Raw của Sony đỉnh hơn hẳn, DynamicRange cực tốt, còn ảnh raw Fuji thô khỏi nói"
0,Mua Realme về dùng thử mà thấy nóng quá.
0,Với tầm giá này mà Surface quá kém vậy là không đáng tiền.
0,"Một ""Đột phá"" của iPhone... Các hãng khác đã ""bắt chước"" thiết kế này từ 5 năm trước..."
0,Máy không đẹp
0,"Món bún chả vị khô, không đáng tiền tí nào."
1,"Không có gì để chê ở món bún chả này, quá đậm đà."
1,"Món trà sữa vị sạch sẽ, đồ ăn làm rất ngon."
0,Dẫn bố đi ăn pizza mà em trai chê không tươi quá.
0,Mới ăn thử phở ở đây mà thấy ngán cực kỳ.
1,"Món mì quảng ngon hết sẩy, gia vị vừa miệng."
1,dùng Pin thấy rất ngon
1,gear s2 đỉnh cao của công nghệ. đẹp
0,"Sony thiết kế giật, chip thì yếu xìu."
0,"Không thể chấp nhận được món bánh mì này, quá chán."
1,Thật kỳ diệu
0,Mua Samsung về dùng thử mà thấy không ổn quá.
1,"Món sushi ngon hết sẩy, gia vị tươi."
0,"Món mì xào ở quán này chua quá, ăn vài tháng là thấy khô khốc."
0,"Con iPad này dùng không ổn, pin quá đơ."
0,"Mình rất thất vọng với Vivo, pin không ổn, hay bị rất tệ."
0,"Mình rất thất vọng với Nokia, chip tệ, hay bị rất tệ."
1,"Món nem cuốn ngon hết sẩy, gia vị cuốn hút."
1,Khủng long của năm là đây..
1,"Không có gì để chê ở Apple Watch, quá mượt mà."
1,"Mới tậu con iPad này về, sang trọng cực kỳ luôn."
0,"Con AirPods này dùng chán, pin quá cùi."
1,"Mát nhất trong đám, đẹp nhất, to nhất, hiệu năng cao nhất, bảo hành lâu nhất và giá thì cao nhất. Kể ra tầm 8.5 củ thì hợp lý, đủ đè hết đám Gaming của giga và MSI."
1,Con này ổn đấy chứ.
0,"Món sushi ở quán này khó ăn quá, ăn vài hôm là thấy mất vệ sinh."
0,Máy ít xịn
0,"Trơn tuồn tuột, không đẹp"
1,"Mới tậu con iPad này về, đẹp cực kỳ luôn."
0,"Mình rất thất vọng với bún bò, đồ uống khô, đồ ăn không nuốt nổi."
0,Những món này mua chỉ thêm rối và gây hại cho chiếc điện thoại.
1,M4 đi bạn mình vừa mua hồi 28 tết sài tốt lắm chuph hình đẹp nghe nhạc hay lên mang nhanh pin hơi mau hết chút thôi ngoài ra đều tốt hết
0,Mới mua con iPhone này về mà thấy bình thường cực kỳ.
1,"Món bánh mì vị rất ngon, phục vụ làm rất hấp dẫn."
1,"Món pizza ngon hết sẩy, gia vị chuẩn vị."
0,"Nokia mờ quá, xài mấy ngày là thấy chán hẳn."
0,Mua Samsung về dùng thử mà thấy yếu quá.
1,"Mình rất thích sushi ở đây, quán phục vụ xuất sắc, đồ ăn rất ngon."
0,"Mình rất thất vọng với Nokia, camera đơ, hay bị lag lòi."
0,Camera chả xuất sắc
0,"LG thiết kế nóng, hiệu năng thì nóng máy."
1,Cái nào cũng lưu trữ được 32G. Tha hồ. Lỡ như hết bộ nhớ thì để dành lưu ảnh cũng khoái.
0,"Con Nokia này dùng chán, pin quá cùi."
0,có cảm giác buồn không hề nhẹ
0,"Con AirPods này dùng lag, pin chán hẳn."
1,"Món phở ngon hết sẩy, gia vị giòn."
1,Quán này lẩu là thơm nhất rồi.
1,"Quá đẹp, ráng cày bừa đển lên em MS Book này thôi!!"
1,Với tầm giá này thì Nokia là nhẹ nhất rồi.
1,"Mình rất thích cơm tấm ở đây, quán phục vụ thơm, đồ ăn rất ngon."
0,Mới ăn thử cơm tấm ở đây mà thấy nguội ngắt cực kỳ.
0,Dẫn đồng nghiệp đi ăn kem mà con chê ôi quá.
1,Máy này thật sự êm
1,"Mới tậu con Huawei này về, mạnh cực kỳ luôn."
1,"Mình rất hài lòng với Samsung, vân tay ngon lành, nhanh."
0,"Không thể chấp nhận được món cơm tấm này, quá đắng."
0,Mới ăn thử nem cuốn ở đây mà thấy mặn cực kỳ.
1,"đã trải nghiệm, mái rất đẹp, màu đẹp, kiểu dáng sang trọng lắm, antutu cung duoc 36k điểm lận, vân tay rất nhanh, rất hài lòng"
1,Với tầm giá này thì Realme là tốt nhất rồi.
1,xài Sản phẩm thấy hoàn toàn đỉnh
1,"Dẫn vợ đi ăn bún bò, con khen cuốn hút."
0,Bỏ luôn 64GB cho nó dễ.
0,"Không thể chấp nhận được món cơm tấm này, quá chua lè."
0,Màn hình thật sự đắt
0,"Huawei quá tệ quá, xài suốt mấy tháng là thấy nhanh tã."
1,"Ờ, mình mua qsd may mà dc e pin trâu, rất là hài lòng"
1,"Mình rất hài lòng với Oppo, pin bền, tốt."
1,Pin này thật sự ngon
0,"Sony sao chưa ""delete "" mảng mobile đi ! Điện thoại sony dùng chán ẹc ! Bản thân mình cũng là người thích đồ Sony từ tivi tới máy nghe nhạc, rồi tai nghe...! Riêng dòng Sony Xperia thì Mình cạch tận già sau 3 đời dùng Xperia, Muôn thủa Máy nóng vô lý, Camera mang tiếng sản xuất cho các hãng khác nhưng camera tệ....Bệnh muôn thủa !! Định giá cao so với "" chất lượng"" đem lại cho người dùng !! Tiếc cho 1 thương hiệu!..."
0,"nản với cái giá, mua oneplus x ngon đẹp"
1,"Trời ạ, thiếu hoàn toàn sản phẩm Macbook 12. Đó mới thật sự là đẹp, quá mê hồn luôn"
0,Mới ăn thử vịt quay ở đây mà thấy ngấy cực kỳ.
1,"Mua Nokia cho người yêu dùng, đồng nghiệp khen xuất sắc."
0,"Nói thật chứ nếu bỏ giai đoạn bán z10 và q10 đi, có lẽ mọi chuyện đã khác rồi. Classic giá cao trong khi đó cấu hình ngang ngửa Q10. Qúa buồn. Mấy ông CEO bảo thủ...thay đổi sớm thì có lẽ khác rồi. Tạm biệt 1 đế chế...(bold 9000, 9700,9780, 8800,8820, q10, classic, passport) . Quá hụt hẫng."
1,"Trải nghiệm trực tiếp rút ra được một kinh nghiệm đó là chất lượng hỉnh ảnh, âm thanh của samsung vẫn là đỉnh nhất so với giá tiền."
0,"Xiaomi thiết kế nặng, cảm ứng thì loạn cảm ứng."
1,"Con Acer này dùng phù hợp, pin hoạt động tốt."
0,Mới mua con Lenovo này về mà thấy quá kém cực kỳ.
0,"Macbook thiết kế chán, wifi thì sụt pin nhanh."
0,"Không thể chấp nhận được LG, quá giật."
0,"Không thể chấp nhận được Apple Watch, quá loạn."
1,"AirPods phù hợp quá, xài vài hôm rồi vẫn mượt."
0,Camera hơi yếu
1,Với tầm giá này thì Vivo là phù hợp nhất rồi.
0,Chu kì hưng thịnh của iphone đã qua.
0,"Món bánh xèo vị không tươi, không đáng tiền tí nào."
1,"Samsung thiết kế tốt, vân tay dùng rất sướng."
1,"Món cà phê ở quán này vừa vị cực kỳ, ăn một tháng vẫn ghiền."
0,Sản phẩm quá chán
0,Sản phẩm thật sự cùi
0,"xài đồ Apple bực mình lắm , 1 năm là ra cái mới trong khi cái cũ xài hoài không hư"
0,"Mình rất thất vọng với Asus, hiệu năng lởm, hay bị kém quá."
0,"Mình rất thất vọng với Samsung, cấu hình không ổn, hay bị không đáng tiền."
0,"Asus yếu quá, xài cả năm là thấy quá cùi."
0,Loa chưa mát
1,Với tầm giá này thì Oppo là ổn định nhất rồi.
0,"Món pizza vị khét, không đáng tiền tí nào."
0,"Không thể chấp nhận được Nokia, quá nóng."
0,"Trước kia tiêu chỉ của tôi là chọn máy gồm: thật rẻ, cấu hình tốt hơn giá tiền nhiều và không phân biệt nhà sản xuất vì chỉ nghĩ là dùng Android đều như nhau hết. Nhưng sau khi dùng vài đời máy China mà mỗi em chỉ được 3-4 tháng là hỏng,kèm theo máy hay bị chậm, giật,nóng máy,nhanh hết pin, camera kém... rồi tôi quyết định chọn em SamSung A5(2016) dùng thử vì em này (có giá gấp đôi mấy em kia ) nhưng đắt sắt ra miếng các bạn ạ. Hầu như đáp ứng đầy đủ các yêu cầu của tôi mà cũng khá sang trọng nữa. Một phần tôi nghĩ dùng hàng Samsung thì cũng lợi cho đất nước nữa chứ các bạn nhỉ. Trên đây cũng là ý kiến riêng của tôi,cũng chẳng vì tôi là fan Samsung mà nói hay cho Samsung đâu, các bạn hãy tìm các hãng có thương hiệu mà chọn mua cho phù hợp với công việc và giải trí nhé. Chúc mọi người luôn vui vẻ."
0,"Món bánh xèo vị quá kém, không đáng tiền tí nào."
0,"Oppo quá chán quá, xài một thời gian là thấy giật lag."
0,Mua AirPods về dùng thử mà thấy yếu quá.
0,Chất lượng chả tốt
1,"Mình rất hài lòng với Vivo, cấu hình tuyệt vời, vẫn mượt."
0,Pin không hoàn hảo
1,"Không có gì để chê ở Asus, quá đẹp."
1,"Mới ăn thử phở ở đây, vị vừa vị lắm luôn."
0,"LG mờ quá, xài mấy ngày là thấy hay bị lỗi."
0,"Lenovo thiết kế không ổn, thiết kế thì không xài được."
1,Màn hình này quá êm
1,"Mua Samsung cho đồng nghiệp dùng, em trai khen tốt."
1,sử dụng Sản phẩm thấy hoàn toàn tốt
1,"Con iPad này dùng sang trọng, pin rất bền."
0,"Món bánh xèo ở quán này khét quá, ăn suốt mấy tháng là thấy quá tệ."
1,"Mình rất thích kem ở đây, quán phục vụ xuất sắc, đồ ăn béo."
1,"iPad thiết kế nhanh, pin không bị lag."
1,"Mình rất hài lòng với Huawei, bàn phím tuyệt vời, tuyệt vời."
1,"mình dùng sạc xiaomi được 1 tháng rồi. thấy ngon! và cũng hên vì mua được hàng chính hãng . tiện, đẹp, rẻ."
0,"Không thể chấp nhận được món nem cuốn này, quá nhạt."
0,Với tầm giá này mà iPhone lỗi vậy là không đáng tiền.
1,Với tầm giá này thì iPhone là ngon lành nhất rồi.
0,"Món mì xào vị quá kém, không đáng tiền tí nào."
1,Màn hình này thật sự bền
0,"Không thể chấp nhận được Realme, quá không ổn."
0,"Gia vị món vịt quay quá quá kém, ăn không vô."
1,Camera này vô cùng mượt mà
1,Thiết kế này rất bền
1,"Mình rất thích bún chả ở đây, quán phục vụ xuất sắc, đồ ăn ngon miệng."
0,Xấu
1,"Cám ơn bạn. mình làm đc rồi. Con này đẹp, nhìn rất sướng. Nhưng mình vẫn có cảm giác đáp ứng hơi chậm 1 chút thì phải. không biết mọi ng có thấy thế ko."
1,"Dẫn bố đi ăn nem cuốn, bạn bè khen sạch sẽ."
0,"Món pizza vị quá kém, không đáng tiền tí nào."
1,"Các sản phẩm của Ấn Độ luôn đứng đầu phân khúc thị trường rẻ tiền nhất thế giới như: ôtô , xe máy ,viễn thông ..... vui thật."
1,"Mình rất thích mì quảng ở đây, quán phục vụ hấp dẫn, đồ ăn béo."
1,"Món gỏi cuốn ngon hết sẩy, gia vị đặc sắc."
0,"Không thể chấp nhận được món nem cuốn này, quá không tươi."
0,"Gia vị món lẩu quá không tươi, ăn không vô."
0,"Mình rất thất vọng với pizza, nước dùng chua lè, đồ ăn đắt đỏ."
0,"Macbook thiết kế loạn, màn hình thì sụt pin nhanh."
1,Tuyệt vời. Có 500Gb bộ nhớ trực tuyến thì không còn gì phải lo nữa rồi.
1,"Món cà phê ngon hết sẩy, gia vị tươi."
0,Chẳng có gì đặc biệt ngoài ngoại hình được làm bo cạnh nhiều hơn cho giống iPhone 6!?!
0,"Món nướng ở quán này ngấy quá, ăn vài tháng là thấy chán phèo."
1,"Mới tậu con HP này về, nhẹ cực kỳ luôn."
0,"Món cà phê ở quán này ngấy quá, ăn cả tuần là thấy đắt đỏ."
1,"Acer sang trọng quá, xài cả tuần rồi vẫn trâu."
0,Mấy con dòng A của anh sam chíp thì cùi mà giá trên trời
1,"iPad đáng tiền quá, xài suốt mấy tháng rồi vẫn nhanh."
0,"Món mì xào ở quán này quá dở quá, ăn cả tuần là thấy chua loét."
1,Loa này cực kỳ bền
1,"Dẫn đồng nghiệp đi ăn mì quảng, vợ khen vừa miệng."
0,Camera chưa êm
0,Dẫn mẹ đi ăn nem cuốn mà đồng nghiệp chê thiu quá.
0,"Không thể chấp nhận được món kem này, quá chán."
0,"Con Acer này dùng yếu, pin hết pin nhanh."
1,"Mình rất hài lòng với Lenovo, sạc sắc nét, đẹp."
0,"Macbook tệ quá, xài cả tuần là thấy giật lag."
0,"Không thể chấp nhận được AirPods, quá xấu."
0,Cùi lắm
0,"Con Asus này dùng chậm, pin không đáng tiền."
1,"Mới tậu con Surface này về, ổn định cực kỳ luôn."
0,"Món mì quảng ở quán này dở quá, ăn hơn nửa năm là thấy rất chán."
1,"Không có gì để chê ở Realme, quá mỏng."
1,Quán này cà phê là xuất sắc nhất rồi.
1,Nếu không có tiền mua iPhone hay G5 thì xác định mua em này là lựa chọn tốt nhất.
1,"Món lẩu ngon hết sẩy, gia vị đậm đà."
0,Cái viền camera sau xấu kinh khủng ! Thất vọng quá trời ! thà để cái camera lồi như 6/6s thì còn đẹp hơn nhiều !
1,"Vừa mơi đặt hàng em macbook pro 15 inch 2015 xong. Dùng hàng Apple chưa bh phải thất vọng cả, đặt biệt là macbook và ipad"
0,Loa chưa hoàn hảo
1,"Huawei mượt mà quá, xài một tháng rồi vẫn vẫn mượt."
0,Tới khi đó ra đường thấy một số người mắt khác thườngbây giờ chưa ra thì hầm hố lắm tới khi mua về sẽ thấy bất tiện khi ai đeo kính râm và sử dụng trong bóng tối
0,Với tầm giá này mà Dell lag vậy là không đáng tiền.
1,"Con Nokia này dùng nhanh, pin ok lắm."
0,"Một kiểu ""tự sát"" không có đối thủ!"
0,"Con AirPods này dùng quá tệ, pin không đáng tiền."
0,không có gì đặc sắc và vượt trội so với thế hệ cũ. không giống như sự đột phá của S7 so với S6 của SS. Một fan BB cho hay (nói vậy để mọi ng thấy mình không thiên vị hãng nào giữa Ap và SS )
1,"Không có gì để chê ở Macbook, quá nhẹ."
0,"Mình rất thất vọng với Asus, màn hình tệ, hay bị lag lòi."
1,"Món bánh xèo vị vừa vị, nước chấm làm rất vừa vị."
1,"Không có gì để chê ở món mì xào này, quá xuất sắc."
1,Pin này quá xuất sắc
1,"Mới tậu con Samsung này về, mỏng cực kỳ luôn."
0,Không dùng hàng công nghệ TQ
1,"Mình rất thích phở ở đây, quán phục vụ vừa miệng, đồ ăn vừa vị."
1,"Mới tậu con Acer này về, cao cấp cực kỳ luôn."
0,"Món nem cuốn vị đắng, không đáng tiền tí nào."
1,Quán này kem là ngon tuyệt nhất rồi.
1,"Mới ăn thử bánh mì ở đây, vị xuất sắc lắm luôn."
0,"Mình rất thất vọng với Sony, bàn phím nóng, hay bị không xài được."
0,"Apple Watch thiết kế xấu, bộ nhớ thì lag lòi."
0,Trước giờ toàn bắt trước mọi thứ của samsung thôi mà. Có gì đột phá đâu.
0,"Samsung kém quá, xài một thời gian là thấy kém quá."
1,start menu có vẻ mượt hơn.
0,"Mình rất thất vọng với HP, màn hình nóng, hay bị giật lag."
0,Mới mua con iPad này về mà thấy nóng cực kỳ.
0,"Không thể chấp nhận được Dell, quá không ổn."
0,"HP thiết kế chậm, cấu hình thì mất sóng."
1,Với tầm giá này thì iPhone là đẹp nhất rồi.
1,"Mua Apple Watch cho em trai dùng, chồng khen phù hợp."
0,"Không thể chấp nhận được Lenovo, quá nặng."
0,Mua Apple Watch về dùng thử mà thấy không ổn quá.
0,"Apple Watch mờ quá, xài một tuần là thấy nóng máy."
1,"Realme thiết kế nhẹ, camera vô đối."
0,Với tầm giá này mà Lenovo nặng vậy là không đáng tiền.
1,"Samsung ấn tượng quá, xài mấy ngày rồi vẫn dùng rất sướng."
1,"Mình rất thích mì xào ở đây, quán phục vụ tuyệt vời, đồ ăn tuyệt vời."
1,Quán này vịt quay là ngon tuyệt nhất rồi.
0,Dẫn em gái đi ăn mì quảng mà mẹ chê ngấy quá.
0,"Món bún bò ở quán này ôi quá, ăn vài hôm là thấy khó nuốt."
0,Với tầm giá này mà Xiaomi bình thường vậy là không đáng tiền.
0,Mới ăn thử bánh xèo ở đây mà thấy quá kém cực kỳ.
1,"Mua Sony cho bố dùng, mẹ khen nhanh."
0,"Oppo quá kém quá, xài cả năm là thấy nhanh tã."
1,"Quá ngon, đánh bại các android TV box hiện tại rồi. Có bác nào nhận ship hàng ở Hà Nội không nhỉ ?"
0,Mới ăn thử pizza ở đây mà thấy khô cực kỳ.
1,"Con Macbook này dùng ổn định, pin bình thường."
1,Với tầm giá này thì Dell là tốt nhất rồi.
1,"Không có gì để chê ở Sony, quá sang trọng."
1,"Món hải sản ở quán này vừa vị cực kỳ, ăn cả năm vẫn ghiền."
0,Thiết kế không êm
0,"Không thể chấp nhận được món phở này, quá chua."
1,"Món nem cuốn ở quán này đặc sắc cực kỳ, ăn một thời gian vẫn ghiền."
1,"Mình rất hài lòng với Realme, wifi xuất sắc, không bị lag."
1,"Món cà phê ngon hết sẩy, gia vị giòn."
1,"Mới tậu con Nokia này về, ngon lành cực kỳ luôn."
1,"Món cà phê ngon hết sẩy, gia vị vừa vị."
1,"Món lẩu ngon hết sẩy, gia vị sạch sẽ."
0,"Không thể chấp nhận được món gỏi cuốn này, quá quá kém."
0,"Mình rất thất vọng với Apple Watch, vân tay chán, hay bị kém quá."
1,"Mới ăn thử bánh mì ở đây, vị đậm đà lắm luôn."
1,"Không có gì để chê ở món bánh xèo này, quá ngon."
0,Dẫn bố đi ăn nướng mà con chê đắng quá.
1,Quán này hải sản là vừa vị nhất rồi.
0,"Nhìn cái camera lồi của SS ghét không chịu được, cạch mặt từ lúc em nó lồi lên đến giờ. Có ai như mình ko nhỉ?"
0,Với tầm giá này mà Samsung quá chán vậy là không đáng tiền.
0,Mua Realme về dùng thử mà thấy xấu quá.
1,"Mới tậu con Realme này về, tốt cực kỳ luôn."
0,"Samsung thiết kế đơ, màn hình thì lag lòi."
0,Mới mua con Sony này về mà thấy quá chán cực kỳ.
0,wave 3 không nghe được nhạc trên mp3 và cảm ứng hơi tệ
0,Mới mua con iPad này về mà thấy xấu cực kỳ.
0,"LG thiết kế lởm, bộ nhớ thì hay bị lỗi."
1,"Không có gì để chê ở món vịt quay này, quá vừa vị."
1,"Mới ăn thử vịt quay ở đây, vị đặc sắc lắm luôn."
0,Mới ăn thử trà sữa ở đây mà thấy chua lè cực kỳ.
0,"Mình rất thất vọng với kem, không gian không tươi, đồ ăn quá dở."
1,"Mình rất hài lòng với AirPods, thiết kế cao cấp, phê lắm."
1,"Con Surface này dùng ổn định, pin trâu."
1,Hàng aukey xài khá ngon
1,Con Obi xài hệ điều hành Cyanogen bảo mật tốt hơn mấy con android trên.
1,"Mới tậu con Xiaomi này về, nhanh cực kỳ luôn."
0,Giá quá nhanh hỏng
0,Cùi lắm
0,"Cầm cái này gọi điện đúng nghĩa úp thớt lên mặt. Ngày xưa con Z ULTRA đã bự lắm rồi, con này vượt cả khuôn mặt luôn"
0,"Con LG này dùng lỗi, pin hay bị lỗi."
0,Mới mua con Samsung này về mà thấy không ổn cực kỳ.
0,"Mình rất thất vọng với Nokia, cảm ứng không ổn, hay bị kém quá."
0,"iPad bình thường quá, xài hơn nửa năm là thấy không xài được."
0,"trừ scan thanh toán ra thì những cái còn lại như vô dụng, dùng smp dễ chịu hơn, tự dưng mang thêm cục tức trên người"
1,"Mới tậu con Sony này về, nhẹ cực kỳ luôn."
1,"Tính năng này cũng hay đó chứ. Khi đi trên đường không muốn dùng smartphone để bị cướp thì sử dụng điện thoại này để nghe gọi, nhắn tin chung 1 số. Chủ yếu là gọi."
1,Màn hình này vô cùng tốt
1,phần cứng thì ngon quá nhưng nếu em nó chạy được bản ROM gốc của GG thì chắc càng ngon hơn.
1,Camera này khá mượt mà
1,"Mình rất thích cơm tấm ở đây, quán phục vụ giòn, đồ ăn tươi."
0,"Mình rất thất vọng với Sony, màn hình tệ, hay bị chán hẳn."
0,Với tầm giá này mà Samsung kém vậy là không đáng tiền.
1,"Mình rất hài lòng với Nokia, bàn phím mạnh, tốt."
1,"Realme nhẹ quá, xài một tháng rồi vẫn nhanh."
0,Mình ít tiền yêu công nghệ có vào đọc và đã mua em nó...nhưng rồi chả thấy có chia sẻ giao lưu gì chán nên bán đi rồi...ôi cuộc sống giờ toàn....$$$$$$$$$$ Bao nhiêu bác bảo chia sẻ up rom này kia lặn mất tăm chỉ còn vài ba thương lái vào PR
1,"Không có gì để chê ở món nướng này, quá chuẩn vị."
1,"Ai chê thì chịu ,chứ tôi sài quen iphone rồi ,chạy mượt ,không bị giật là oki"
1,Thích Nokia nhưng thú thật không ưa cái Z-Launcher tẹo nào
0,Với tầm giá này mà iPad giật vậy là không đáng tiền.
1,sử dụng Chất lượng thấy vô cùng bền
0,Mới mua con Oppo này về mà thấy kém cực kỳ.
0,Mới ăn thử nem cuốn ở đây mà thấy khó ăn cực kỳ.
0,"Món vịt quay vị khô, không đáng tiền tí nào."
1,"Không có gì để chê ở Acer, quá nhanh."
0,Mới ăn thử mì xào ở đây mà thấy đắng cực kỳ.
0,"Samsung thiết kế lỗi, chip thì giật lag."
1,"Món gà rán vị ngon tuyệt, gia vị làm rất chất lượng."
1,"Mình rất thích cà phê ở đây, quán phục vụ vừa vị, đồ ăn đậm đà."
0,Dẫn người yêu đi ăn phở mà người yêu chê dở quá.
1,"Con Huawei này dùng sang trọng, pin vô đối."
0,Thực sự thì do khẩu to nên ngay từ đầu S7 đã là cái máy phơi kém chứ có gì nổi trội đâu. Đừng nghĩ nó chụp cái gì cũng đẹp
0,Mua Macbook về dùng thử mà thấy nặng quá.
0,"em mua đc 2 ngày hỏng, shop ko thèm nói gì luôn nói mỗi câu lỗi do người dùng ko bảo hành"
1,"Mới tậu con Huawei này về, ngon lành cực kỳ luôn."
1,"Món bún chả ngon hết sẩy, gia vị tuyệt vời."
0,"Gia vị món bánh xèo quá khét, ăn không vô."
0,"Trước giờ xài toàn iphone, nhưng giờ thấy nản. Muốn đổi sang Sam, mà hóng anh Nokia."
1,"Mua LG cho chồng dùng, vợ khen ổn định."
0,"Món pizza ở quán này chua quá, ăn vài tháng là thấy khó nuốt."
0,Mới mua con Nokia này về mà thấy đơ cực kỳ.
1,Quán này bún chả là xuất sắc nhất rồi.
1,"Món cơm tấm ở quán này tươi cực kỳ, ăn mấy ngày vẫn ghiền."
1,"Mình rất thích trà sữa ở đây, quán phục vụ quá đã, đồ ăn thơm."
0,"Gia vị món trà sữa quá quá kém, ăn không vô."
0,Với tầm giá này mà Huawei giật vậy là không đáng tiền.
0,Với tầm giá này mà AirPods yếu vậy là không đáng tiền.
1,Với tầm giá này thì Realme là sắc nét nhất rồi.
1,em thấy duyệt em này rùi hợp tùi tiền
0,Giá 6 củ thì cũng bình thường nêú ko muốn nói là cùi
0,"Mình chán nhất dàng HP, chip VGA nhanh hư quá. Không biết các đời sau thế nào chứ, ngày xưa mua con DV2000 giờ đang đắp chăn làm kĩ niệm"
0,"Không thể chấp nhận được AirPods, quá quá kém."
1,Quán này bánh xèo là vừa vị nhất rồi.
1,trải nghiệm Điện thoại thấy khá mát
0,Mua Surface về dùng thử mà thấy quá kém quá.
1,"Món phở ở quán này tuyệt vời cực kỳ, ăn hơn nửa năm vẫn ghiền."
1,Đang xài Surface pro 3. Quá tuyệt vời.
1,kiểu dáng rất đẹp hi vọng apple nhanh ra mắt tới người tiêu dùng
1,Chất lượng này cực kỳ mát
1,"Không có gì để chê ở món mì quảng này, quá tuyệt vời."
0,"bạn này nói là quên tiền mặt vs thẻ thì có apple pay trên AW để dùng, nói thật là có cái này iPhone nó cũng có, mà nhiều khi quên đeo đồng hồ hơn là quên mang ví hay là điện thoại, nhất là đối vs 1 cái đồng hồ phải sạc mỗi ngày như cái này, nói chung mình thấy cũng ko thiết thực lắm, nếu dư giả thì có thể mua để trải nghiệm, chứ còn bảo để dùng như 1 phần mở rộng thì cũng đúng cũng ko, ko vì nó chưa tương xứng vs cái giá của nó, vì bỏ ra số tiền bằng hoặc hơn 1 cái iPhone chỉ để mở rộng 1 số tính năng là chưa thuyết phục. Cá nhân mình cũng dùng dc 2 tuần nhưng thật sự đôi lúc mình thấy lấy đt ra nó vẫn tiện lợi hơn rất nhiều, ko bay nhiều như chủ thớt để xài cái boarding pass trên AW, cũng tạm thời chưa xài dc Apple Pay vì Canada chưa hỗ trợ, Uber khi nào nhậu say lắm quên hết đường về mới gọi chứ cũng ko thường xuyên, tập thể dục thì ít mà cũng chả theo dõi mấy cái thông tin đấy nhiều. Mình tự nhận là heavy user nên thấy pin cũng hơi chán. Cái thường xuyên nhất mình dùng chắc là Starbucks Card"
0,"Món bánh xèo vị tanh, không đáng tiền tí nào."
1,Quá đẹp..độ hoàn thiện về tính năng kiểu dáng phải nói là hơn hẳn iphone đến mấy lần..thử hỏi iphone có cái gì hơn con s7 batman nay
0,"Món lẩu vị không tươi, không đáng tiền tí nào."
0,Các hãng đt tq bây h cho ra đời những chiếc đt rất ấn tượng nhưng Oppo k nằm trọng số đó
0,"Huawei thiết kế lag, hệ điều hành thì quá cùi."
0,Với tầm giá này mà Realme loạn vậy là không đáng tiền.
1,"Càng ngày em ấy càng hoàn thiện, phê thiệt"
0,Trông hơi thiếu tinh tế
0,"Mình rất thất vọng với Realme, chip tệ, hay bị kém quá."
1,"Món lẩu ngon hết sẩy, gia vị ngon tuyệt."
0,"Acer thiết kế không ổn, vân tay thì vô dụng."
0,Mua Realme về dùng thử mà thấy giật quá.
1,"Vivo nhẹ quá, xài mấy ngày rồi vẫn vẫn mượt."
0,Loa không bền
0,biến dạng vậy mà thấp ))
0,"Không thể chấp nhận được Acer, quá quá chán."
1,"Macbook thiết kế đáng tiền, cấu hình không lỗi lầm."
1,"Món sushi ở quán này ngon cực kỳ, ăn một tuần vẫn ghiền."
0,"Con Oppo này dùng mờ, pin không xài được."
1,"Mình rất hài lòng với LG, thiết kế hoàn hảo, hoạt động tốt."
0,THUA XA CHIẾC LONGINES CUA MÌNH
1,điện thoại huwei đi vừa tốt vừa rẻ
0,Cái vòng này đeo đo vớ vẩn kinh.
1,"Con iPhone này dùng sang trọng, pin không nóng máy."
0,"Vẫn kiểu dáng thiết kế xấu, vẫn chất liệu nhựa rẻ tiền như ngày nào. Hy vọng chất lượng khá hơn Zen5"
1,"Mua Macbook cho bạn bè dùng, em gái khen phù hợp."
1,Sản phẩm này cực kỳ đỉnh
1,"Mua Lenovo cho người yêu dùng, mẹ khen xuất sắc."
0,Với tầm giá này mà HP chậm vậy là không đáng tiền.
0,"Con Sony này dùng mờ, pin loạn cảm ứng."
1,"Mình rất thích sushi ở đây, quán phục vụ chuẩn vị, đồ ăn vừa miệng."
0,"Thất bại thảm hại. Hàng XT có hơn 10 chai đang ế xưng kìa, vậy mà còn rao giá 15 chai!, Hài!"
0,"Món pizza ở quán này dở quá, ăn cả năm là thấy khét lẹt."
0,Sản phẩm hơi tệ
1,sử dụng Loa thấy rất êm
0,giá quá cao có thể gây nguy hiểm cho con bạn khi đeo nó nhất là trẻ dưới 6 tuổi.
0,Máy chưa bền
0,"Mình rất thất vọng với Dell, bàn phím kém, hay bị sụt pin nhanh."
0,"Con Realme này dùng lag, pin không đáng tiền."
1,"Thankyou tác giả nhiều nhiều, đã bỏ công và có bài viết rất đáng tham khảo. Mình đã dùng nex5+ lens 35 f1.8 mấy năm nhưng không thích lắm với màu của Sony đành chuyển qua fuji XT10+ lens 35f2.0 và thích ngay từ tấm ảnh chụp đầu tiên. file raw Fuji cũng rất tốt không như nhiều người đã nghĩ."
0,"Mình rất thất vọng với iPad, bàn phím đơ, hay bị sụt pin nhanh."
1,"Mới tậu con Huawei này về, nhẹ cực kỳ luôn."
0,Mới ăn thử vịt quay ở đây mà thấy nguội ngắt cực kỳ.
0,"Macbook thiết kế yếu, thiết kế thì chán hẳn."
0,Mới ăn thử hải sản ở đây mà thấy đắng cực kỳ.
1,"Quá đẹp, quá rẻ"
0,"Liện quan quái tới 5s mà khoc em ơi, S7E chụp xấu hơn cả phone Việt Đau lòng cho 1 siêu phẩm"
1,"Mới tậu con HP này về, tuyệt vời cực kỳ luôn."
1,"iPad thiết kế mỏng, hiệu năng rất tốt."
1,Cảm ơn Apple đã cho ra ý tưởng màu xanh dương để các hãng khác nối gót theo sau  Sốt ruột quá Ip7 ơi
0,"iPhone thiết kế loạn, màn hình thì quá đơ."
0,"Mình rất thất vọng với mì xào, đồ uống nguội ngắt, đồ ăn quá ngấy."
1,Với tầm giá này thì Xiaomi là ấn tượng nhất rồi.
1,"Mình rất hài lòng với HP, pin đáng tiền, hoạt động tốt."
1,Thật không thể tin nổi. Mình đang dùng con smart phone có cấu hình tương tự chỉ là màn hình to hơn. Mà giá tới 2tr đã vậy độ phân giải máy mình còn thấp hơn nó thật là vi diệu
1,"Dẫn người yêu đi ăn nướng, em gái khen đặc sắc."
1,"Realme thiết kế nhẹ, chip đẹp."
0,"Không thể chấp nhận được Apple Watch, quá chậm."
1,Sản phẩm này cực kỳ bền
1,Quá đẹp nhất là mấy tấm cuối
0,Và táo cắn dở phải mua bút kèm theo chứ k có sẵn :))
0,"Món vịt quay vị quá dở, không đáng tiền tí nào."
1,"Con Oppo này dùng nhanh, pin rất tốt."
1,Màn hình này hoàn toàn mát
1,"Mới ăn thử gà rán ở đây, vị vừa miệng lắm luôn."
1,"Mua Samsung cho em trai dùng, con khen sắc nét."
1,"Không có gì để chê ở Sony, quá đáng tiền."
1,"Mua Sony cho người yêu dùng, em gái khen đẹp."
1,"Món trà sữa ngon hết sẩy, gia vị rất ngon."
1,Mỗi năm 1 siêu anh hùng
1,"Mình rất thích pizza ở đây, quán phục vụ đậm đà, đồ ăn béo."
0,"Mình rất thất vọng với iPhone, sạc xấu, hay bị chán hẳn."
1,"Mới ăn thử kem ở đây, vị cuốn hút lắm luôn."
0,Mới mua con Asus này về mà thấy xấu cực kỳ.
1,"Không có gì để chê ở món cà phê này, quá thơm."
0,"Hic, mình đã mua, sử dụng hơn 1 tuần thì xảy ra vấn đề lỗi khá nghiêm trọng sau 2 ngày này, giấc ngủ nó không theo dõi nữa, báo là không có data, nhục hơn là nó bị khùng nhập vô thông tin bước đi, trong lúc mình ngủ, nó báo mình đi cả 2 km, vãi đạn, chán ghê Các bro xem lỗi ở đây nhé https://goo.gl/photos/DfXh6yKUgsXzQrWB6 hic, có ai bị giống mình không?"
1,"Con Macbook này dùng phù hợp, pin ok lắm."
1,"Con Oppo này dùng đẹp, pin không lỗi lầm."
0,Cái tệ nhất của window phone là kho ứng dụng không phong phú so với ios và android thế thôi
1,Đẹp lắm. Đang xài 4s. Chờ iP7 ra mình lên đời iPhone SE
1,Pin trâu cả tháng nhé!
1,"Mình rất thích pizza ở đây, quán phục vụ hấp dẫn, đồ ăn vừa vị."
0,"Xiaomi mờ quá, xài mấy ngày là thấy chán hẳn."
1,"Không có gì để chê ở Sony, quá đẳng cấp."
1,"Món bánh xèo ngon hết sẩy, gia vị ngon miệng."
0,Chất lượng ít hoàn hảo
0,Mua Lenovo về dùng thử mà thấy nóng quá.
0,hình như redmi note 3 chụp .... chưa ngon so với giá
1,Máy này hoàn toàn tốt
1,"Con AirPods này dùng xuất sắc, pin mượt."
0,"Gia vị món trà sữa quá dở, ăn không vô."
1,"cái hay của cây bút samsung là không cần sạc mà vẫn xài dược mọi lúc mọi nơi, cái mà kẻ bắt chước không thể đu theo được, vẫn còn phải cắm cây bút vào máy để sạc nhìn lặc lìa lặc lọi, sơ sẩy là gãy hư cổng hư bút ngay."
0,mất bản sắc quá BB ơi!
1,"Không có gì để chê ở món gà rán này, quá tuyệt vời."
1,"Huawei thiết kế tuyệt vời, cấu hình nhanh."
1,"Món mì quảng ở quán này sạch sẽ cực kỳ, ăn một tuần vẫn ghiền."
1,Đang dùng thấy rất ngon. Tắt cái bước sóng plus đi để dùng địa chỉ và mật khẩu của router chính cũng được.
1,"Quá xịn, quá đẳng cấp"
1,Cái này mà tích hợp trên Sniper nữa thì thôi rồi
0,"Mình rất thất vọng với bún bò, nước dùng ôi, đồ ăn không nuốt nổi."
1,Những flagship như thế này tất nhiên máy ảnh không thể tồi được. Samsung đã đầu tư những công nghệ tốt nhất vào đây rồi
1,"Nokia bền quá, xài một thời gian rồi vẫn mạnh."
1,minh cung mới lên cho iphone 5s đc 2 ngày thì dùng thất mượt hơn chua thật loi j
0,"Không thể chấp nhận được Realme, quá quá kém."
1,"Không có gì để chê ở AirPods, quá mạnh."
1,"Mình rất hài lòng với Xiaomi, hiệu năng mạnh, tốt."
1,"Mình cũng chuyên chơi hàng xách tay nè, cái điện mình đang xài LG G3 cũng là bản Hàn Quốc, mà xài rất tốt chả gặp trục trặc gì (có thể vì may mắn chăng). Phải nói nó là cái điện thoại làm mình hợp ý nhất trong tất cả các loại điện thoại mình từng mua trong đời."
1,"Cũng đang tính mua em nó , thấy camera tr góc hẹp quá mà bù lại giá 5tr1 khó có đối thủ ^_^"
1,"Acer nhanh quá, xài một tuần rồi vẫn hoạt động tốt."
1,"Con Surface này dùng mạnh, pin mượt."
0,Mua Realme về dùng thử mà thấy lag quá.
1,"Không có gì để chê ở món hải sản này, quá vừa miệng."
0,Mới ăn thử kem ở đây mà thấy quá tệ cực kỳ.
1,"Mới ăn thử hải sản ở đây, vị giòn lắm luôn."
1,"Mới tậu con Xiaomi này về, cao cấp cực kỳ luôn."
1,"Phòng tầm 30m2 trở lại em này dư sức lấp đầy, mình đã thử Bluetooth của nó bắt rất khỏe và khá xa, xuyên 2 lớp tường 10 ở khoảng cách 20m vẫn nghe tốt, ngoài trống thì lên đến 30m."
1,"Con Asus này dùng tuyệt vời, pin rất bền."
1,Pin này rất ngon
0,"Mình rất thất vọng với nướng, nước chấm dở, đồ ăn quá tệ."
0,Với tầm giá này mà Asus nóng vậy là không đáng tiền.
1,"Mới ăn thử lẩu ở đây, vị béo lắm luôn."
0,"Mình rất thất vọng với gà rán, topping khô, đồ ăn không nuốt nổi."
0,Mua AirPods về dùng thử mà thấy xấu quá.
1,"Realme đẹp quá, xài vài tháng rồi vẫn rất tốt."
1,quá đỉnh! để dành tiền mua 1 cái mới được! :)
0,Với tầm giá này mà Acer lỗi vậy là không đáng tiền.
1,Xiaomi ăn đứt từ thương hiệu đến chất lượng và linh kiện bác à
1,"dùng ổn định như quốc tế, pin khá tốt đấy, bây giờ không chỉ htc one mà hầu hết các máy đời cao đều không tháo rời được. Pin liền khối sẽ tăng tính thẩm mỹ, máy mỏng hơn, chắc chắn hơn, và quan trọng nhất khả năng tiếp xúc pin với nguồn tốt hơn."
0,Không mấy người dùng cần phải có bảo mật nhiều như vậy. Những người không cần nhiều gấp mấy lần số nguồi cần. Có thể đã đi sai hướng ....
0,Mới ăn thử kem ở đây mà thấy ngán cực kỳ.
1,"Oppo ổn định quá, xài một tuần rồi vẫn không lỗi lầm."
1,nghe đc anh em ạ ^^ mình đã làm 1 con
0,Đã dùng winphone và không bao giờ dùng nữa.
0,"Món bánh mì ở quán này ôi quá, ăn vài hôm là thấy khô khốc."
1,Quán này nem cuốn là tuyệt vời nhất rồi.
1,Máy này hoàn toàn đẹp
0,"Món phở vị dở, không đáng tiền tí nào."
1,"Nokia thiết kế ổn định, bộ nhớ đẹp."
1,"Mua Dell cho em gái dùng, người yêu khen mượt mà."
0,Giá chát rồi HTC ! như vậy HTC viết tắt = Hết Thuốc Chữa !!^^..
1,"Món gỏi cuốn ở quán này ngon miệng cực kỳ, ăn một thời gian vẫn ghiền."
1,"Mình rất thích phở ở đây, quán phục vụ vừa vị, đồ ăn chất lượng."
0,Điện thoại ít đỉnh
0,"Món vịt quay ở quán này đắng quá, ăn cả năm là thấy rất chán."
0,"Không thể chấp nhận được iPhone, quá quá chán."
1,"Món hải sản ngon hết sẩy, gia vị rất ngon."
1,Điện thoại này hoàn toàn xịn
0,"Coi kìa. Màn hình mờ và vỡ nét quá. Hay do hình upload lên có độ phân giải thấp nhỉ? Từ khi xài đt 2k, nhìn lại full hd thấy mờ và xấu quá"
0,"Còn hơn bọn HP nóng, sạc nhanh hỏng, bảo hành thì thôi rồi !"
0,"6 tháng mùa hè thì thật là khổ khi mang theo cái smartphone, nhất là lúc quần đùi áo phông đi trà đá thì chỉ có vứt nó ở nhà."
1,"Con iPad này dùng mỏng, pin trâu."
0,Mới mua con HP này về mà thấy kém cực kỳ.
1,"Món gỏi cuốn vị sạch sẽ, nước dùng làm rất chất lượng."
1,chờ dòng này ra mòn mỏi...hy vọng đừng làm giá...sắm 1 em thui
1,Với tầm giá này thì Xiaomi là nhanh nhất rồi.
1,"Macbook thiết kế hoàn hảo, chip vô đối."
1,Điện thoại này thật sự mát
0,Sản phẩm hơi nhanh hỏng
1,"Con Samsung này dùng xuất sắc, pin tuyệt vời."
0,"Món mì xào ở quán này chua lè quá, ăn suốt mấy tháng là thấy quá dở."
0,"Mình rất thất vọng với gà rán, topping đắng, đồ ăn khó nuốt."
0,"Món pizza ở quán này đắng quá, ăn suốt mấy tháng là thấy khó nuốt."
0,Máy khá kém
0,Mới ăn thử bún chả ở đây mà thấy mặn cực kỳ.
0,Mới ăn thử bánh mì ở đây mà thấy nhạt cực kỳ.
1,"Món phở vị sạch sẽ, món ăn làm rất béo."
0,"Mình rất thất vọng với mì quảng, topping quá dở, đồ ăn khó nuốt."
1,Thay đổi đột phá về kiểu dáng quá ^_^!
0,"Món kem vị quá kém, không đáng tiền tí nào."
0,"y chang mấy cái của Xiaomi :v mình chỉ thích mấy của của Nokia, trông có vẻ tinh tế hơn (hoặc là mình cuồng Nokia quá )"
0,Với tầm giá này mà Dell yếu vậy là không đáng tiền.
0,"Nokia lởm quá, xài hơn nửa năm là thấy chậm vãi."
0,Dẫn em trai đi ăn bánh mì mà đồng nghiệp chê quá dở quá.
1,"Món trà sữa ở quán này tươi cực kỳ, ăn vài hôm vẫn ghiền."
1,"Mình rất hài lòng với Asus, bàn phím xuất sắc, không nóng máy."
1,sử dụng Điện thoại thấy thật sự hoàn hảo
1,"Món bún bò vị rất ngon, đồ uống làm rất ngon miệng."
1,"đây là chế độ tiết kiệm pin, khi mà đi du lịch chụp hình nhiều, nghe nhạc nhiều, chơi game nhiều, đến chiều thì lại chỉ cần nghe gọi, hạ độ phân giải xuống bằng iphone 6s plus để xử lý nhẹ nhàng tiết kiệm pin là rất hợp lý."
1,Em sài 6s và rất hài lòng với 2g ram nhưng nếu iphone 7 có 10g ram thì e vẫn rất vui vì thời buổi này cái gì nhiều thì càng hot kaka
0,Xấu đau đầu
1,"Mới tậu con AirPods này về, mỏng cực kỳ luôn."
1,"Mình vote cho fly2 vì có chống nước với boomsound và pin trâu, chơi game rất mượt, chơi alphalt 8 mượt hơn cả moto x style, mặc dù x style chíp 808 android thuần google, nhưng màn hình 2k nên gánh ko nổi (đã so sánh với em mình xài moto x style)"
0,Với tầm giá này mà HP đơ vậy là không đáng tiền.
1,"Món cơm tấm ở quán này vừa miệng cực kỳ, ăn cả tuần vẫn ghiền."
1,"Món gà rán ngon hết sẩy, gia vị thơm."
0,Mua iPad về dùng thử mà thấy kém quá.
1,"Mình rất hài lòng với Asus, cảm ứng ngon lành, tuyệt vời."
0,"từ thời nào nữa mà còn pin 2300 hả sony ơi,ss 6tr thôi là cũng có cục pin 3300 rồi"
0,"Mình rất thất vọng với trà sữa, phục vụ nhạt, đồ ăn quá ngấy."
0,"Gia vị món mì xào quá khô, ăn không vô."
0,"Món hải sản ở quán này nhạt quá, ăn mấy ngày là thấy mặn chát."
1,Điện thoại này rất xịn
0,"Con Huawei này dùng quá kém, pin chậm vãi."
1,"Mua Xiaomi cho vợ dùng, đồng nghiệp khen sắc nét."
1,"Mới tậu con LG này về, xuất sắc cực kỳ luôn."
0,"Dell thiết kế giật, cấu hình thì không xài được."
1,"Không có gì để chê ở món sushi này, quá béo."
1,Mình đg xài redmi note 3 đc 4tháng đây. K co j chê ngoài chụp hình ban đêm xấu tệ. Máy chạy nhanh mượt. Màn hình ngon trong tầm giá. Ram 2gh mà con trống 1gh
0,"Con HP này dùng tệ, pin hết pin nhanh."
0,"""BB"" em thay đổi quá nhiều rồi, anh phải quyết định ly dị sau bao năm chung sống với em hic hic  ^"
1,"Món trà sữa vị đặc sắc, đồ ăn làm rất đậm đà."
0,"Lumia 730 rất hay treo, thoát ứng dụng đột ngột, đang bấm số hay bị ẩn mất bàn phím,..."
1,"Không có gì để chê ở món cà phê này, quá cuốn hút."
0,Dẫn con đi ăn phở mà bạn bè chê thiu quá.
0,"Mình rất thất vọng với mì quảng, phục vụ khét, đồ ăn khét lẹt."
0,Mới ăn thử phở ở đây mà thấy chán cực kỳ.
0,Chất lượng ít đẹp
0,Dẫn người yêu đi ăn gà rán mà vợ chê nhạt quá.
0,"Mình rất thất vọng với trà sữa, decor ôi, đồ ăn không đáng tiền."
1,"Dẫn người yêu đi ăn cơm tấm, em gái khen thơm."
1,"Mua Asus cho con dùng, người yêu khen đẹp."
0,"Không thể chấp nhận được món cơm tấm này, quá chán."
1,"Món bánh xèo ngon hết sẩy, gia vị cuốn hút."
1,iPad - sự lựa chọn không bao giờ hối tiếc ^^
1,"Mình rất hài lòng với Surface, vân tay ngon lành, không lỗi lầm."
0,"Còn nào mà mấy nút home, back...ở trong màn hình là cho qua, chẳng đời nào rớ tới, trải nghiệm thử đã bực mình nói chi mua xài"
0,Mua Nokia về dùng thử mà thấy loạn quá.
1,"Món bún bò ngon hết sẩy, gia vị đặc sắc."
0,Mới mua con Samsung này về mà thấy xấu cực kỳ.
1,"Mới tậu con Lenovo này về, đáng tiền cực kỳ luôn."
1,"Món vịt quay ngon hết sẩy, gia vị cuốn hút."
1,Sản phẩm này vô cùng tuyệt vời
1,"Không có gì để chê ở món mì quảng này, quá đậm đà."
0,"Món gà rán ở quán này mặn quá, ăn một tháng là thấy không ngon."
1,"Mới ăn thử mì quảng ở đây, vị xuất sắc lắm luôn."
0,Mới mua con HP này về mà thấy chậm cực kỳ.
0,Mới mua con Dell này về mà thấy lag cực kỳ.
0,Thấy mấy bác hô hào mua em ấy nhiều lắm mà sao vẫn ế. Hay vẫn hài lòng với htc m7 giống như iphone 5s thay vì mua 6s.
1,Lên được bình thường. Chạy tốt nha bạn
0,MTB kiểu này thì thà mua laptop có cảm ứng.
0,Mua HP về dùng thử mà thấy chán quá.
1,"Món pizza ở quán này sạch sẽ cực kỳ, ăn cả năm vẫn ghiền."
0,"Con Huawei này dùng tệ, pin quá cùi."
1,"Theo tôi thì so với Mật khẩu Hình ảnh của BlackBerry thì cảm biến vân tay vẫn còn nhiều kẽ hở lắm... chỉ cần bạn ngủ quên, hoặc say xỉn là đủ hiểu. Còn so với cảm biến võng mạc thì nó hay hơn vân tay nhiều đó. Nhắm mắt thì mở trộm bằng răng à."
1,"Món lẩu vị tươi, không gian làm rất tươi."
1,"Mua Realme cho em trai dùng, đồng nghiệp khen sang trọng."
0,Dẫn chồng đi ăn mì quảng mà em gái chê ôi quá.
0,K thích oppo
1,Đẹp chết người luôn
1,"Mới ăn thử sushi ở đây, vị giòn lắm luôn."
0,"Gia vị món cơm tấm quá nhạt, ăn không vô."
0,Dẫn chồng đi ăn sushi mà em trai chê quá dở quá.
0,"Tiếc quá Apple k còn giữ lại bản 16Gb, chứ nếu lập trường kiên định sau này sẽ có ipXX ram 16gb, bộ nhớ 16gb độc nhất vô nhị luôn"
1,Có bàn phím là thích rồi
1,Điện thoại này cực kỳ mượt mà
1,"Mình rất hài lòng với iPad, pin đẹp, không nóng máy."
1,"Mua Surface cho chồng dùng, bạn bè khen xuất sắc."
0,"Món bún chả vị chua, không đáng tiền tí nào."
0,Chất lượng chả hoàn hảo
0,Mua Apple Watch về dùng thử mà thấy chậm quá.
1,"Món gà rán vị ngon tuyệt, topping làm rất sạch sẽ."
0,"Không thể chấp nhận được món vịt quay này, quá chua lè."
1,"Không có gì để chê ở Macbook, quá tuyệt vời."
0,"Gia vị món lẩu quá đắng, ăn không vô."
1,trải nghiệm Máy thấy thật sự đẹp
1,"Nhìn comment ở trên là biết chẳng ai quan tâm điều đó rồi. Hơn nữa 80% ảnh S7e dư sáng thế kia, người ta không bảo con Mobiistar hơn hơi phí."
0,"HP thiết kế giật, wifi thì chậm vãi."
0,Mới mua con Acer này về mà thấy lởm cực kỳ.
1,Sản phẩm này rất êm
0,Giá khá nóng
1,"Dẫn con đi ăn gỏi cuốn, con khen ngon."
1,"Chuẩn, macbook đẹp sợ luôn ^^"
1,công nhận nhanh that.....mà đẹp....mạnh... nhưng k chơi.......
1,Quán này vịt quay là vừa vị nhất rồi.
0,"Realme thiết kế quá chán, hiệu năng thì quá đơ."
0,"Không thể chấp nhận được Lenovo, quá loạn."
0,"Con Asus này dùng xấu, pin giật lag."
0,Mới ăn thử gà rán ở đây mà thấy thiu cực kỳ.
1,"Đẹp, bên trong là công nghệ, bên ngoài vẫn giữ nét cổ điển của 1 chiếc đồng hồ bình thường với nút chỉnh thời gian. Nhiều người chê xấu không biết theo họ như nào là đẹp? Chắc nhìn tí tèo giống Apple watch mới là đẹp với họ."
1,"Không có gì để chê ở món gà rán này, quá giòn."
0,"Mình rất thất vọng với lẩu, decor không tươi, đồ ăn tanh rình."
1,"Mới tậu con Acer này về, hoàn hảo cực kỳ luôn."
0,"Mình rất thất vọng với Dell, wifi kém, hay bị quá cùi."
1,"Con Samsung này dùng đáng tiền, pin mượt."
0,"Mình rất thất vọng với Acer, bộ nhớ yếu, hay bị sụt pin nhanh."
1,"Không có gì để chê ở món lẩu này, quá ngon."
0,Chất lượng không mượt mà
1,Đẹp đó chứ
0,Em thề là về quê em ở Hải Dương sóng còn ko có trong ngày tết cơ. Mạng 3G V - Hãy lướt theo cách của bạn. Còn chậm theo cách của chúng tôi. :D
0,Mới mua con Surface này về mà thấy không ổn cực kỳ.
1,mifh ipad air từ 9.1 lên 9.3.2 vì vợ lỡ tay bấm lên mà ko biết dừng lại. máy chạy ngon hơn 9.1. pin thì mìh thấy có vẻ vẫn thế. đc cái Night Shif hay. vì mìh hay đọc báo buổi tối. nói chung 9.3.2 mìh thấy dc đó
1,"HP nhanh quá, xài một thời gian rồi vẫn rất tốt."
1,"mình xài thìthấy rất tốt, không gặp mấy lỗi như các bác kia nói nhưng có 1 cái là lúc đang xài 1 ứng dụng nào đó mà kéo thanh status bả xuống thì thanh đấy bị chớp chớp    ai biết các khắc phục tư vấn em với"
1,"Món bánh mì ngon hết sẩy, gia vị tươi."
1,"Món gà rán vị ngon, nước chấm làm rất thơm."
1,"Con Dell này dùng cao cấp, pin không nóng máy."
0,"Asus thiết kế nóng, pin thì chán hẳn."
1,"Dẫn bạn bè đi ăn vịt quay, vợ khen đặc sắc."
0,"Dell thiết kế lỗi, hiệu năng thì nhanh tã."
1,"Món bánh xèo vị béo, món ăn làm rất hấp dẫn."
0,Nhìn thua điện thoại tàu
1,Loa này vô cùng mượt mà
0,"Đáng nhẽ đã tốt nếu nó không dở kkk, nên nhớ người tiêu dùng mới thông thái nhất, họ biết cái gì tốt cho họ"
0,"Không thể chấp nhận được Samsung, quá đơ."
0,mình mua S7 Edge rồi. 4 inches quá bé :((
1,"Apple Watch thiết kế nhanh, wifi mạnh."
0,"Mình rất thất vọng với Dell, bộ nhớ không ổn, hay bị không xài được."
0,Camera hơi nóng
0,Từ khi steve jobs chết thì những mẫu Iphone về sau ngày càng tệ. Không có 1 cái gì gọi là đột phá.
0,"Sony yếu quá, xài vài hôm là thấy quá đơ."
1,"Không có gì để chê ở món mì quảng này, quá vừa vị."
1,Máy này khá xịn
1,"Mình rất hài lòng với Asus, hiệu năng tuyệt vời, phê lắm."
1,"Mới tậu con LG này về, đẳng cấp cực kỳ luôn."
0,Với tầm giá này mà Apple Watch không ổn vậy là không đáng tiền.
0,Mới mua con Lenovo này về mà thấy không ổn cực kỳ.
1,"Mình rất hài lòng với Dell, bộ nhớ sang trọng, không nóng máy."
1,"xin lỗi mấy bác nhưng s7 nằm trong thang điểm 87 về camera phone là thang điểm lớn nhất trong thế giới smartphone bay giờ prime ko đủ tuổi t, số f của s7 là 1.7 lớn nhất trong the gioi smartphone luôn thế nên khi phơi đáng ra phải EV-1 mới công bằng ạ xin mấy bác biết sơ sơ về công nghệ khi bt chắc hẵng nói nhá"
0,Mới ăn thử hải sản ở đây mà thấy thiu cực kỳ.
0,"Tôi cũng thích TV samsung, thấy nó tiện ích hơn"
0,"LG thiết kế đơ, hiệu năng thì quá đơ."
1,Quán này nướng là đậm đà nhất rồi.
0,"Nokia thiết kế giật, sạc thì chán hẳn."
1,"Nokia thiết kế tuyệt vời, màn hình mạnh."
0,"Không thể chấp nhận được món cơm tấm này, quá quá tệ."
1,Quán này vịt quay là quá đã nhất rồi.
0,Dẫn em trai đi ăn gỏi cuốn mà con chê khó ăn quá.
0,Điện thoại không bền
1,"Con Asus này dùng ấn tượng, pin không nóng máy."
1,"Con Samsung này dùng mỏng, pin ok lắm."
0,"Món cà phê vị không tươi, không đáng tiền tí nào."
1,Chất lượng này thật sự xuất sắc
1,"Không có gì để chê ở Surface, quá hoàn hảo."
1,Màu sắc qua tuyệt. Mong mod có bài so sanh vs s7 và thử ở điều kiện thiếu sáng cũng như chụp đêm. Thanks
1,"Mua Apple Watch cho vợ dùng, bố khen mỏng."
0,Mới ăn thử cà phê ở đây mà thấy không tươi cực kỳ.
1,"Món gà rán vị rất ngon, topping làm rất giòn."
0,"Con iPad này dùng nặng, pin giật lag."
0,Mua Acer về dùng thử mà thấy loạn quá.
0,Máy tính và đt TQ rất hay bị cài mã độc ko nên mua
0,cái dòng lenovo này được cái pin khỏe thôi còn dùng một thời gian hay bị mất sóng và nhiều lỗi lặt vặt
0,"149 củ khoai,thôi e ăn mì gói tiếp đây :((((((("
1,Loa này khá êm
0,Asus chỉ đc cái mã và trc mắt thôi bạn. Máy dùng 1 năm xuống cấp nghiêm trọng. 1gb ram bộ nhớ 8gb thì update 1 lượt cài 1 game nữa là hết. N
0,"Mình rất thất vọng với Xiaomi, sạc quá chán, hay bị kém quá."
1,Đẹp thế này mà chê xấu. Lúc nào cũng lấy quan điểm đồng hồ cổ điển ra so sánh. Mình thấy ko hợp lý lắm. Nhưng mà cái giá 9 triệu thì có vẻ hơi khó chấp nhận. Với các tính năng của đồng hồ thông minh bây giờ mình nghĩ tầm 4-5 triệu là vừa kể cả apple
0,Sản phẩm khá xấu
0,Mới mua con Macbook này về mà thấy yếu cực kỳ.
0,"Màn hình 6in mà pin 2700mAh, bó tay với thiết kế của Sony."
1,Chất lượng này khá xuất sắc
1,"iPad thiết kế tuyệt vời, loa không lỗi lầm."
1,Với tầm giá này thì iPad là sang trọng nhất rồi.
1,"Con iPhone này dùng tốt, pin không nóng máy."
0,"6.6'làm thành cái MTB luôn đi cho rồi. Ai chứ tui ko ham, 5,5"" đã thấy quá khổ rồi."
0,Dẫn đồng nghiệp đi ăn nem cuốn mà em gái chê mặn quá.
1,"Realme thiết kế xuất sắc, cấu hình dùng rất sướng."
0,"Không thể chấp nhận được món vịt quay này, quá chán."
1,"Mới tậu con AirPods này về, phù hợp cực kỳ luôn."
0,Dẫn con đi ăn nướng mà người yêu chê khó ăn quá.
0,"xấu không tả nổi, hết nghĩ ra được mẫu để thiết kế rồi."
1,Điện thoại này rất xuất sắc
0,"Món bánh xèo ở quán này quá tệ quá, ăn vài tháng là thấy rất chán."
1,"Món nướng vị thơm, topping làm rất hấp dẫn."
0,Nhin vo bao ve ma thay ớn
1,"Sony thiết kế ngon lành, cấu hình vô đối."
1,Loa này vô cùng ngon
0,"Món mì xào vị dở, không đáng tiền tí nào."
1,"Món sushi ở quán này quá đã cực kỳ, ăn vài hôm vẫn ghiền."
1,"Món kem ở quán này vừa miệng cực kỳ, ăn vài tháng vẫn ghiền."
0,"Con Lenovo này dùng yếu, pin vô dụng."
0,Trên đời này bộ hết màu rồi hay sao?
0,Oppo là hãng điện thoại nào mà giá trên trời vậy nhỉ.
1,"Món nướng vị rất ngon, đồ uống làm rất sạch sẽ."
0,Mới mua con Lenovo này về mà thấy kém cực kỳ.
1,"Dẫn vợ đi ăn trà sữa, bố khen ngon tuyệt."
0,"Gia vị món cà phê quá nhạt, ăn không vô."
1,"Mua Xiaomi cho đồng nghiệp dùng, con khen ngon lành."
0,"Không thể chấp nhận được món vịt quay này, quá ôi."
1,"Không có gì để chê ở món lẩu này, quá thơm."
0,"Món mì quảng vị ôi, không đáng tiền tí nào."
0,Mới ăn thử gỏi cuốn ở đây mà thấy khó ăn cực kỳ.
1,Màn hình này hoàn toàn xịn
1,Quán này vịt quay là đậm đà nhất rồi.
1,"Món nem cuốn ngon hết sẩy, gia vị hấp dẫn."
0,"Không thể chấp nhận được món mì quảng này, quá chán."
1,Thiết kế máy đẹp. mong chờ để được dùng thử.
0,Mới ăn thử hải sản ở đây mà thấy ngấy cực kỳ.
1,"Món kem ngon hết sẩy, gia vị sạch sẽ."
1,"Mua Acer cho vợ dùng, bố khen nhẹ."
1,Thiết kế này vô cùng tuyệt vời
1,"Không có gì để chê ở món kem này, quá cuốn hút."
0,"Gia vị món hải sản quá khét, ăn không vô."
1,Màu xanh Coral đẹp quá !
1,"mình ko thất vọng chút nào, thật tuyệt vời iphone 7!! chỉ đứng sau sangsung s7 thui ahjhj"
1,"Món sushi ngon hết sẩy, gia vị rất ngon."
1,"Mình rất hài lòng với Xiaomi, sạc đẳng cấp, hoạt động tốt."
0,"Macbook bình thường quá, xài vài tháng là thấy loạn cảm ứng."
0,"Gia vị món cơm tấm quá quá tệ, ăn không vô."
0,"Không thể chấp nhận được Apple Watch, quá yếu."
1,Chất lượng này cực kỳ tốt
1,"Không có gì để chê ở Oppo, quá cao cấp."
1,Nhìn yêu nhỉ. Chắc phải thử em này
1,"Món lẩu vị thơm, nước chấm làm rất xuất sắc."
0,"Con Asus này dùng quá chán, pin quá chán."
1,"Dẫn bố đi ăn lẩu, mẹ khen quá đã."
0,"Acer thiết kế bình thường, hệ điều hành thì sụt pin nhanh."
1,"Món cà phê vị vừa vị, đồ ăn làm rất thơm."
0,"Gia vị món bún bò quá ngán, ăn không vô."
1,"4s ỏ nhà có 2 con lên rồi có thấy bị j đâu,chạy ngon mà..........."
1,Quán này gà rán là vừa vị nhất rồi.
1,"Đang dùng M7, cũng vẫn ngon, chờ M10 xem thế nào rồi đổi."
1,"Thằng 10 sạc nhanh vãi, pin ngon mà nó dám bảo lởm, có dùng mẹ đâu mà biết. Tôi dùng sạc thường sạc 10 cũng vẫn nhanh nhé, đừng nói đến sạc nhanh đi kèm."
1,"Mình rất thích gà rán ở đây, quán phục vụ sạch sẽ, đồ ăn cuốn hút."
0,"Gia vị món cà phê quá không tươi, ăn không vô."
0,"tôi đã dùng qua,và mua giúp mấy người bạn gần 10 sản phẩm của Asus, thực ra vì tôi bị eo hẹp về kinh tế...thấy rẻ, thì xài thôi nhưng thật công bằng thì Asus kiểu dáng xấu, thô, mau xuống mã, khó chịu nhất là ăn pin khiếp quá..."
1,"Mình rất thích kem ở đây, quán phục vụ quá đã, đồ ăn ngon miệng."
1,Điện thoại này quá êm
0,"Xấu,kém nhưng mọi người tranh nhau mua làm kỉ niệm."
0,Với tầm giá này mà Asus chán vậy là không đáng tiền.
0,"Mình rất thất vọng với LG, loa chán, hay bị loạn cảm ứng."
1,Rất nhanh và mượt mình rất thích
1,Đẹp quá
1,"đẹp như người mẫu ấy, quất thôi...à thôi 50 chai! :("
1,"Không có gì để chê ở Vivo, quá tốt."
0,Dẫn người yêu đi ăn bún bò mà con chê đắng quá.
1,Với tầm giá này thì Asus là bền nhất rồi.
0,"Không thể chấp nhận được Asus, quá quá kém."
1,"Có cái này tiện hẳn luôn , thích nhất là nhiệt độ khi sạc , mát mẻ chứ không như mấy loại khác , đồ xiaomi rẻ nhưng chất"
1,Với tầm giá này thì Apple Watch là mượt mà nhất rồi.
0,"Không thể chấp nhận được món bún chả này, quá tanh."
1,"Asus sắc nét quá, xài cả tuần rồi vẫn không lỗi lầm."
0,Chất lượng chả mượt mà
0,Sản phẩm ít xịn
0,"Không thể chấp nhận được Macbook, quá yếu."
1,"Mình rất hài lòng với Sony, pin nhẹ, trâu."
0,"Mình rất thất vọng với Oppo, pin đơ, hay bị mất sóng."
1,"Mới ăn thử gà rán ở đây, vị cuốn hút lắm luôn."
1,Hồi đó còn đi học mơ một cái v3i mà ăn ngủ k yên. Bây giờ đo làm cũng đủ tiền để tự mua 1 cái khổ nỗi k còn hàng nữa
0,Đang sd 2 con. 950 với 3 phím trong màn hình. Note 5 ngoài màn hình. Mình thề là ngày nào cũng bấm nhầm con 950. Và tức muốn điên người. Nghĩ sao nhét 3 cái nút cơ bản vào màn hình chứ? Đừng thánh nào chỉ là có thể ẩn nó đi nhe vì ai cũng biết điều đó.
1,"Món pizza vị thơm, đồ ăn làm rất ngon."
0,"Đã từng là người sử dụng đồ của GS (Gold Star), LG (Lucky GS), tới nay đã mất hẳn lòng tin với em nó. Một mầu xanh (blue) nền ngập tràn và giao diện thiếu bao quát thân thiện. Vĩnh biệt GS, Gold Star và LG"
1,"Không có gì để chê ở món pizza này, quá quá đã."
0,"Món gà rán ở quán này chua quá, ăn vài tháng là thấy đắt đỏ."
0,Với tầm giá này mà HP quá kém vậy là không đáng tiền.
0,xấu xấu lắm. ip ra cái gì cũng xâu. nhưng tại sao xấu mà các hãng khác lại học theo vậy.
1,"Món bún bò ngon hết sẩy, gia vị tuyệt vời."
1,xài ngon lành đó bác
1,hiện tại tôi đang dùng Apple nhưng thực sự là tôi quá ấn tượng với con Surface Book Pro này
0,"Không thể chấp nhận được Macbook, quá bình thường."
1,"HP đáng mua nhất, giá vừa phải, hàng đã cải thiện chất lượng khá nhiều. Tránh Asus ra nhé!!!"
0,Dẫn con đi ăn hải sản mà bạn bè chê tanh quá.
0,Dẫn đồng nghiệp đi ăn bún bò mà chồng chê ôi quá.
0,"Con iPad này dùng yếu, pin không đáng tiền."
1,"Mình rất thích pizza ở đây, quán phục vụ chuẩn vị, đồ ăn ngon tuyệt."
1,"Mới tậu con Sony này về, đáng tiền cực kỳ luôn."
0,"Món bánh mì ở quán này chán quá, ăn mấy ngày là thấy khét lẹt."
0,Dẫn bạn bè đi ăn mì xào mà em trai chê khét quá.
0,Thường thi mấy bộ 3 in 1 rất lởm. Nhìn hệ số nhân trên x0.75 là k ham rồi vì biết chất lượng k tốt
1,"minh xem tren mang thay 102 rat dep,mibh thi yeu thich cai nao phong cach 1chut nhung k wa pho bien nhu iphone,minh thich doc doc va dep hj,bua h xai lumia 800 ,n9 prada cung da dep rui,102 con dep hon nua chu"
0,"Gia vị món cơm tấm quá chán, ăn không vô."
1,"Surface mượt mà quá, xài cả năm rồi vẫn ok lắm."
0,Mua Apple Watch về dùng thử mà thấy mờ quá.
1,Với tầm giá này thì Macbook là nhẹ nhất rồi.
1,"Không có gì để chê ở LG, quá nhanh."
0,Máy thật sự yếu
1,Giá quá là ổn trong phân khúc cao cấp nghe nói ở canada được tặng cả camplus vậy là quá ok rồi
1,"Không có gì để chê ở món mì xào này, quá tuyệt vời."
1,"Dẫn người yêu đi ăn bún chả, đồng nghiệp khen béo."
1,"iPhone phù hợp quá, xài cả tuần rồi vẫn vẫn mượt."
1,nhìn rất đẹp nghe rất hay nhưng không có tiền
1,"Không có gì để chê ở món bún bò này, quá chất lượng."
0,"Món bún bò ở quán này khô quá, ăn mấy ngày là thấy khét lẹt."
0,Với tầm giá này mà iPhone lởm vậy là không đáng tiền.
1,Thiết kế này hoàn toàn tốt
0,Mới ăn thử nướng ở đây mà thấy chua lè cực kỳ.
0,"Món trà sữa ở quán này ôi quá, ăn một tháng là thấy nhạt nhẽo."
0,"Dung trên OS chán bo mẹ, chẳng có chức năng gì cả"
0,rung vài lần là hư loa
1,"Mình rất hài lòng với Acer, hệ điều hành nhanh, phê lắm."
0,Cập nhật lạc hậu so với các hđh khác
1,Tuyệt phẩm nhễ
0,Mình dính cái Z2 bị vỡ màn hình và vỡ mặt sau. Khôn hiểu chức năng chống nước kiểu gì mà mới rớt vô nước 1 xíu mà đơ luôn.
0,"Không thể chấp nhận được món phở này, quá đắng."
0,"Samsung thiết kế giật, pin thì quá đơ."
0,"Cá nhân mình không chọn 2 máy này, trống xấu lắm."
0,"nản qá, xài ios k có cái gì ngoài báo thức vs nhận cuộc gọi, zalo facebook tin nhắn, phế hết"
0,Camera thật sự lag
0,"Xài 3 năm rồi bỏ, buồn cho hàng điện tử."
0,"Gia vị món hải sản quá quá kém, ăn không vô."
1,"Mới tậu con Realme này về, nhanh cực kỳ luôn."
0,cái chân cắm Lightning EarPods sao to và dài thế. bất tiện khi bỏ túi quần.cắm cả sạc và tai nghe nhiều 1 lỗ sẽ nhanh hỏng chân sạc. lúc đó là 1 nhược điểm.
1,"LG thiết kế cao cấp, loa vô đối."
0,"Mình rất thất vọng với iPad, cấu hình chán, hay bị sụt pin nhanh."
1,"Thần thánh, đại đế, sang chảnh, mượt mà, bảo mật, nâng cấp thường xuyên..."
1,"Mua HP cho mẹ dùng, bạn bè khen ngon lành."
1,"Không có gì để chê ở món cơm tấm này, quá tuyệt vời."
1,"tin vui cho người tiêu dùng có thu nhập trung bình là đây , dung lượng pin là điều tôi thích nhất ở sản phẩm này , phải mua ngay thôi ..."
0,Sản phẩm quá xấu
1,"Dẫn người yêu đi ăn nướng, em trai khen rất ngon."
0,"Món mì xào ở quán này chán quá, ăn cả tuần là thấy dai quá."
0,Sản phẩm ít mát
0,"iPhone bình thường quá, xài một tuần là thấy loạn cảm ứng."
1,"Không có gì để chê ở iPhone, quá sang trọng."
1,Dịch vụ này hoàn toàn tốt
1,"Không có gì để chê ở món trà sữa này, quá sạch sẽ."
1,Chất lượng này cực kỳ ngon
1,"Món mì quảng vị vừa vị, nước dùng làm rất chất lượng."
0,Không biết ông Zen này như nào chứ mấy ông Zen trước thì...đuối như trái chuối.
0,Máy rất yếu
0,"Đag dùg 9.1 nâng lên h chỉ thấy vân tay nhạy hơn, máy nóng hơn, vài thao tác hơi chậm, 1 ngày resrart mấy lần. Pin hao hơn trc. Hối hận quá"
1,Quán này nem cuốn là vừa vị nhất rồi.
1,"Mình rất hài lòng với Macbook, sạc mỏng, rất tốt."
1,"Không có gì để chê ở Oppo, quá hoàn hảo."
0,Sản phẩm cực kỳ lag
1,"Mình rất hài lòng với Vivo, vân tay mỏng, đẹp."
0,Trông như hàng gia công. 1 sản phẩm công nghệ mà không hề có seri trên sản phẩm. Quá lởm
1,"Dẫn chồng đi ăn bún chả, chồng khen ngon tuyệt."
1,"Món hải sản ngon hết sẩy, gia vị cuốn hút."
0,"Con HP này dùng loạn, pin loạn cảm ứng."
1,thấy cũng đẹp..!!!
1,Với tầm giá này thì Xiaomi là xuất sắc nhất rồi.
1,"Thiết kế của Obi nhìn nổi bật thật, trông nổi hơn hẳn mấy con còn lại."
1,Đáng đồng tiền
1,"Món bánh xèo ở quán này xuất sắc cực kỳ, ăn vài tháng vẫn ghiền."
0,"Mình rất thất vọng với Lenovo, bộ nhớ mờ, hay bị mất sóng."
1,Với tầm giá này thì Oppo là đẹp nhất rồi.
1,"Mình rất thích cơm tấm ở đây, quán phục vụ đặc sắc, đồ ăn chuẩn vị."
1,"Mới ăn thử phở ở đây, vị ngon tuyệt lắm luôn."
1,Với tầm giá này thì Apple Watch là nhanh nhất rồi.
1,"Mình up dùng rất ok, ko sao cả"
0,Phiên bản lỗi của của dòng Z. Thất bại rồi.
0,"Mình rất thất vọng với Vivo, wifi giật, hay bị nhanh tã."
0,"Không thể chấp nhận được Apple Watch, quá nặng."
1,"Món bánh xèo ở quán này tươi cực kỳ, ăn vài tháng vẫn ghiền."
1,"Mới ăn thử pizza ở đây, vị sạch sẽ lắm luôn."
1,"Mới tậu con Huawei này về, đẳng cấp cực kỳ luôn."
1,"Món vịt quay ngon hết sẩy, gia vị béo."
1,Quán này sushi là đậm đà nhất rồi.
1,trải nghiệm Chất lượng thấy hoàn toàn bền
0,Mua Vivo về dùng thử mà thấy đơ quá.
0,"Bạn ra chợ nhìn thấy hàng bán táo rất ngon. Bạn rất thèm và muốn ăn nó ngay lập tức. Nhưng muốn ăn thì phải bạn phải mua đã chứ. Bà bán táo biết bạn không thể kìm chế được rồi mới hét 50₫ 1 quả, trong khi bả mua gom ở chợ có 10₫ 1 quả. Hôm sau bạn lại ra chợ. Bạn thấy hàng bán sung. Chả có gì hấp dẫn cả. Sung xanh lè lè ăn vào chát xít. Muốn ăn có khi phải muối, phải ăn kèm. Bà bán sung mời mãi bạn mới chịu vào xem. Thấy vậy bà ý chỉ bán giá rẻ gọi là có tý công lao cất hàng mang ra chợ. Ngon hay không là do người thưởng thức, đâu phải do người mua."
0,"Gia vị món hải sản quá ngán, ăn không vô."
0,Với tầm giá này mà Nokia giật vậy là không đáng tiền.
1,"Món bún chả vị béo, món ăn làm rất chất lượng."
0,"Samsung quá chán quá, xài vài hôm là thấy vô dụng."
1,"Sony thiết kế ổn định, màn hình tuyệt vời."
0,Viền thì mỏng mà viên trên và viền dưới thì siêu dày....nhìn mất cân đối
1,"Không có gì để chê ở Asus, quá nhẹ."
0,Sản phẩm hơi nóng
1,"Mình rất hài lòng với Realme, camera xuất sắc, không lỗi lầm."
0,Mới ăn thử hải sản ở đây mà thấy chua lè cực kỳ.
1,Sau này chỉ dùng vì ios là hệ điều hành ổn định
1,"Mình rất thích trà sữa ở đây, quán phục vụ hấp dẫn, đồ ăn ngon tuyệt."
0,"Mình rất thất vọng với Apple Watch, vân tay mờ, hay bị mất sóng."
1,"Mình rất thích phở ở đây, quán phục vụ sạch sẽ, đồ ăn thơm."
0,Đúng rồi ios thì fw càng cao thì càng lag và chậm.
1,"Vẩn là fan trung thành của HTC từ thời windows phone 6 , vẩn không thể có giao diện nào qua khỏi HTC Sence của HTC"
1,"Samsung mượt mà quá, xài suốt mấy tháng rồi vẫn không nóng máy."
0,"Asus thiết kế đơ, cảm ứng thì chậm vãi."
1,Với tầm giá này thì HP là mượt mà nhất rồi.
1,"Được cái samsung màn hình to vẫn net căng nên xem nó đã, cảm giác chân thật, sống động nữa."
0,Mới ăn thử mì xào ở đây mà thấy mặn cực kỳ.
0,"Mình rất thất vọng với kem, nước dùng ngấy, đồ ăn không ngon."
0,"Không thể chấp nhận được món vịt quay này, quá khô."
1,"Mới ăn thử cơm tấm ở đây, vị tuyệt vời lắm luôn."
1,"Không có gì để chê ở món bún bò này, quá đặc sắc."
1,"Không có gì để chê ở món bún chả này, quá thơm."
0,"Gia vị món hải sản quá chua, ăn không vô."
0,Dẫn đồng nghiệp đi ăn kem mà bạn bè chê quá dở quá.
0,"iPhone thiết kế chán, bàn phím thì sụt pin nhanh."
1,"LG mỏng quá, xài một tháng rồi vẫn ok lắm."
0,Dẫn bố đi ăn phở mà vợ chê nhạt quá.
1,"Mới ăn thử bún chả ở đây, vị tuyệt vời lắm luôn."
0,"Gia vị món nem cuốn quá không tươi, ăn không vô."
1,"Con iPad này dùng ngon lành, pin mượt."
0,"Xiaomi thiết kế chậm, thiết kế thì vô dụng."
1,"Không có gì để chê ở iPad, quá tuyệt vời."
1,Loa này vô cùng êm
0,"zenphone màn hình xấu, nhat màu, pin kém."
0,"Nut nay vo bo, nen them nut back tren man hinh thi tot"
1,"Mình rất hài lòng với Vivo, hệ điều hành bền, nhanh."
0,Camera chưa êm
0,càng ngày càng bầu bầu như đàn bà có bầu
0,"Không thể chấp nhận được món trà sữa này, quá quá tệ."
0,Dẫn em trai đi ăn bún chả mà chồng chê quá dở quá.
0,"Android là hệ điều hành kém cỏi nhất,thua xa windowphone"
0,Mới mua con Sony này về mà thấy yếu cực kỳ.
1,"Không có gì để chê ở HP, quá ổn định."
0,"Không thể chấp nhận được Apple Watch, quá lag."
1,"Mới ăn thử nướng ở đây, vị chuẩn vị lắm luôn."
1,"Dẫn bạn bè đi ăn kem, đồng nghiệp khen ngon."
0,"Món nem cuốn vị ngấy, không đáng tiền tí nào."
1,"Món lẩu ở quán này đậm đà cực kỳ, ăn hơn nửa năm vẫn ghiền."
0,Chả có con nào đẹp
1,Hay và giá mềm.
0,Classic giá cao quá.
0,"Mình rất thất vọng với iPad, hệ điều hành loạn, hay bị nóng máy."
1,"Note 7 dù RAM ""chỉ"" 4GB thôi thì họ nhà táo sâu cũng phải mê mẩn thèm thuồng đứng nhìn. Các fan của táo xin xách dép cho fan Sam đi là vừa. Nhớ đăng ký sớm để có xuất xách dép sớm nha các fan táo sâu!"
1,Nhìn build ngon ghê
0,"Món pizza vị quá tệ, không đáng tiền tí nào."
1,"Mới ăn thử sushi ở đây, vị tươi lắm luôn."
0,Nhìn cái khớp màn hình là biết chưa đủ đẳng cấp như Apple!?!
1,Gì vậy trời tính đâu chụp với bomphone chứ.. dìm hàng S7 quá rõ mà
0,"Ý tưởng của Iphone đã cạn, chỉ còn độn phần cứng thôi, tiếc thay!"
0,Màn hình chả đỉnh
1,"Mình vẫn dùng D300s thấy nó vẫn tuyệt vời , muốn đẹp ảnh thì nên sắm ống kính mới."
0,"Không thể chấp nhận được Vivo, quá quá tệ."
1,"Con Dell này dùng phù hợp, pin vô đối."
1,Thiết kế này thật sự êm
1,"Mình rất hài lòng với HP, cấu hình đáng tiền, không bị lag."
0,"Mình rất thất vọng với nem cuốn, đồ ăn khét, đồ ăn khô khốc."
1,"Mình rất thích gà rán ở đây, quán phục vụ ngon miệng, đồ ăn béo."
0,Với tầm giá này mà HP giật vậy là không đáng tiền.
0,"Gia vị món pizza quá ôi, ăn không vô."
0,"HP thiết kế không ổn, loa thì chán hẳn."
0,"Mình rất thất vọng với sushi, đồ ăn đắng, đồ ăn nguội ngắt."
0,"Con Sony này dùng lag, pin loạn cảm ứng."
0,Dẫn chồng đi ăn bánh mì mà em trai chê ngấy quá.
0,"Con Sony này dùng tệ, pin giật lag."
1,"Không biết các bạn thấy sao, đối với Zenfone, Zenfone 3 là một đột phá mới cho dòng smartphone của hãng rồi, mọi người đơn giản là đang quen với giá thành thấp của các dòng Zenfone nên khi hãng công bố giá thì phản ứng có vẻ tiêu cực, với cấu hình, hình thức như vậy là giá hợp lý, thậm chỉ là rẻ hơn một chút so với các smartphone của các hãng khác rồi, mình mới mua 1 chiếc SS A3 2016 giá 6,1 tr, nếu so sánh với Zenfone 3 thì từ màn hình, cấu hình đều không bằng Zenfone 3. Còn vấn đề máy lỗi thì không thể tránh khỏi được, không phải chỉ smartphone của ASUS đều bị, Iphone, Galaxy, Sony Z đều có, mình từng dùng song song Sony Z3 và Zenfone 5, trong khi ZF5 dùng hơn 2 năm vẫn mượt mà thì Z3 phải đi bảo hành 2 lần vì lỗi loa và cảm ứng rồi. Tóm lại với tầm giá như vậy thì Zen3 là lựa chọn tốt."
1,"Mình rất hài lòng với HP, loa xuất sắc, rất tốt."
0,Mua Sony về dùng thử mà thấy yếu quá.
0,"Thank ....Có những người như bác thảm nào anh em đam mê công nghệ ko được dùng với dung giá . Nhiều bạn mang về unlock + up room mà bán chưa đến 4M , bác ship về mà giá đó . Con 102p này bên đó nếu mua tính cả thuế chưa đến 2m , nhận ship về thì cùng lắm là .....??? 4,2m thì quá đắt"
1,"Chúc Xiaomi lớn mạnh luôn !!! Xài Xiaomi sướng tay hơn !!!<br type=""_moz"" />"
0,Dẫn mẹ đi ăn mì quảng mà em trai chê khó ăn quá.
1,"Mình rất hài lòng với Samsung, pin mạnh, ok lắm."
0,Mới mua con iPad này về mà thấy nặng cực kỳ.
1,"Mua Sony cho bố dùng, bạn bè khen mỏng."
1,"Sony thiết kế nhanh, hệ điều hành hoạt động tốt."
1,"Món phở ở quán này thơm cực kỳ, ăn cả tuần vẫn ghiền."
0,"Surface thiết kế quá chán, hệ điều hành thì kém quá."
0,Bền thì tôi chắc chắn là không rồi
1,"Sao mình thấy chất lượng bảo hành bên này tốt mà, tới là được chào đón rất tốt. Mà bảo hành cũng rất nhanh đâu như bác nói đâu nhỉ."
1,Quán này pizza là chuẩn vị nhất rồi.
1,"Vẫn đang dung Note 3, bao nhiêu năm vẫn chạy tốt."
0,"Mình rất thất vọng với Dell, wifi kém, hay bị không đáng tiền."
1,"Mua Apple Watch cho bố dùng, em gái khen mạnh."
0,Dẫn chồng đi ăn nem cuốn mà em trai chê khô quá.
0,"Nokia nóng quá, xài cả năm là thấy kém quá."
0,Mua Oppo về dùng thử mà thấy kém quá.
1,"cái này đc đấy, mình thích đồ chính hãng."
1,"Không có gì để chê ở món phở này, quá vừa vị."
1,"Oppo thiết kế mạnh, chip ổn định."
1,"mua ngay mua ngay mình từng dùng miband 1, sau đó mua 1s vẫn ko hài lòng vì không có đồng hồ mua gear fit nhưng ko hài lòng vì pin kém mua i5 plus không hài lòng vì chất lượng kém (bị vô nước khi trời mưa) mua omron pedometer nhưng không hài lòng vì nó không đeo tay được mua một số máy android cài gg fit nhưng ko hài lòng phải dùng thêm 1 máy miband 2 có vẻ là lựa chọn ổn nhất, sẽ mua ngay khi về vn với giá ko bị đội: pin tốt, giá tốt, gọn nhẹ, có đồng hồ, chống nước ip67 quá ngon. thiết kế trông không cứng cáp như miban 1 vỏ nhôm thôi"
0,Mua Macbook về dùng thử mà thấy không ổn quá.
1,"Không có gì để chê ở món pizza này, quá đậm đà."
1,"Không có gì để chê ở món mì xào này, quá tươi."
1,"Dẫn bạn bè đi ăn gà rán, đồng nghiệp khen tươi."
0,Thiết kế rất cùi
0,Với tầm giá này mà Dell mờ vậy là không đáng tiền.
0,Dẫn bạn bè đi ăn bánh mì mà đồng nghiệp chê khét quá.
0,"Mình rất thất vọng với phở, topping khó ăn, đồ ăn đắt đỏ."
1,Em được người thân cho con chuột lazer Logitech xài 5 năm rùi chưa hư mà ko rõ hiệu gì. Search trên mạng thì hình giống con M505 nhưng mà cục gắn vào máy tính thì của em nó bự hơn y như USB vậy. Và dùng pin tiểu AAA chứ ko phải AA như mấy trang Viet Nam hay rao.
1,Với tầm giá này thì Huawei là ấn tượng nhất rồi.
1,"Cấu hình cao thế được xếp vào điện thoại tầm trung rồi sao giá lại rẻ kinh khủng thế, không biết có lọt được về VN không nhỉ!"
0,Quá đắt và quá xấu!
1,Ngon.
1,"Rẻ quá, đợi bán ra đập liền"
0,"AirPods thiết kế quá kém, bộ nhớ thì quá cùi."
1,"Không có gì để chê ở món hải sản này, quá giòn."
1,"Không rành về hình lắm , nhưng thấy màu của fuji đẹp hơn, thật hơn. Sony có vẻ cân bằng trắng qúa, mát đi độ thật của nưoc ảnh nếu duoc chon thi e chon fuji"
0,"Thiết kế mà tinh tế nỗi gì, dẹp dí dài ngoẳng như dép lào. Icon thì xổ hết ra nên muốn để trống màn hình cũng chịu. Ios càng ngày càng rườm rà. SS LG thì tiến lên, IP thì thụt lùi."
0,"Con iPhone này dùng chán, pin sụt pin nhanh."
0,"Mình rất thất vọng với Oppo, chip lởm, hay bị hết pin nhanh."
0,Quán này đồ ăn tanh vậy là không đáng tiền.
0,"Xiaomi giật quá, xài một tháng là thấy mất sóng."
1,"Hàng này ngon, dùng sạc đc bét nhè"
0,"Sony thiết kế nóng, vân tay thì không đáng tiền."
0,"Món trà sữa ở quán này khét quá, ăn một tuần là thấy ôi thiu."
1,mình dùng con 150 củ có mạ vàng cực đẹp phải nói là rất rất đẳng cấp
0,"Món pizza ở quán này quá kém quá, ăn vài tháng là thấy không ngon."
0,Mới ăn thử phở ở đây mà thấy tanh cực kỳ.
1,Quán này sushi là tươi nhất rồi.
0,"Gia vị món trà sữa quá quá tệ, ăn không vô."
0,"Món cơm tấm vị quá dở, không đáng tiền tí nào."
1,"Mới tậu con Macbook này về, hoàn hảo cực kỳ luôn."
1,Máy này vô cùng mượt mà
1,"Không có gì để chê ở Apple Watch, quá đẹp."
0,Đặt ra giá này ế là cái chắc
1,"Mới ăn thử sushi ở đây, vị quá đã lắm luôn."
0,"Con Vivo này dùng tệ, pin hết pin nhanh."
1,"Mới tậu con Oppo này về, hoàn hảo cực kỳ luôn."
1,"Không có gì để chê ở AirPods, quá xuất sắc."
0,dang lo ngai con cpu 820 lam hao pin va nong may
1,"Dẫn mẹ đi ăn lẩu, mẹ khen ngon miệng."
0,"Mình rất thất vọng với nem cuốn, nước dùng chua lè, đồ ăn dai quá."
0,"Mình rất thất vọng với hải sản, không gian khô, đồ ăn khô khốc."
1,"Món bánh xèo ở quán này xuất sắc cực kỳ, ăn cả năm vẫn ghiền."
0,"Gia vị món nướng quá ngán, ăn không vô."
1,Quán này trà sữa là đặc sắc nhất rồi.
1,"Món trà sữa ngon hết sẩy, gia vị chất lượng."
0,"Mình rất thất vọng với Nokia, hiệu năng quá tệ, hay bị mất sóng."
0,"thôi ráng thêm tí hoặc chờ giảm giá mua Zenfone 3 còn ngon hơn, đc cái camera trước làm cao vậy chứ chụp chưa biết thế nào, cam sau thì luôn cùi, màn hình kém."
1,Ipad là vô đối. 1 ifan cho biết. :)))
1,Sản phẩm này rất ngon
0,Mới ăn thử bánh mì ở đây mà thấy khô cực kỳ.
1,Ghê thế nếu đúng là thật thì sam gặp đối thủ rồi.
1,"Mình rất hài lòng với Huawei, bộ nhớ ấn tượng, tốt."
0,"Món pizza vị dở, không đáng tiền tí nào."
1,"Mình rất hài lòng với iPhone, hệ điều hành tốt, ok lắm."
1,"Mình rất hài lòng với iPhone, sạc nhẹ, ok lắm."
0,"Con Macbook này dùng lỗi, pin chậm vãi."
0,"Con Realme này dùng chán, pin quá chán."
1,"Dẫn vợ đi ăn nướng, con khen vừa vị."
0,"Realme nóng quá, xài cả tuần là thấy loạn cảm ứng."
0,"Acer quá tệ quá, xài cả tuần là thấy chán hẳn."
0,"HP thiết kế kém, pin thì giật lag."
0,Quán này đồ ăn quá kém vậy là không đáng tiền.
0,"Món phở ở quán này không tươi quá, ăn cả năm là thấy quá ngấy."
0,Iphone7 chỉ thay đổi màu thôi sao..?
1,"Mình rất thích cà phê ở đây, quán phục vụ rất ngon, đồ ăn chuẩn vị."
1,Mình dùng con Logitech 185 có 1 cục pin AA theo chuột mà dùng hoài ko thấy hết pin
1,"Món pizza ngon hết sẩy, gia vị rất ngon."
1,Quán này phở là cuốn hút nhất rồi.
0,"Món lẩu vị khét, không đáng tiền tí nào."
0,"Con Nokia này dùng không ổn, pin rất tệ."
0,iphone đã cạn ý tưởng rồi.
1,"Quá ngon, xứng đáng với tầm giá. Đập chết Note 7."
1,"Asus thiết kế đẳng cấp, chip không lỗi lầm."
0,"Gia vị món phở quá ngấy, ăn không vô."
1,"Huawei hoàn hảo quá, xài một tuần rồi vẫn không nóng máy."
0,Mua Oppo về dùng thử mà thấy giật quá.
0,"Hàng Tq thì vĩnh biệt, 16MB tq giống như xe máy: con dream tq cũng 110cc, hơn nữa, chưa kể phần mềm độc hại..."
1,"Không có gì để chê ở món nem cuốn này, quá tuyệt vời."
1,"Mua Surface cho bố dùng, đồng nghiệp khen tốt."
0,"Mình rất thất vọng với nem cuốn, decor ngán, đồ ăn nguội ngắt."
0,Với tầm giá này mà Sony nóng vậy là không đáng tiền.
0,"Không thể chấp nhận được món cơm tấm này, quá khét."
0,Mới ăn thử pizza ở đây mà thấy khó ăn cực kỳ.
0,"Không thể chấp nhận được iPhone, quá quá kém."
0,"build 4.04 của mình là 09.0354 chỉ nhận 4,28 gb ổ cứng,ram free khoảng 60-100mb,lỗi sleep khi ở chế độ auto eco,lâu lâu bị đơ phỉa khởi động lại h muốn về 2.3.5 cho lành"
0,"Mình rất thất vọng với Oppo, màn hình giật, hay bị không đáng tiền."
1,"Không có gì để chê ở Asus, quá phù hợp."
1,"Mới tậu con Huawei này về, đẹp cực kỳ luôn."
1,"Món lẩu vị quá đã, đồ uống làm rất xuất sắc."
1,Giá ko thể hợp lý hơn
0,"Con HP này dùng quá tệ, pin rất tệ."
1,Mi note hiện bên TQ vẫn đang cháy hàng thường xuyên b à
0,Mới ăn thử cà phê ở đây mà thấy tanh cực kỳ.
0,"Không có công nghệ IQ giống Anker là vứt rồi. Các bác lưu ý. Toần thanh niên đẹp trai con nhà giàu( iphone 6, plus ....vv) đừng nhìn thấy cái lỗ nào cũng cắm ngay vào. Đừng vì cục pin giá rẻ mà quên cái phone giá đắt."
1,"Con Xiaomi này dùng mượt mà, pin bình thường."
1,Với tầm giá này thì Lenovo là sắc nét nhất rồi.
0,Dẫn bố đi ăn nem cuốn mà bạn bè chê ôi quá.
1,"Món cơm tấm ngon hết sẩy, gia vị tuyệt vời."
1,con DL1 chưa bao giờ thấy.em chỉ dùng qua 2 con là 102p với p-05d thôi.toàn made in japan.nhìn thấy dòng chữ chất lòi . em có mấy con sharp 3d cũng toàn made in japan.hehe
1,"Món gà rán ngon hết sẩy, gia vị rất ngon."
1,iPhone đẹp mừ ! Hợp với con gái tụi mình.
1,"Mới tậu con AirPods này về, sang trọng cực kỳ luôn."
0,"Gia vị món phở quá quá kém, ăn không vô."
0,"Gia vị món lẩu quá ôi, ăn không vô."
1,"Không có gì để chê ở iPhone, quá nhẹ."
1,"Em vẫn trung thành với Lumia928 phiên bản nhà mạng của verizon. E sẽ vãn dùng nó cho đến khi nó ""tắt thở"". Đơn giản là nó phục vụ tốt nhu cầu cơ bản, chụp ảnh, nghe nhạc, lên mạng, check mail của e. Chạy đua công nghệ sẽ không bao giờ dừng , nhưng có một điểm dừng đó là hãy trân trọng và hài lòng với những thiết bị mang lại cho bạn niềm yêu thích và say mê!"
0,"Độ nhạy tối đa 6400iso, 3 hình/giây. Công nghệ của 15 năm trước mà giá trên trời :D"
1,"Con AirPods này dùng nhẹ, pin không lỗi lầm."
0,"giá 600k vẫn hơi to, vỏ case mod được"
1,"Con Nokia này dùng sắc nét, pin đẹp."
0,"Asus nóng quá, xài vài tháng là thấy lag lòi."
0,Thiết kế cực kỳ yếu
1,"Không có gì để chê ở Oppo, quá ổn định."
0,"Mình rất thất vọng với cơm tấm, nước dùng khét, đồ ăn không đáng tiền."
0,"Mình rất thất vọng với Acer, hệ điều hành xấu, hay bị quá chán."
1,nhìn hấp dẫn quá đi
0,"Mình rất thất vọng với HP, cảm ứng đơ, hay bị kém quá."
0,"Món lẩu vị quá tệ, không đáng tiền tí nào."
0,điên rồ
0,"Huawei thiết kế quá kém, pin thì nóng máy."
1,Với tầm giá này thì iPhone là tốt nhất rồi.
0,Tôi phải công nhận anh chrome này ngốn ram kinh điển
1,"Mua Xiaomi cho người yêu dùng, mẹ khen mượt mà."
0,"Mong là note 7 có thiết kế nhìn khác lạ hơn so với hình phía trên , như thế giống đúc với note 5 rồi còn gì"
1,"Mua Asus cho bố dùng, bạn bè khen hoàn hảo."
0,"Món nướng vị ngán, không đáng tiền tí nào."
0,"Con Surface này dùng tệ, pin rất tệ."
1,Camera này khá mát
0,"Món bún chả ở quán này khô quá, ăn cả năm là thấy quá ngấy."
0,Với tầm giá này mà LG xấu vậy là không đáng tiền.
1,"Mới tậu con Samsung này về, tuyệt vời cực kỳ luôn."
0,"Không thể chấp nhận được món nem cuốn này, quá khó ăn."
0,Mới mua con Asus này về mà thấy quá tệ cực kỳ.
0,"Samsung thiết kế mờ, bộ nhớ thì quá đơ."
0,"Mình rất thất vọng với HP, chip quá tệ, hay bị không đáng tiền."
0,"Vâng, Apple đã giải quyết xong nguy cơ dùng sạc đểu vừa sạc vừa nghe nhạc bị điện giật. Và tôi xin phép không dùng iphone 7 vì mấy cái tai nghe của tôi ko cắm đc vào cổng lightning :D."
1,Ngon đấy mà mình không có lúa để mua
1,"Dẫn bạn bè đi ăn kem, em gái khen béo."
0,Pin rất tệ
1,"Không có gì để chê ở món lẩu này, quá vừa miệng."
1,"Mình rất hài lòng với Xiaomi, vân tay mỏng, bình thường."
0,Mới mua con Macbook này về mà thấy đơ cực kỳ.
0,Mới ăn thử cà phê ở đây mà thấy ôi cực kỳ.
1,Loa này khá hoàn hảo
1,"Không có gì để chê ở món nướng này, quá ngon miệng."
0,Điện thoại ít đẹp
0,"Món gỏi cuốn vị mặn, không đáng tiền tí nào."
1,"Mình rất hài lòng với Huawei, wifi đẳng cấp, ổn định."
0,"Facebook, YouTube không chính chủ... Còn nhiều nữa nhưng chỉ kể 2 cái đó thôi là đủ biết winphone nghèo thế nào rồi"
0,"Mình rất thất vọng với iPad, chip yếu, hay bị không xài được."
1,Màu đẹp quá ! Mong Bphone2 ra màu này cho mình để mình mua với rẻ hơn Iphone 7 nhưng chất lượng lại tốt hơn Iphone 7 !
0,"Mình rất thất vọng với cà phê, topping không tươi, đồ ăn ôi thiu."
1,"Món mì xào ở quán này chuẩn vị cực kỳ, ăn một thời gian vẫn ghiền."
0,Mới ăn thử bún chả ở đây mà thấy nguội ngắt cực kỳ.
1,"Mới tậu con Sony này về, mượt mà cực kỳ luôn."
1,Cho em xin cái giá. Nhìn đẹp quá chịu không nổi
0,Con Anywhere 1 mình dùng bị double click cũng 3 lần rồi... chán lắm
1,"Kết em 34"" 21:9 quá nhưng chưa đủ lúa, phim với game thì thôi rồi, hết muốn nhìn lại đám 16:9 luôn"
0,"Món lẩu ở quán này chua quá, ăn một tuần là thấy khô khốc."
1,để cho các bạn thắc mắc về bộ nhớ và ram.lên 4.0.4 có bản của p-04d dùng sóng mạng và bộ nhớ rất ổn.pin lâu.và do kernel là của docomo nên nghe nhạc rất bé.còn lên 4.0.4 của dl1 thì chỉ 8gb bộ nhớ thực dùng 4.2gb.nhưng nghe nhạc to do là bản quốc tế.ram thì 2 bản mình thấy như nhau nhưng app nhật ở bản p-04d chưa disable hết nên tốn ram hơn tẹo.ai dùng bản dl1 để ý thấy lúc ta tăng volume quá max(max đúng bằng max của bản p-04d) nó hiện thông báo volume breaker đó.cái này mà mang sang bản rom của p-04d thì con này hoàn thiện.nếu bạn nào muốn có cơ may root và hỗ trợ(không dám nói là nhiều hơn nhưng tìm được nhiều thông tin hơn) thì nên để bản dl1 và chờ đợi.mọi hiện tượng sóng sánh và lỗi mình nghĩ chỉ do rom thôi nhé.
0,"Nó còn tự cho nó cái danh hiệu camera phôn mới ghê chứ. Vậy mới thấy người tiêu dùng việt nam thông minh đến mức nào, và kg phải cứ bán được nhiều đt là sp đó tốt nhất"
0,"Con Dell này dùng bình thường, pin kém quá."
1,Quán này phở là rất ngon nhất rồi.
0,Đừng mua J7.Am thanh thì nhỏ. Sóng rất yếu bị mất sóng hoài
1,Sản phẩm này rất mượt mà
0,"màn hình to quá mà giá mắc quá, cứ làm con HTC 10 mini 4,5 inch giá phải chăng mình mua ngay"
0,"Con Acer này dùng loạn, pin mất sóng."
1,Giá rẻ mà lại có hệ điều hành riêng mạnh và mượt hơn android thì chắc đột phá mới.
1,"Món mì quảng ở quán này sạch sẽ cực kỳ, ăn một tháng vẫn ghiền."
1,"Mình rất hài lòng với Macbook, hệ điều hành mượt mà, mạnh."
0,"Mình rất thất vọng với bánh mì, gia vị chua, đồ ăn quá dở."
0,Mới ăn thử cà phê ở đây mà thấy nguội ngắt cực kỳ.
1,"Xiaomi bền quá, xài vài hôm rồi vẫn không lỗi lầm."
1,"Không có gì để chê ở LG, quá cao cấp."
0,Với tầm giá này mà iPhone nóng vậy là không đáng tiền.
0,"Món nướng vị quá tệ, không đáng tiền tí nào."
0,Mới ăn thử hải sản ở đây mà thấy ôi cực kỳ.
1,"Dẫn vợ đi ăn mì quảng, người yêu khen đặc sắc."
0,"Món bún bò vị dở, không đáng tiền tí nào."
1,"Món vịt quay ở quán này sạch sẽ cực kỳ, ăn vài hôm vẫn ghiền."
1,Camera này rất ngon
1,Với tầm giá này thì Nokia là đẳng cấp nhất rồi.
1,Quán này trà sữa là xuất sắc nhất rồi.
1,xài Pin thấy hoàn toàn mát
0,"Sony thiết kế lag, thiết kế thì lag lòi."
1,"Thật ra là xài Fuji + Canon lâu quá, sang 6300, thấy không ổn sang Nikon 750. Rồi vòng về Fuji xpro 2. Fuji là ổn nhất cho chất lượng ảnh và ống kính cùng tầm tiền."
0,"Gia vị món trà sữa quá nhạt, ăn không vô."
1,"Không có gì để chê ở AirPods, quá hoàn hảo."
0,"Không thể chấp nhận được món hải sản này, quá dở."
0,Sao em S7E chụp ảnh như sương sớm mai HN vậy? Siêu phẩm chụp chọt thế nào mà thua cả em Mobitsar hả trời... Đúng là Sam chỉ được cái quảng cáo lừa phĩnh là giỏi
0,"Tôi dùng Toshiba Portge R705 từ 2010 mà cấu hình vẫn cao hơn con Toshiba ở trên, có lẽ Toshiba vào VN kém hơn so với vào EU, US?"
1,"Xiaomi 4 thì tuyệt rồi, pin vô đối luôn."
0,Mới mua con Sony này về mà thấy tệ cực kỳ.
1,"Mình rất hài lòng với iPad, camera mượt mà, vẫn mượt."
1,Thường màu trắng bị ám vàng. Mình test mấy chỗ bị ám vàng hết. Màu xanh ít hơn. Các bác nên mang 1 con đt k bị ám vàng đi so sánh nhé. Ám vàng khó chịu lắm. E dùng được tuần rùi chưa thấy hiện tượng gì. Sóng sánh rất ok. E k dùng 3g nên k dám phán nhưng wifi ổn. Lướt vivu. Có điều cam chụp buổi tối nó cứ sao ấy. Có vệt như áo caro ấy. Còn chụp ban ngày thì ok. Máy đẹp. Vừa tay. Bác nào mua muốn dùng ổn định tốt nhất nên cài room gốc 4.4. Root cài tiếng việt. Xóa app thừa là ok. Hoặc dùng room sphinx của bác hoangnova. room gốc chỉ fix lỗi. K sửa gì. Rất ok Lưu ý các bác mua test kỹ nhé. Thật kỹ vào. Khoảng 1 tiếng là ok. Giờ máy j có 2 loại. 1 là sc02f của hàn và n075t của anh đài. Các bác bấm *#12580*369# kiểm tra nhé. Nếu nó là n075t thì cho next lun. Còn 02f hẵng test. Chút kinh nghiệm cho các bác
1,mình cũng dùng 5s vừa lên 9.3.2 thấy dùng vẫn mượt mà
1,Dep qua
0,"Không thể chấp nhận được Surface, quá nóng."
0,"iPad thiết kế mờ, sạc thì chán hẳn."
1,"Món cà phê ngon hết sẩy, gia vị chất lượng."
0,"Mình rất thất vọng với Vivo, wifi chậm, hay bị nóng máy."
1,"Con Apple Watch này dùng cao cấp, pin vẫn mượt."
0,Hãy so sánh với XPS 13. Con này ko có cửa
0,Màu xanh của note7 đây mà
1,Máy này hoàn toàn bền
1,"Mới tậu con Acer này về, sang trọng cực kỳ luôn."
1,Quán này vịt quay là vừa miệng nhất rồi.
0,"Mình rất thất vọng với gà rán, đồ ăn chua, đồ ăn dai quá."
0,"Không thể chấp nhận được Vivo, quá bình thường."
1,Sản phẩm này khá hoàn hảo
1,"Không có gì để chê ở AirPods, quá sang trọng."
0,"Mình rất thất vọng với Samsung, wifi nóng, hay bị yếu xìu."
0,Mới mua con Surface này về mà thấy nóng cực kỳ.
1,Với tầm giá này thì Surface là đẹp nhất rồi.
1,"Mua LG cho bạn bè dùng, vợ khen mượt mà."
1,"Không có gì để chê ở iPad, quá đẹp."
1,"Samsung đẹp quá, xài cả năm rồi vẫn vô đối."
1,"Muốn chắc vừa tầm tiền mua HTC M8 ,M9 ,E9 sd thấy quá đã và xứng đáng với đồng tiền bỏ ra !"
1,Với tầm giá này thì iPhone là ổn định nhất rồi.
1,"Mới tậu con Nokia này về, sắc nét cực kỳ luôn."
0,"Món trà sữa vị nhạt, không đáng tiền tí nào."
0,"Món lẩu ở quán này khô quá, ăn hơn nửa năm là thấy mất vệ sinh."
1,Với tầm giá này thì iPad là mỏng nhất rồi.
0,Dẫn vợ đi ăn cơm tấm mà bố chê quá tệ quá.
0,Điện thoại chưa tuyệt vời
0,"Con HP này dùng yếu, pin hay bị lỗi."
0,"Không thể chấp nhận được Oppo, quá xấu."
1,"con này là máy dùng cho công việc, quá chuẩn rồi. cấu hình chuẩn của nó là i5 ram 8 ssd 256 giá tầm 1200 USD. thích max cấu hình thì i7 ram 16 ssd 1t 2700 USD. chiến thôi."
1,trải nghiệm Pin thấy rất ngon
1,"Vivo đẳng cấp quá, xài cả tuần rồi vẫn mạnh."
0,"Macbook nóng quá, xài một thời gian là thấy yếu xìu."
0,"Món trà sữa vị ngấy, không đáng tiền tí nào."
0,"Test khả năng lấy nét liên tục mà chụp 05 tấm xe chạy ngang vậy là không được rồi, d.o.f của camera Zenfone 3 trong hình thử quá dày, zoom vô xe taxi thì khả năng đủ nét là quá dễ. Anh nghỉ không xài chức năng lấy nét liên tục vẫn cho ra kết quả như vậy. Em nên chụp vô xe chạy ngang mà gần người em mới thấy được hiệu quả."
1,"Mới ăn thử nem cuốn ở đây, vị tươi lắm luôn."
1,Có vẻ chất đây!
0,"Mình rất thất vọng với vịt quay, món ăn quá dở, đồ ăn không nuốt nổi."
0,"Món phở ở quán này ngán quá, ăn một tháng là thấy dai quá."
0,"Mình rất thất vọng với bánh mì, không gian khô, đồ ăn khô khốc."
0,"Không thể chấp nhận được món bánh mì này, quá ngấy."
1,"Món nướng ngon hết sẩy, gia vị quá đã."
0,Thiết kế thật sự chán
1,Ngon bổ rẻ
0,Mới ăn thử pizza ở đây mà thấy chán cực kỳ.
1,"Oppo sắc nét quá, xài cả tuần rồi vẫn tuyệt vời."
1,"Đã dùng qua 5 đời note, bút cực tiện cho việc ghi chú, share thông tin."
0,"đang định lên con aiphone 7 mà nghe quảng cáo thiếu nhiều thứ quá chắc không mua, tưởng dùng camera kép, tưởng dùng dual pixel, tưởng dùng flash kép, tưởng bỏ home vậy lý, tưởng nhiều thứ nữa, vậy mà giá trên trời, hjc hjc"
0,Mới mua con Realme này về mà thấy nặng cực kỳ.
1,"Dẫn đồng nghiệp đi ăn bún bò, vợ khen hấp dẫn."
0,"HP thiết kế chán, cảm ứng thì nhanh tã."
1,Tuyet vời. Có thể mua ỡ đâu ạ.
1,"Món cà phê ở quán này chất lượng cực kỳ, ăn cả tuần vẫn ghiền."
1,"Không có gì để chê ở món bún bò này, quá chuẩn vị."
0,Thiết kế chả xuất sắc
0,"Món nem cuốn ở quán này quá tệ quá, ăn suốt mấy tháng là thấy quá ngấy."
1,"Mới tậu con HP này về, tốt cực kỳ luôn."
1,"Mình rất thích nem cuốn ở đây, quán phục vụ giòn, đồ ăn xuất sắc."
0,Dẫn người yêu đi ăn bún bò mà vợ chê nguội ngắt quá.
1,"Dẫn bố đi ăn mì xào, em gái khen rất ngon."
0,Với tầm giá này mà iPad lởm vậy là không đáng tiền.
1,"iPad thiết kế phù hợp, bàn phím vô đối."
0,"Mình rất thất vọng với vịt quay, đồ uống dở, đồ ăn chán phèo."
0,"iPhone chậm quá, xài vài tháng là thấy quá đơ."
0,Mới mua con Macbook này về mà thấy lag cực kỳ.
0,Mua Vivo về dùng thử mà thấy quá kém quá.
1,"Mua Huawei cho em gái dùng, bố khen phù hợp."
1,"Mới tậu con Xiaomi này về, xuất sắc cực kỳ luôn."
0,"Mình rất thất vọng với iPhone, chip yếu, hay bị không xài được."
1,"Mình rất hài lòng với Oppo, hệ điều hành ấn tượng, mạnh."
0,"Món bún bò vị thiu, không đáng tiền tí nào."
1,"Mới tậu con Huawei này về, mỏng cực kỳ luôn."
1,Quá tuyệt vời samsung. Dùng cái đám tab của apple giờ thấy vô dụng quá. Mua về để mỗi chơi game vs xem phim. Còn để làm việc thật sự chả ai lại dùng 1 cái hdh di động cả :) con ipad pro thật sự chả có gì ấn tượng ngoài nó là 1 con ip 6s phóng to :)
1,Mình thích iphone với tai nghe không dây đỡ vướng víu
1,"Không có gì để chê ở món phở này, quá vừa miệng."
0,"Tôi thấy ám vàng là 1, xử lý màu da người quá tệ là 2 nên ko bao giờ thích chất ảnh của đám lumia. Chụp phong cảnh thì được."
0,"Không thể chấp nhận được Oppo, quá quá chán."
0,"mình mới mua được 3 hôm cũng cùng ý kiến như bạn, không hài lòng về pin"
1,"iPhone thiết kế sắc nét, cấu hình mạnh."
0,"Con Macbook này dùng chậm, pin yếu xìu."
1,"Mới ăn thử phở ở đây, vị ngon lắm luôn."
0,Mua AirPods về dùng thử mà thấy tệ quá.
1,"Mình rất thích kem ở đây, quán phục vụ quá đã, đồ ăn giòn."
0,"Gia vị món sushi quá nguội ngắt, ăn không vô."
1,chụp đẹp quá!
1,tôi vẫn yêu wp... đơn giản vì nó là đứa con của bác nô...
1,"Mình rất hài lòng với Surface, loa tuyệt vời, đẹp."
1,"Mình rất hài lòng với LG, vân tay ngon lành, tuyệt vời."
0,"Surface mờ quá, xài vài tháng là thấy loạn cảm ứng."
1,"Không có gì để chê ở Huawei, quá nhẹ."
1,"Dẫn chồng đi ăn cà phê, em trai khen vừa miệng."
1,"Được, khá là ưng mắt."
1,"Món gỏi cuốn ngon hết sẩy, gia vị giòn."
1,"Realme thiết kế xuất sắc, thiết kế rất tốt."
1,Loa này quá bền
0,"Tầm 5 phút nhé bác, mình up phát ăn ngay. Mỗi tội nhịp tim hơi ảo, lúc trước tầm 80-90 sau khi up thì tầm 90-110. Mới gửi thư lên vidonn hỏi nó vụ này và cả vụ bản cập nhật 3.9.0 trên iOS bị crash, đang chờ hồi âm."
0,"Mình rất thất vọng với pizza, phục vụ khó ăn, đồ ăn không ngon."
0,Mua Realme về dùng thử mà thấy kém quá.
1,"Nokia sắc nét quá, xài vài tháng rồi vẫn bình thường."
0,Với tầm giá này mà Realme quá kém vậy là không đáng tiền.
1,"Mới ăn thử bánh xèo ở đây, vị tuyệt vời lắm luôn."
1,"Món vịt quay ở quán này giòn cực kỳ, ăn một tháng vẫn ghiền."
0,"Sony thiết kế nóng, camera thì vô dụng."
0,Có 1 triệu tôi cũng KHÔNG Made in China.
0,"Smartphone đã đến thời kỳ bão hòa, không còn cảm giác cuốn hút như xưa. 1 năm mỗi hãng ra 1 đến 2 siêu phẩm cứ na ná nhau từ apple, samsung, lg, sony, htc, huawei, oppo, xiaomi... Mất rồi cảm xúc hào hứng, buồn."
1,"Không có gì để chê ở Oppo, quá nhẹ."
1,sử dụng Điện thoại thấy cực kỳ hoàn hảo
0,"mặt trước y chang samsung, cực ghét chữ mi ở mặt trước, nếu giấu ra phía sau thì nhìn đỡ hẳn, mác tàu có gì đẹp đẽ mà khoe, như dòng redmi note phía trước sạch sẽ là ổn."
1,dùng Màn hình thấy cực kỳ mượt mà
1,Thì Apple kn chả đi sau hả bạn! Đến con 6plus ram còn 1Gb trong khi các dòng khác đã 3Gb từ thưở nào rồi. Tuy nhiên cái gì của apple nó cũng chất lượng hết. Một phần do ios là hệ điều hành quá tuyệt vời
1,Đẹp
1,"Mình rất hài lòng với Samsung, màn hình nhẹ, ok lắm."
0,Chất lượng ít đẹp
1,Tuyệt vời ông mặt trời.
0,chuẩn ko có cửa so với note. và note năm nay sẽ phá ki lục doanh số.note sẽ bắn đc bằng 1/10 ip7 nhỉ.
1,"Mới tậu con Surface này về, cao cấp cực kỳ luôn."
0,"Không hiểu HP trạng bị tận 8GB Ram và chip i7 cho chiếc máy này để làm gì khi mà đối tượng của nó chỉ là những người lướt web, office.....và nghe nhạc giải trí cơ bản."
1,"Món nem cuốn ở quán này tuyệt vời cực kỳ, ăn một tuần vẫn ghiền."
0,"Mình rất thất vọng với Acer, thiết kế lag, hay bị chán hẳn."
0,"Htc mới ra to mồm hét giá, đến lúc ko bán đc lại như kiến con thu mình hạ giá 1 nửa kkkkkkk"
1,Với tầm giá này thì AirPods là sắc nét nhất rồi.
1,"Con Xiaomi này dùng tuyệt vời, pin ok lắm."
1,Mình thích sự mạnh mẽ và tốc độ xử lý nhanh của các dòng Note. Nhưng giá bán của máy cũ bị hạ quá thấp so với giá trị thực sử dụng. Vẫn Vote cho dòng Note của Samsung. Một lời chia sẻ của người đang dùng Note 3
0,"Món vịt quay vị quá tệ, không đáng tiền tí nào."
1,"Con Huawei này dùng mỏng, pin đẹp."
1,"Mình rất thích mì quảng ở đây, quán phục vụ rất ngon, đồ ăn rất ngon."
0,Mới mua con Vivo này về mà thấy nóng cực kỳ.
0,"LG chậm quá, xài cả tuần là thấy lag lòi."
0,Dẫn bố đi ăn bún chả mà vợ chê nhạt quá.
1,"Samsung xuất sắc quá, xài một tuần rồi vẫn mạnh."
0,Mới mua con Oppo này về mà thấy chán cực kỳ.
0,kiếm cái logo táo dán lên mặt sau nữa là y chang luôn !
1,"Dẫn em trai đi ăn gà rán, con khen hấp dẫn."
1,"rat tốt mua di bạn, nhà tôi mua smart cua sam sung 3 năm rồi"
1,Điện thoại này rất đỉnh
1,"Mình rất hài lòng với HP, bộ nhớ mạnh, tốt."
1,zen 3 năm nay ngon quá
0,"Mình rất thất vọng với cà phê, đồ uống dở, đồ ăn khó nuốt."
1,Máy này cực kỳ bền
1,"Không có gì để chê ở món lẩu này, quá rất ngon."
0,"Xin chúc mừng, sony đã bước được một chân ra khỏi cuộc đua smartphone. Hết thời nét như sony rồi. Dự báo tương lai gần sẽ không còn thương hiệu điện thoại tên là sony nữa."
0,"Không thể chấp nhận được món mì xào này, quá quá kém."
1,"Mua Acer cho vợ dùng, em trai khen đẳng cấp."
0,Chẳng có gì mới
1,Em định kiếm con 301f bác  Nhnhat29982 dùng qua chưa cho e xin ít đánh giá với.định làm con cho mama dùng.thấy cũng đẹp Chả nhẽ lại làm thêm con f05f
1,"Món hải sản ở quán này béo cực kỳ, ăn cả tuần vẫn ghiền."
0,chiều nay vừa nghe 1 con mới bên anh fan-ryu.hơi bé bạn à.ai có nhu cầu up thì qua anh ấy nhé
1,"Không có gì để chê ở Asus, quá sắc nét."
0,17 trieu chat qua . Neu HTC10 chống được nước + ( 2 sim 2 sóng ) gia khoang 15 - 16 trieu con chap nhan duoc
1,"Món bánh xèo ngon hết sẩy, gia vị sạch sẽ."
0,"HP lag quá, xài vài tháng là thấy hết pin nhanh."
0,"Gia vị món bánh xèo quá tanh, ăn không vô."
1,"Mới tậu con Lenovo này về, sang trọng cực kỳ luôn."
1,sử dụng Dịch vụ thấy hoàn toàn ngon
0,Dẫn bạn bè đi ăn hải sản mà chồng chê ngán quá.
0,Mới ăn thử nem cuốn ở đây mà thấy tanh cực kỳ.
1,"Dẫn bố đi ăn phở, em gái khen thơm."
0,Giá quá chán
1,"Món gỏi cuốn vị rất ngon, decor làm rất quá đã."
0,Mua Sony về dùng thử mà thấy quá kém quá.
1,"Món cơm tấm ngon hết sẩy, gia vị vừa vị."
1,Camera này vô cùng ngon
0,"Món cơm tấm vị nhạt, không đáng tiền tí nào."
0,2.100 USD vẫn chỉ được gọi là máy ảnh giá rẻ sao? Hic :-)
0,"Lúc trước rất ok. Giao hàng nhanh. Gần đây mình mua 4 món: đèn led, pin du phong, android box mxq, va o cam xiaomi. Nhưng nhận hàng không có pin dự phòng. Mình không nhận và điện thoại tcs nhung mới 8h sáng nên chưa có ai trả lời, lúc sau điện thoại bên tcs bảo nhận dùm rồi ktra. Rồi mình bảo không nhận. Đùn qua đùn lại bảo chuyển hoàn. Xong mình bỏ đơn hàng luôn. Mà đặt từ thứ 3 tới thứ 2 tuần sau mới có. Mới đây mình có đặt đơn hàng 15/06/2016. Tới giờ vẫn chưa gọi xác nhận hay đá động gì. Chat với hỗ trợ của web cuahangtcs thì không thấy ai phản hồi. Vô cùng thất vọng. Anh em mua hàng ở TCS. Nhớ COD và kiểm tra hàng. Nếu không đủ tuyệt đối không nhận. Vì ký nhận là kể như xong hết. Không nói gì được nữa đâu. Mấy dòng chuyện bản thân. Tất cả đều có mail và ảnh chụp lại. Chia sẻ cho a e cẩn thận. Coi đợt hàng này tcs thế nào."
0,Loa chưa tuyệt vời
0,"Surface nóng quá, xài vài hôm là thấy không đáng tiền."
1,ip5 lên chạy mượt bin ổn hơn 9.3.1
1,"Mình rất thích sushi ở đây, quán phục vụ sạch sẽ, đồ ăn tuyệt vời."
1,"Mới tậu con iPad này về, mạnh cực kỳ luôn."
0,"Mình rất thất vọng với HP, thiết kế quá kém, hay bị không đáng tiền."
0,"Món trà sữa vị tanh, không đáng tiền tí nào."
1,Em đẹp lung linh huyền ảo.Em làm mê đắm nhiều người.Anh sẽ cưới em.Anh sẽ nhìn em đắm đuối và em hãy bảo lưu ánh mắt của anh vào trong trái tim e nhé.
0,Mua Realme về dùng thử mà thấy nặng quá.
0,Tớ không chê xấu. Nhưng Asus nhìn như không thoát đc thiết kế này. Nếu bỏ qua màu mè thì khi đặt gần nhau giữa các dòng đt asus chỉ là sự phóng to thu nhỏ của một nguyên mẫu. Quá đơn điệu.
0,"Không thể chấp nhận được món cà phê này, quá không tươi."
0,up r bác.mà bác có thấy nó nghe nhạc siêu bé không.loa ngoài to.tai nghe nghe quá bé
1,Với tầm giá này thì iPad là xuất sắc nhất rồi.
1,Điện thoại này khá hoàn hảo
1,Tuyệt vời. Với thiết bị này cũng là tin vui với những bạn đang sở hữu smilecardboard nè :3
1,"Mới tậu con Huawei này về, phù hợp cực kỳ luôn."
0,Với tầm giá này mà Samsung lởm vậy là không đáng tiền.
1,"LG thiết kế sang trọng, hệ điều hành vẫn mượt."
1,Quán này bánh xèo là ngon tuyệt nhất rồi.
0,"Mình rất thất vọng với mì quảng, đồ ăn dở, đồ ăn quá tệ."
1,"Con Samsung này dùng tuyệt vời, pin mượt."
1,Em từng dùng s4 s5 s7e và giờ em đang dùng 6s plus. Em nghĩ ip đủ đáp ứng nhu cầu của một người bình thường và bền hơn theo thời gian (đỡ bị đơ hơn chứ không phải rớt hay ngụp lặn dưới nước ạ)
1,"Mua AirPods cho chồng dùng, vợ khen nhẹ."
0,"Mình rất thất vọng với phở, không gian chán, đồ ăn khó nuốt."
1,"Con Xiaomi này dùng ổn định, pin trâu."
0,Điện thoại rất xấu
0,Mới mua con Xiaomi này về mà thấy quá tệ cực kỳ.
1,"Tôi dùng Nokia 930 từ 2/2014, Dùng rất tốt,chụp ảnh đẹp, màn hình Oled đẹp. có ofice. vì không games, chỉ làm việc học tập, vào net xem phim nghe nhạc thì OK. giá hiện nay chỉ dưới 10 triệu mới.Các ứng dụng cũng được cập nhật ngày nay cũng nhiều.."
1,"Món nem cuốn ngon hết sẩy, gia vị sạch sẽ."
0,"HP thiết kế không ổn, màn hình thì yếu xìu."
0,Mới ăn thử lẩu ở đây mà thấy quá tệ cực kỳ.
1,Quán này kem là thơm nhất rồi.
0,Thiết kế hơi đắt
1,"Không có gì để chê ở Sony, quá tốt."
0,di chuyển chuột ko mượt bạn ơi. Còn cáo Scroll cũng thấy bt nhưng chả biết sao cảm giác ko thích lắm. Mới đầu test train win thì ok nhưng giờ về nhà cắm mac the xảy ra mấy chi khi chịu thật.
0,"Món mì xào ở quán này chua lè quá, ăn một thời gian là thấy nhạt nhẽo."
0,Điện thoại hơi tệ
1,"Món bún bò ở quán này vừa miệng cực kỳ, ăn vài hôm vẫn ghiền."
1,"Mình rất hài lòng với LG, cảm ứng đẹp, hoạt động tốt."
1,"Không có thói quen chạy theo công nghệ, nhưng biết làm sao đây ! Thích quá."
1,"Asus nhanh quá, xài vài tháng rồi vẫn ok lắm."
0,"Mình rất thất vọng với bún chả, không gian quá kém, đồ ăn mất vệ sinh."
0,"Không thể chấp nhận được HP, quá nóng."
0,"Mình rất thất vọng với Nokia, pin yếu, hay bị hết pin nhanh."
1,"Không có gì để chê ở món nem cuốn này, quá xuất sắc."
1,"Đợi note 7 ra mình hốt em S7 edge liền. Quá đẹp, quá chuẩn, màn hình cong, thêm chống nước, tản nhiệt bằng chất lỏng..."
0,Mới ăn thử hải sản ở đây mà thấy quá kém cực kỳ.
0,Không có cổng hồng ngoại buồn quá.
0,"mua oppo thà mua mobistar ủng hộ thương hiệu việt, ngoài ra có xiaomi mi4"
0,Mình xài qua 1 đời sony rồi..cái chống nước là cái nhược điểm lớn ...mỗi lần chạy nhiều quá máy treo là chịu chết...phải đem ra bảo hành mới tháo pin ra đc!trong khi các máy khác khi treo chỉ cần tháo pin ra lắp lại là ok nay!
1,"Mua Realme cho chồng dùng, bố khen tốt."
0,"Mình rất thất vọng với nướng, món ăn thiu, đồ ăn quá dở."
1,"Mới ăn thử vịt quay ở đây, vị hấp dẫn lắm luôn."
0,"Không thể chấp nhận được món sushi này, quá thiu."
0,Mua Oppo về dùng thử mà thấy chậm quá.
1,Quán này sushi là vừa miệng nhất rồi.
1,"Món vịt quay ở quán này ngon miệng cực kỳ, ăn vài hôm vẫn ghiền."
0,Với tầm giá này mà Xiaomi quá chán vậy là không đáng tiền.
0,"pin yếu thì em biết nhưng của em lại còn lỗi pin nữa cơ,thế nên em mới chán ạ,ko biết ở hn có chỗ nào thay được pin nó ko ạ"
1,Quá xuất xắc
0,"Mình rất thất vọng với mì quảng, món ăn khó ăn, đồ ăn rất chán."
0,"Món lẩu ở quán này ngán quá, ăn một tuần là thấy rất chán."
1,"Không có gì để chê ở iPhone, quá tốt."
0,"Mở khóa bằng mắt mà 10-15 giây mà nhanh gì,điện thoại tôi mở khóa chưa tới 5 giây là xong"
0,"LG giật quá, xài suốt mấy tháng là thấy rất tệ."
1,"Mua AirPods cho chồng dùng, đồng nghiệp khen tuyệt vời."
0,"hix, giảm giá đi để vác về trải nghiệm, giá này hơi bị chát O.o"
1,"Mới tậu con Xiaomi này về, tốt cực kỳ luôn."
0,Mới ăn thử nem cuốn ở đây mà thấy nhạt cực kỳ.
1,"S7Egle lọc âm cuộc gọi cực tốt, ghi âm lưu trữ cuộc gọi và thẻ nhớ ngoài lưu trữ hình ảnh video dễ dàng. Công việc mình rất cần. Vì thế, Cho tiền hàng tháng và cả chiếc iphone 6s mình cũng kg cần, vì iphone không làm được việc đó."
0,Sản phẩm rất chậm
1,"Mới tậu con Xiaomi này về, bền cực kỳ luôn."
1,Với tầm giá này thì Asus là mạnh nhất rồi.
1,"Dẫn vợ đi ăn pizza, bạn bè khen tươi."
0,Giá rất lag
0,Với tầm giá này mà Xiaomi chán vậy là không đáng tiền.
1,"Không có gì để chê ở Sony, quá mạnh."
0,"ảnh xấu, mẫu đẹp"
0,Mới mua con Asus này về mà thấy lỗi cực kỳ.
0,"Món nướng vị chán, không đáng tiền tí nào."
1,"Món pizza vị đặc sắc, món ăn làm rất thơm."
0,"Gia vị món pizza quá khô, ăn không vô."
0,Mới mua con Xiaomi này về mà thấy tệ cực kỳ.
0,"S6 edge iron man vẫn đẹp hơn, màu đen như này không nổi lắm"
0,"Con LG này dùng xấu, pin không đáng tiền."
0,"Không thể chấp nhận được Samsung, quá bình thường."
0,"Con Realme này dùng nặng, pin không xài được."
0,"Món cà phê vị ngán, không đáng tiền tí nào."
1,"Món lẩu vị vừa vị, gia vị làm rất giòn."
0,Asus ư?Pin thường kém và hay lỗi sac lắm....sạc lâu ví như Google Neus 7 chăng hạn.
1,"Tivi giờ mua nhất định phải mua Samsung. Model j6300 32 inch màn hình cong coi rất sắc nét, màn hình 1 tỷ màu, kiểu dáng nhìn rất sang chảnh. Bác cố thêm chút mua con này ngon hơn con j5500 nhiều."
1,Trước giờ vẫn thích xài hàng Mỹ vì tính an toàn và bảo mật của họ. Giờ mới có hãng điện thoại mới giá rẻ mà cấu hình mạnh như ý.
0,"cứ chờ chờ mãi cuối cùng càng chờ thì càng thất vọng .biết thế làm con 5s cho rồi ,vì mình vẫn thích cái đường viền kim loại khỏe khoắn đó hơn chỉ tiếc phần bao tren dưới quá to làm màn hình bé xíu mà mắt thì kém ."
1,Với tầm giá này thì HP là sang trọng nhất rồi.
0,Mua Acer về dùng thử mà thấy không ổn quá.
1,"Mới tậu con iPad này về, đẳng cấp cực kỳ luôn."
1,Tuyệt vời mình sẽ mua 1 cái rồi cài VMWARE rồi cài MAC OS thế là thành máy Mac xịn
0,Điện thoại không mượt mà
0,Loa chưa tốt
1,"Quá đẹp và chất với mức giá.Đã dùng qua Mi4 và trải nghiệm Mi note, tai nghe pistone và loa di động của Xiaomi nên rất tin tưởng sản phẩm Mi. Và có 1 điều là 99,9% với những ai đã thực sự dùng sản phẩm Xiaomi cũng đều hài lòng. Riêng vỏ kim loại của Mi4 phải nói là bá đạo trong việc chống va đập ( làm rơi 3,4 lần mà màn hình không sao).Sẽ mua Mi5 và kính thực tế ảo để trải nghiệm với Mi5 đã có ý định mua S7."
0,"Gia vị món bánh mì quá đắng, ăn không vô."
0,"Con Sony này dùng yếu, pin mất sóng."
0,Mang danh tablet mà có 5.5 inch ai mà mua
0,"Món kem vị tanh, không đáng tiền tí nào."
0,"Mình rất thất vọng với cà phê, không gian chua, đồ ăn chán phèo."
0,"Con Samsung này dùng yếu, pin rất tệ."
1,"Dẫn người yêu đi ăn nướng, em gái khen thơm."
1,Điện thoại này vô cùng bền
0,"Món nướng vị đắng, không đáng tiền tí nào."
0,Mới ăn thử sushi ở đây mà thấy thiu cực kỳ.
0,"Khuyên bạn nếu trả góp thì mua hãng khác, trả góp đt sony coi chừng chưa trả xong phải tốn tiền sửa đt"
1,"Dẫn vợ đi ăn pizza, em trai khen béo."
1,"Nếu về Việt nam mình sẽ mua cho tất cả các cụ, mỗi người 1 cái không phải dùng mô hình nữa"
1,"Trong ĐK ánh sáng đầy đủ thì IP 6s quay đẹp hơn,tôi thấy hình cuối cùng trong clip thấy ip6s cho hình ảnh chân thật và đẹp hơn Canon.Với 1 chiếc ip6s như thế thì còn đòi hỏi gì hơn nữa.Apple thật tuyệt vời"
1,"Quá là tuyệt, đợi gom lúa thôi, chất quá. Cũng chỉ cần bản cấu hình như trên là dùng tẹt ga rồi. Yêu thế"
0,Mua Macbook về dùng thử mà thấy chán quá.
0,Mới ăn thử nướng ở đây mà thấy mặn cực kỳ.
0,"Không thể chấp nhận được Xiaomi, quá kém."
1,"Món phở vị cuốn hút, nước chấm làm rất tươi."
1,"Mua Oppo cho con dùng, bạn bè khen hoàn hảo."
1,"Samsung thiết kế đẹp, camera vô đối."
1,mua hàng lô 25k vẫn xài tốt
1,Với tầm giá này thì Asus là cao cấp nhất rồi.
0,"Món kem vị chua lè, không đáng tiền tí nào."
1,"Mới ăn thử cơm tấm ở đây, vị đậm đà lắm luôn."
0,"Mình rất thất vọng với HP, camera không ổn, hay bị quá chán."
1,"Mới tậu con Realme này về, nhẹ cực kỳ luôn."
1,"Mua Macbook cho em gái dùng, em gái khen sang trọng."
0,"Có cái thương hiệu cấu hình chưa phải mạnh nhất ,hét giá ngất trời ế là phải thôi"
1,"Dẫn mẹ đi ăn trà sữa, em trai khen ngon."
0,Thiết kế quá đắt
1,"Oppo ấn tượng quá, xài một tuần rồi vẫn rất tốt."
0,"Gia vị món trà sữa quá chua, ăn không vô."
0,"Mình rất thất vọng với mì quảng, món ăn tanh, đồ ăn không ngon."
0,"Mong tin em, chứ thấy cái giá gần 19 củ mà congnghenhat nó báo thì quả là chua quá. A đang xài Sh01g, cũng ko hài lòng lắm về cái màn hình của nó, chắc kỳ này chuyển lại qua fu xem sao."
1,đáng đồng tiền!
1,"Món gỏi cuốn ở quán này thơm cực kỳ, ăn mấy ngày vẫn ghiền."
0,Pin hơi nhanh hỏng
0,"Mình rất thất vọng với Macbook, bộ nhớ đơ, hay bị nhanh tã."
1,Thích bạn rồi đó
1,"Không có gì để chê ở món bánh mì này, quá béo."
0,"Con Surface này dùng quá chán, pin chán hẳn."
1,"Ko, auto hết, nhưng thành phẩm cũng tương đối đẹp, màu sắc thật và dễ nhìn."
0,"IPHONE CÀNG NGÀY CÀNG NHÀM CHÁN, TÙ THIẾT KẾ, CÔNG NGHỆ LUÔN ĐI SAU SAM SUNG,LG VÀ HTC"
1,"Món hải sản ngon hết sẩy, gia vị đậm đà."
1,"Mình rất hài lòng với Vivo, wifi nhanh, ok lắm."
0,"Món vịt quay ở quán này không tươi quá, ăn một thời gian là thấy khét lẹt."
1,Máy này quá đẹp
1,"Không có gì để chê ở món cà phê này, quá giòn."
1,"Máy khá đẹp, viền mỏng, màn hình choán gần trọn mặt trước nên máy cầm trên tay rất gọn. Dung lượng pin khá cao. Rất tiếc là Android mà ko up rom được. Giá em này khoảng bao nhiêu nhỉ?"
1,"Dẫn em gái đi ăn gà rán, bạn bè khen chuẩn vị."
1,"Món vịt quay vị cuốn hút, đồ ăn làm rất ngon tuyệt."
0,"Món sushi vị nguội ngắt, không đáng tiền tí nào."
1,Với tầm giá này thì Lenovo là tốt nhất rồi.
0,"Không thể chấp nhận được món bánh xèo này, quá khô."
1,4s moi Len chay pha pha Khoi Lo up thoai mai
0,"Gia vị món mì xào quá chua, ăn không vô."
0,"Con Apple Watch này dùng xấu, pin mất sóng."
1,"Đúng là đẳng cấp của chú Sam, chừng nào Note 7 ra mình sẽ lên đời con Note 4 của Bx."
0,"Món bún chả vị tanh, không đáng tiền tí nào."
0,"Không thể chấp nhận được món pizza này, quá nguội ngắt."
0,Mới mua con Surface này về mà thấy nặng cực kỳ.
1,"Món gà rán ở quán này đặc sắc cực kỳ, ăn vài hôm vẫn ghiền."
0,Quán này đồ ăn quá tệ vậy là không đáng tiền.
0,Màn hình rất tệ
1,"Oppo sang trọng quá, xài hơn nửa năm rồi vẫn dùng rất sướng."
1,Tuyệt thật.
1,"Không có gì để chê ở Lenovo, quá sang trọng."
0,"Asus đơ quá, xài một tuần là thấy không đáng tiền."
0,"Món trà sữa vị dở, không đáng tiền tí nào."
0,"Mình rất thất vọng với Dell, loa quá kém, hay bị nhanh tã."
1,"Mới ăn thử mì xào ở đây, vị đặc sắc lắm luôn."
0,Với tầm giá này mà HP lởm vậy là không đáng tiền.
1,"Mới tậu con iPhone này về, hoàn hảo cực kỳ luôn."
0,Phần mềm diệt vius hoạt động giống như một virus
0,"Không thể chấp nhận được món cà phê này, quá thiu."
0,"Mình rất thất vọng với Macbook, camera yếu, hay bị yếu xìu."
0,"Asus chán quá, xài suốt mấy tháng là thấy không đáng tiền."
0,Mình thì không sao bỏ được cái bàn phím VL này. XH giờ chuộng cái hư vô nên bàn phím ảo hot nhưng những người theo trường phái Classic cũng không quá ít!
1,Nói về Pin điện thoại thì Sony vẫn tốt nhất trong các dòng martphone cao cấp hiện nay.
1,"Mới ăn thử bún bò ở đây, vị đậm đà lắm luôn."
0,"Dell thiết kế quá kém, hệ điều hành thì kém quá."
1,"Dẫn đồng nghiệp đi ăn bún bò, bạn bè khen ngon."
1,đẹp quá điiiiiiiiiiiiiiiiiiiiiiiiiiiiiiii
0,Dẫn em trai đi ăn sushi mà đồng nghiệp chê nguội ngắt quá.
0,"Mình rất thất vọng với Sony, wifi nặng, hay bị không xài được."
0,Mua Xiaomi về dùng thử mà thấy quá kém quá.
1,"Không có gì để chê ở món lẩu này, quá vừa vị."
0,Mới ăn thử cà phê ở đây mà thấy ngấy cực kỳ.
0,"Từ ngày đầu e đã không ưa thằng Oppo này rồi, và sau cái vụ Biển đảo lại càng ghét nó nữa, cạch mặt, gặp ai muốn mua đt e cũng bảo không mua thằng này"
1,"Không có gì để chê ở Apple Watch, quá tuyệt vời."
1,"Không có gì để chê ở HP, quá nhanh."
1,noi j thi noi sony la nhat thoi
0,"Nokia thiết kế bình thường, hiệu năng thì sụt pin nhanh."
1,"Macbook thiết kế phù hợp, pin ok lắm."
0,Loa không xịn
0,Mua AirPods về dùng thử mà thấy lỗi quá.
1,"Mới ăn thử lẩu ở đây, vị rất ngon lắm luôn."
1,"Mua Macbook cho em gái dùng, vợ khen ổn định."
1,"Mới tậu con iPhone này về, bền cực kỳ luôn."
0,Mới ăn thử mì xào ở đây mà thấy tanh cực kỳ.
1,"Không có gì để chê ở món vịt quay này, quá thơm."
1,"Mình rất thích trà sữa ở đây, quán phục vụ cuốn hút, đồ ăn ngon miệng."
1,"Oppo thiết kế tốt, sạc không bị lag."
0,Mới mua con Huawei này về mà thấy không ổn cực kỳ.
0,Dẫn chồng đi ăn sushi mà vợ chê quá tệ quá.
0,"Món bún chả vị khét, không đáng tiền tí nào."
0,"2gb chạy 15 ứng dụng cơ bản còn chả bao giờ phải load lại thì 3gb ram dùng cái gì cho hết : thừa thãi quá..tất nhiên càng nhiều càng tốt nhưng cải tiến cái khác thì hay hơn, ví dụ như pin"
1,"Acer thiết kế ấn tượng, wifi tốt."
0,"Đọc thấy rất hứng thú nhưng khi đến đoạn ""bộ nhớ trong 32 GB"" tôi không đọc nữa"
1,Ipad pro khi apple đã giới thiệu là dành cho dân kinh doanh đồ hoạ . Và ipad quá bền hỗ trợ quá lâu. Đang dùng ipad 2
0,"Không thể chấp nhận được iPad, quá quá tệ."
1,"Không có gì để chê ở món kem này, quá béo."
0,"Tính năng tào lao, nghĩ tới chuyện muốn mở khóa... dí dí cái điện thoại vào gần trong mắt... ngố thế"
1,"Dẫn đồng nghiệp đi ăn bánh xèo, em trai khen sạch sẽ."
1,"Mình rất thích mì quảng ở đây, quán phục vụ béo, đồ ăn quá đã."
1,"Món gỏi cuốn ngon hết sẩy, gia vị ngon tuyệt."
0,"Mình rất thất vọng với Dell, loa quá tệ, hay bị hay bị lỗi."
1,"Asus thiết kế bền, thiết kế phê lắm."
1,"Mình rất hài lòng với Nokia, màn hình mỏng, trâu."
1,"Món kem vị cuốn hút, phục vụ làm rất đậm đà."
0,Mua Huawei về dùng thử mà thấy lỗi quá.
0,"Món vịt quay ở quán này chua quá, ăn một tháng là thấy ôi thiu."
1,"Dẫn mẹ đi ăn trà sữa, mẹ khen vừa miệng."
1,"Món bánh mì vị vừa vị, nước dùng làm rất giòn."
0,"Món gà rán vị không tươi, không đáng tiền tí nào."
0,"Không thể chấp nhận được món cà phê này, quá ngấy."
1,Tùy người cảm nhân. Riêng mình đag xài edge 7 và thấy siêu hài lòng về ứng dụng thẩm mỹ và cấu hình
1,"HP thiết kế tốt, cảm ứng hoạt động tốt."
0,"Asus quá tệ quá, xài mấy ngày là thấy không đáng tiền."
1,"Mới tậu con HP này về, sang trọng cực kỳ luôn."
1,"Mới tậu con Xiaomi này về, phù hợp cực kỳ luôn."
1,Với tầm giá này thì Dell là mạnh nhất rồi.
0,"Mình rất thất vọng với AirPods, camera nóng, hay bị giật lag."
1,"Dẫn bạn bè đi ăn bún bò, chồng khen thơm."
0,"Gia vị món cơm tấm quá dở, ăn không vô."
1,"Bác chủ thớt làm bài review chất quá , pin xiaomi đẹp , dùng lại mát mẻ , hiệu năng tốt"
1,"Mới tậu con Oppo này về, ngon lành cực kỳ luôn."
0,Dẫn em gái đi ăn nem cuốn mà chồng chê nguội ngắt quá.
0,Mới ăn thử kem ở đây mà thấy thiu cực kỳ.
1,"Dẫn người yêu đi ăn hải sản, em gái khen giòn."
1,"iPhone thiết kế đẳng cấp, sạc rất tốt."
0,Giá chát quá
0,Quán này đồ ăn khét vậy là không đáng tiền.
0,"Con lạy, kiểu dáng nguyên liệu thiết kế đã y chang, y tới cái lỗ loa lỗ mic lỗ jack cũng y chang k muốn nói rồi, giờ tới màu mà cũng y chang chang luôn, k bớt hay thêm đại 1 màu nào đó cho đỡ mag tiếng, lộ quá z rồi sam fan lấy gì mà ăn nói."
0,Màn hình chả hoàn hảo
0,"Mình rất thất vọng với iPad, pin tệ, hay bị chán hẳn."
1,nhìn có vẽ màu fuji đẹp hơn .
1,"Con iPad này dùng sang trọng, pin đẹp."
1,"Món mì xào vị giòn, không gian làm rất cuốn hút."
0,Giá quá tệ
0,Tôi đang dùng note 5 thấy mọi thứ ổn nhưng rất phiền vì có quá nhiều quảng cáo hiện màn hình có lúc muốn đập máy vì đang cần dùng ứng dụng nhưng quảng cáo lại che mất. Phiền phức đang tính bán máy.
0,Dẫn con đi ăn cơm tấm mà con chê nguội ngắt quá.
0,"Mình rất thất vọng với trà sữa, đồ ăn đắng, đồ ăn đắt đỏ."
1,tuyet voi
0,Giá thật sự xấu
0,Mới ăn thử vịt quay ở đây mà thấy thiu cực kỳ.
0,"Món bánh xèo ở quán này ôi quá, ăn suốt mấy tháng là thấy tanh rình."
0,Mạng hơi đắt
0,"Mình rất thất vọng với bún chả, nước dùng ngấy, đồ ăn không ngon."
0,Pin chưa tốt
0,"Con Oppo này dùng kém, pin không đáng tiền."
0,Với tầm giá này mà Asus lag vậy là không đáng tiền.
1,"Con AirPods này dùng mượt mà, pin tốt."
0,Với tầm giá này mà Sony quá tệ vậy là không đáng tiền.
1,Note 3 xài 2 năm chưa xi nhê gì. Thậm chí con huawei tàu h6 của tui cũng xài bình thường. Có mấy bác mua đồ android quá yếu rồi cài ứng dụng không xóa file gốc nó nặng lên thì trách ai.
0,"WP chán lắm bạn ơi. Mình ra cửa hàng tại các quầy có máy Microsoft rất ít người đến coi, vậy là hiểu thị hiếu người tiêu dùng thế nào rồi"
0,Pin chả bền
0,"Con Vivo này dùng lởm, pin quá đơ."
1,"Món mì quảng ngon hết sẩy, gia vị chuẩn vị."
0,"Đúng là zenfone tệ thật. Pin nhanh hết , nghe nhỏ, mau xuống mã."
0,Mới ăn thử kem ở đây mà thấy không tươi cực kỳ.
1,"Mình rất thích cơm tấm ở đây, quán phục vụ quá đã, đồ ăn béo."
0,Với tầm giá này mà Asus chậm vậy là không đáng tiền.
0,Mới mua con Dell này về mà thấy chậm cực kỳ.
1,"Ra là góp lúa chiến luôn, nhìn cứ hầm hố thế là kết rồi! :)))))))))))))))"
1,Chất lượng này cực kỳ đẹp
0,Với tầm giá này mà Xiaomi lởm vậy là không đáng tiền.
0,"Hảng này bung tiền ra mướn các nghệ sỹ ,các cửa hàng để quảng cáo hoành tráng làm cho chi phí + sản phẩm = giá cao để cho những gà công nghệ tưởng rằng đây là hàng cao cấp . Quá ảo tưởng !!!!!!!!!"
0,"Món bánh mì vị khét, không đáng tiền tí nào."
0,Với tầm giá này mà Acer chán vậy là không đáng tiền.
1,"Dẫn con đi ăn bánh xèo, bạn bè khen quá đã."
0,"Không thể chấp nhận được Samsung, quá lỗi."
1,"Dẫn người yêu đi ăn pizza, mẹ khen đậm đà."
0,với giá này làm con a7-a8 samsung chẳng hơn sao
1,Tôi rất thích thiết kế của Sony. Nhưng tôi thích 1 mẫu nhỏ gọn để thay thế khi Z3 compact già cỗi chứ không quan tâm cái viền màn hình siêu mỏng.
1,"Con Asus này dùng ngon lành, pin rất bền."
1,Quán này phở là vừa miệng nhất rồi.
0,"Không thể chấp nhận được món mì xào này, quá thiu."
0,Màn hình ít xuất sắc
1,Tuyệt vời HTC ơi. Tôi sẽ rước em về dinh
0,Mới mua con Nokia này về mà thấy nóng cực kỳ.
0,"Con Huawei này dùng lỗi, pin hay bị lỗi."
0,Nhìn y như hàng nhái của TQ
0,"Con Samsung này dùng loạn, pin hết pin nhanh."
0,"Gia vị món gà rán quá đắng, ăn không vô."
0,"Không thể chấp nhận được LG, quá bình thường."
0,"Mình thì ko thích em này tí nào, loa ngoài thì nhỏ mà có vấn đề thì ở nhật mới cập nhật đc nb, chụp ảnh thì lại pị chói sáng, nói chung là ko kết. Hết"
1,"Không có gì để chê ở HP, quá ấn tượng."
1,"Món sushi ngon hết sẩy, gia vị chuẩn vị."
1,"Không có gì để chê ở món gỏi cuốn này, quá vừa vị."
1,"Realme thiết kế mỏng, hiệu năng không bị lag."
0,"Xiaomi tệ quá, xài vài hôm là thấy mất sóng."
0,"Gia vị món bún bò quá khô, ăn không vô."
0,"Món bún chả ở quán này khét quá, ăn hơn nửa năm là thấy mặn chát."
1,"Món gỏi cuốn ở quán này cuốn hút cực kỳ, ăn một thời gian vẫn ghiền."
1,"Samsung quá đỉnh trong công nghệ, dại gì bỏ tiền mua iphone"
1,"Dẫn chồng đi ăn sushi, em gái khen tươi."
1,"Mình rất thích hải sản ở đây, quán phục vụ quá đã, đồ ăn đặc sắc."
0,"Mình rất thất vọng với bún chả, gia vị quá tệ, đồ ăn dai quá."
1,"LG sang trọng quá, xài hơn nửa năm rồi vẫn trâu."
0,dep nhung gia chat qua
0,"Món vịt quay vị không tươi, không đáng tiền tí nào."
1,Thật tuyệt vời! Thật không thể tin được!
0,"Món kem ở quán này ngán quá, ăn vài hôm là thấy tanh rình."
0,Với tầm giá này mà Sony xấu vậy là không đáng tiền.
1,"Dẫn người yêu đi ăn mì xào, chồng khen xuất sắc."
0,"Nhìn giống Xiaomi đến lạ kỳ, cơ mà Xiaomi vẫn rẻ hơn và hòn 1600 mA của mình có 2 cổng USB tiện hơn, thích bo tròn hơn vuông."
0,Mua Nokia về dùng thử mà thấy quá kém quá.
0,"Con iPad này dùng nóng, pin lag lòi."
1,"Không có gì để chê ở món trà sữa này, quá giòn."
1,Sản phẩm này khá ngon
1,"Món cà phê vị đặc sắc, đồ uống làm rất chuẩn vị."
1,Quán này pizza là vừa miệng nhất rồi.
1,"Mình rất thích hải sản ở đây, quán phục vụ sạch sẽ, đồ ăn béo."
0,Xiaomi 16000 mAh giá chỉ tầm 450k thôi nhé
0,Mới mua con Vivo này về mà thấy quá chán cực kỳ.
0,Camera khá chán
1,"Món gỏi cuốn ngon hết sẩy, gia vị sạch sẽ."
1,"Hàng này cực nhiều hàng Fake , nếu mua được hàng chính hãng dùng thì khỏi chê"
1,"Không có gì để chê ở Samsung, quá đẳng cấp."
0,Camera khá dở
0,"Dùng Fitbit alta xong nhìn cái này thấy chán thật, vòng đeo tay ngoài mục đích theo dõi sức khỏe còn phải thời trang nữa chứ. Trông em này cùi quá."
0,"Máy thì mỏng, mà cái giá quá dầy."
1,"Lenovo thiết kế đáng tiền, vân tay phê lắm."
0,"Món pizza ở quán này nhạt quá, ăn mấy ngày là thấy khó nuốt."
1,"Món bún chả ngon hết sẩy, gia vị quá đã."
0,"LG loạn quá, xài một tuần là thấy nóng máy."
1,"Mới ăn thử cà phê ở đây, vị giòn lắm luôn."
0,"Con Dell này dùng chậm, pin mất sóng."
0,"Món lẩu ở quán này ôi quá, ăn cả năm là thấy khó nuốt."
0,Tôi cũng giống bạn. Đang hóng cái kết của iphone sẽ xuống dốc như nào.
0,vấn đề là khi touch id hư thì không sử dung được thôi. Đáng ra khi restore lại thì đáng lẽ phải kích hoạt iphone lên được(vì dữ lieu người dùng đã được xóa) Vậy mà vẫn còn lỗi. Chẳng qua là Apple dưới danh nghĩa bảo mật dữ lieu mà thực chat là muốn hạn chế sửa chữa để người dùng mua iphone mới thôi. Bây giờ dính vào kiện cáo mới chịu buông.
1,"1 em ảnh ám vàng, 1 em ám xanh, nhưng nói chung nhìn ảnh của em mobiistar chụp ngon lành cành đào hơn )"
0,Tôi không ủng hộ hàng TQ
0,Mua Nokia về dùng thử mà thấy quá tệ quá.
1,"Dẫn mẹ đi ăn lẩu, chồng khen vừa vị."
1,"Sc-04D unlock phẩn mềm ok , dùng ổn định , update thoải mái không bị lock lại , giá bạn liên hệ trực tiếp với các cửa hàng nhé. F-12C ở VN mình chỉ dùng sim ghép để unlock thui bạn xem thêm Thông tin sim ghép cho điện thoại nhật nhé"
0,Mới mua con iPhone này về mà thấy quá kém cực kỳ.
1,quá ngon. Bác nào bán cho mình đặt 1 cái 090707473. tks
0,Máy thật sự tệ
1,"Fuji cho nước ảnh trong veo, dịu mắt, màu lên quá đẹp"
0,Dẫn bạn bè đi ăn lẩu mà chồng chê mặn quá.
0,Mua Dell về dùng thử mà thấy không ổn quá.
1,"Chế độ bảo hành của Asus cực tốt, mình đến nhiều rồi nên biết. Vote cho asus"
1,"^^ mới mua con này 450k, bh 6 tháng nghe đã ghê luôn (cũng do nhu cầu ko khắt khe gì, thấy bass dập bum bum là khoái rồi ). Sạc khoảng 2 tiếng rưỡi là đầy, đèn Led tự tắt, kết nối bluetooth rất nhạy, nhưng chỉ trong khoảng 8 mét."
1,Quán này bánh mì là giòn nhất rồi.
1,Quán này bún chả là tươi nhất rồi.
1,"Dẫn em trai đi ăn bún chả, bố khen cuốn hút."
0,Từ biệt thương hiệu samsung. Mua 1 lần duy nhất và cả đời không mua nữa.
1,"Không có gì để chê ở Huawei, quá mỏng."
0,Thiết kế cực kỳ xấu
1,"Con Macbook này dùng ổn định, pin mượt."
1,Thich Sam sung dac biet la note tu lau roi
1,"Không có gì để chê ở HP, quá mạnh."
0,"Mình rất thất vọng với Surface, cấu hình kém, hay bị lag lòi."
0,"Món hải sản vị quá kém, không đáng tiền tí nào."
0,Mua bphone còn hơn.
0,Mới mua con Realme này về mà thấy xấu cực kỳ.
1,"Không có gì để chê ở Oppo, quá sắc nét."
1,Với tầm giá này thì Macbook là đẹp nhất rồi.
0,Mua Acer về dùng thử mà thấy tệ quá.
0,minh dùng iphone từ năm 2011 nhưng cảm thấy thất chán rồi.iphone ko có j thay đổi lớn từ sau 6s.có lẽ mình sẽ chuyển qua ss hoặc huwaei
1,Quán này gỏi cuốn là rất ngon nhất rồi.
1,"Con iPad này dùng nhanh, pin không lỗi lầm."
0,chang co gi dep
1,"Không có gì để chê ở Apple Watch, quá đáng tiền."
0,Máy không xuất sắc
0,"Xiaomi quá kém quá, xài suốt mấy tháng là thấy giật lag."
1,"Huawei thiết kế sang trọng, bàn phím trâu."
1,"Dẫn mẹ đi ăn bánh mì, người yêu khen rất ngon."
1,hàng mới nên pin ngon bác ạ. pin ko quá trâu nhưng đủ dùng thoải mái trong ngày
1,Camera này thật sự tốt
1,Quán này mì xào là cuốn hút nhất rồi.
1,"Mới ăn thử mì xào ở đây, vị xuất sắc lắm luôn."
0,"Mình rất thất vọng với bánh mì, decor chua lè, đồ ăn khô khốc."
1,"Món kem ngon hết sẩy, gia vị đặc sắc."
0,Chán
1,"màu sắc đẹp và tự nhiên quá, chúc mừng HTC^^"
0,"Món mì xào ở quán này mặn quá, ăn vài hôm là thấy rất chán."
1,dùng Thiết kế thấy khá hoàn hảo
1,"Quá đẹp cho ip7, lại hot nữa đây."
0,Mới ăn thử cà phê ở đây mà thấy thiu cực kỳ.
1,"Dẫn bố đi ăn kem, bố khen rất ngon."
0,Camera hơi chậm
0,"Sony thiết kế giật, hiệu năng thì rất tệ."
0,Không nên dùng hàng trung quốc
0,"Món bánh xèo ở quán này tanh quá, ăn một thời gian là thấy khô khốc."
0,"Sony giờ ko bền đâu bạn, màu sắc ko đẹp nữa."
0,"Món gà rán vị chua, không đáng tiền tí nào."
1,"Con Oppo này dùng mượt mà, pin ok lắm."
0,Điện thoại khá chậm
0,"Con Vivo này dùng xấu, pin sụt pin nhanh."
1,"Mới tậu con iPhone này về, tốt cực kỳ luôn."
1,Mình từ 9.2.1 vừa lên 9.3.2 xong sài OK . Theo mình thì như vào một số pmem thì chậm 1 số thì nhanh hơn. Máy chạy mượt. Đỡ hao pin hơn. Khuyên mấy bạn nên len ngay và luôn. 5s
0,"Món mì quảng vị chán, không đáng tiền tí nào."
0,"Con AirPods này dùng quá tệ, pin chán hẳn."
0,"Mình đang dùng Xiaomi redmi Note 2 và cảm thấy hối hận vì đã mua dù giá không đắt (2,9 triệu). Chất lượng pin rất tệ, chư được một ngày dù ko chơi game. Các thông số khác cũng hơi ảo so với thực tế. Mình nghĩ redmi 3 cũng vậy thôi. Theo mình bạn nên tham khảo LG Pro 2 trong cùng tầm giá đó."
1,"HP thiết kế nhanh, chip bình thường."
0,"Sam thì lúc chả mạnh, khủng nhưng hiệu quả thì thấp, thiết kế xấu, nhìn rẻ tiền chỉ phù hợp với đối tượng thu nhập thấp và trung bình."
1,"Mới tậu con Nokia này về, đẳng cấp cực kỳ luôn."
1,Màn hình này vô cùng xuất sắc
0,"Mình rất thất vọng với Asus, thiết kế nóng, hay bị quá cùi."
1,"Viền mỏng dánh luôn, nhìn thiết kế sang trọng đó chứ"
1,Hấp dẫn quá... note7
0,"Gia vị món hải sản quá ngấy, ăn không vô."
1,"Con iPad này dùng xuất sắc, pin không bị lag."
1,trước mình thấy đồng hô samsung đẹp .giờ cái này cũng đẹp.cái vỏ và mặt kính đã nói lên cái giá của nó rồi
1,"Mình rất hài lòng với Huawei, sạc phù hợp, rất tốt."
0,"Không thể chấp nhận được món mì quảng này, quá đắng."
0,Với tầm giá này mà Lenovo giật vậy là không đáng tiền.
0,"Dell giật quá, xài một tháng là thấy chậm vãi."
0,Mới mua con LG này về mà thấy mờ cực kỳ.
0,"Bác nói chuẩn, S7 như bẩn, làm đọng sáng lại , toàn bộ ảnh kể cả nền trời cũng bị lây."
0,"Không quan tâm lắm,đt và Macbook thì nên xài chứ mấy cái đồng hồ này thì ........:))"
1,xe2s win toàn tập
1,Quán này vịt quay là rất ngon nhất rồi.
0,Mua Acer về dùng thử mà thấy nặng quá.
1,Pin này khá đẹp
0,Dẫn em trai đi ăn gỏi cuốn mà chồng chê khét quá.
1,"Mua Nokia cho đồng nghiệp dùng, em gái khen tuyệt vời."
0,Chạy một tháng sau sẽ có cảm giác ta đang đua với rùa!
1,"Con Xiaomi này dùng nhanh, pin trâu."
0,"Món gà rán vị quá dở, không đáng tiền tí nào."
1,màu hồng của samsung đẹp quá
1,"Món vịt quay ngon hết sẩy, gia vị đậm đà."
0,Đây là điều nhảm nhí nhất mà tôi từng biết . Ôi apple thần tượng của tôi .
0,"Món nướng ở quán này chua lè quá, ăn hơn nửa năm là thấy rất chán."
0,Mới ăn thử phở ở đây mà thấy mặn cực kỳ.
1,Với tầm giá này thì Oppo là bền nhất rồi.
0,Không thấy thuyết phục để mua AW
0,"Không thể chấp nhận được món hải sản này, quá chán."
0,"Nói riêng là em chào vĩnh biệt tất cả hàng Asus từ 3 năm nay. từ laptop, điện thoại tới máy tính bảng hay mainboard..."
1,Đẹp quá! Nếu có tiền thì mình mua cái nầy để khi nào đi uống cà phê hoặc nhậu nhẹt thì móc ra đặt lên bàn cho oai. Màn hình bé không thành vấn đề. Vì khi muốn lướt mạng thì mình dùng iPhone hoặc Samsung cho dể đọc!
1,"Samsung mỏng quá, xài một tuần rồi vẫn không lỗi lầm."
0,"Macbook mờ quá, xài cả năm là thấy giật lag."
0,"Apple Watch nặng quá, xài vài tháng là thấy không đáng tiền."
1,"Món gỏi cuốn ngon hết sẩy, gia vị thơm."
1,"Món gỏi cuốn ở quán này tuyệt vời cực kỳ, ăn suốt mấy tháng vẫn ghiền."
0,"Xiaomi loạn quá, xài cả năm là thấy hay bị lỗi."
0,"Mình rất thất vọng với gỏi cuốn, đồ uống chán, đồ ăn chua loét."
1,"Mua Samsung cho chồng dùng, bạn bè khen nhanh."
0,"chán, chả kết nối được với win phone"
1,tôi rất yêu thích sản phẩm của ss.
1,"Thật không thể tin nổi, dung lượng SSD hiện tại đã lên đến 16TB"
0,"Mình rất thất vọng với vịt quay, món ăn đắng, đồ ăn quá tệ."
1,"Huawei ấn tượng quá, xài cả năm rồi vẫn dùng rất sướng."
1,"Không có gì để chê ở Huawei, quá bền."
1,"Món bún bò ở quán này ngon miệng cực kỳ, ăn một thời gian vẫn ghiền."
0,"Với cả có bác nào biết cách xóa cái yêu cầu mở khóa: ""Trace the circular arc to unlock"" k nhỉ? Em thấy cái khóa này chẳng cần thiết nhiều khi đang đi xe cần mở 1 tay thấy bất tiện quá zz"
1,"Món phở ở quán này ngon miệng cực kỳ, ăn hơn nửa năm vẫn ghiền."
1,"- đo nhịp tim phải để chế độ sport mới chính xác - đo bước chân khá chính xác, k hiểu nó đo kiểu gì khi mình đi k vung tay mà nó vẫn biết - chế đọ tự hiển thị phải xoay mặt kính hơi hướng vào người nó mới hiện tốt, mặt kính song song mặt đất thì đa số là"
0,"Món cơm tấm ở quán này không tươi quá, ăn vài hôm là thấy quá ngấy."
1,"giá con này bên nhật rẻ mà.cái giá có thể nói là quá tuyệt vời so với chất lượng.ko thể kiếm được em nao tầm tiền đó mà ok như vậy.biết thế e mang về vài con bán lại 2,5tr cũng lời chán"
1,Đang dùng 4s và hoàn toàn mãn nguyện
1,"Món bún bò ngon hết sẩy, gia vị ngon."
1,"Mình rất hài lòng với Huawei, bàn phím bền, không lỗi lầm."
1,"Không có gì để chê ở Xiaomi, quá mạnh."
1,"Món nướng ngon hết sẩy, gia vị đậm đà."
1,"Mình rất hài lòng với Nokia, vân tay cao cấp, không lỗi lầm."
1,"Món gà rán ở quán này ngon tuyệt cực kỳ, ăn hơn nửa năm vẫn ghiền."
0,"Không thể chấp nhận được iPad, quá bình thường."
0,Mỗi nghe gọi lướt tý web vì sợ hết pin thì chả rầm rầm :)) nhìn mấy thánh dùng iphone lúc nào cũng kè kè ổ cắm mà thấy buồn cười không chịu nổi.
1,"Món nem cuốn vị rất ngon, nước chấm làm rất quá đã."
1,"Món lẩu vị sạch sẽ, phục vụ làm rất đậm đà."
1,Tuyệt vời..note
1,"Mình mới mua 1 con màu vàng ngọc, rất đẹp, phiên bản mới nhất 2015, mua bên bạch long giá 950k, chất lượng quá ngon, từ thiết kế cho đến chất âm rất đáng đồng tiền bỏ ra, phải nói là rất hài lòng về em nó. Một vài cảm nhận ban đầu như sau: - Pin dùng khá lâu - Tiếng chắc khỏe và rõ ràng, mở lớn 90% không rè - Có đủ các cổng kết nối, cổng vào 3.5mm, khe cắm thẻ nhớ, cổng Mic để thực hiện nghe gọi điện. - Được trang bị tăng-giảm âm lượng, tiến-lùi bài hát ngay trên loa, đèn nguồn báo tình trạng làm rất đẹp. - có 1 điểm mình chưa hài lòng là sản phẩm không tặng xạc đi kèm (dòng xạc 5v-1A) và cổng sạc MicroUSB thiết kế không đánh dấu chiều nên hay cắm nhầm chiều. - Chất lượng hoàn thiện loa rất tuyệt, đẹp là tinh tế, sang trọng."
1,Với tầm giá này thì Huawei là phù hợp nhất rồi.
0,"Gia vị món cà phê quá đắng, ăn không vô."
1,"Món bánh mì ngon hết sẩy, gia vị hấp dẫn."
0,Cứ nghĩ note 7 tới sẽ có camera 4k :(
1,"Mặc dù là hàng TQ nhưng mình thấy giá thành hợp lí so với các máy tầm trung, con GR5 này cũng đẹp"
0,Mua Xiaomi về dùng thử mà thấy yếu quá.
0,"Phải chi nghe hay cũng mua, nhưng nghe thử rồi dở ẹt. Phí tiền"
0,"Con Apple Watch này dùng quá tệ, pin nóng máy."
0,"Món nem cuốn vị dở, không đáng tiền tí nào."
1,Quán này bánh mì là cuốn hút nhất rồi.
1,"Mình rất thích nướng ở đây, quán phục vụ chất lượng, đồ ăn rất ngon."
1,"Mua Surface cho vợ dùng, bố khen sang trọng."
1,"Mới tậu con iPad này về, nhẹ cực kỳ luôn."
0,giá trên trời dưới giếng
1,"Món mì xào ở quán này chuẩn vị cực kỳ, ăn một tuần vẫn ghiền."
0,"Acer thiết kế quá kém, bàn phím thì chán hẳn."
1,"sony xperia z1 bạn nhé, cấu hình mạnh cam đẹp tuyệt với luôn"
0,"Gia vị món mì quảng quá nhạt, ăn không vô."
1,"Mới ăn thử cà phê ở đây, vị tươi lắm luôn."
1,"Không có gì để chê ở Asus, quá tuyệt vời."
1,"Không có gì để chê ở Nokia, quá đẳng cấp."
0,"Con iPhone này dùng nóng, pin quá đơ."
0,"Macbook thiết kế quá tệ, pin thì kém quá."
1,"Con Lenovo này dùng mạnh, pin ok lắm."
1,"Mình rất hài lòng với LG, camera nhẹ, rất bền."
1,"Mình rất thích bánh mì ở đây, quán phục vụ chuẩn vị, đồ ăn cuốn hút."
1,"Không có gì để chê ở món trà sữa này, quá ngon tuyệt."
0,Máy rất xấu
1,Với tầm giá này thì Nokia là ngon lành nhất rồi.
1,"Không có gì để chê ở món gỏi cuốn này, quá đậm đà."
0,Vâng rẻ nhất chỉ 4200$
1,"Không có gì để chê ở món bún chả này, quá sạch sẽ."
1,"Giá thì mình chỉ kết con Obi và con cuối, cấu hình cũng tốt nhất. Nhất là con Obi nghe nhạc rất hay."
0,"Càng lên đời cao, thiết kế càng xấu !????"
1,"Món cà phê vị giòn, phục vụ làm rất chất lượng."
0,Em này tầm 4m thì may còn có người mua. Nếu dân yêu BlackBerry thì em này ko có cửa. Còn dân công nghệ chắc ko chọn em này. Thật tiếc vì BlackBerry đã đi sai làn đường.
0,Dẫn em gái đi ăn phở mà em gái chê chua quá.
0,"Mình rất thất vọng với bún chả, gia vị chua, đồ ăn nhạt nhẽo."
0,Mới ăn thử bún bò ở đây mà thấy chán cực kỳ.
0,"Món pizza vị chua, không đáng tiền tí nào."
1,Tôi vẫn đang dùng note 3 và bạn tôi vẫn đang dùng đây . pin trâu . ngon hơn con ip5s nhiều
0,"Không thể chấp nhận được Acer, quá không ổn."
0,"Mình rất thất vọng với hải sản, nước dùng khét, đồ ăn khó nuốt."
0,"Mình rất thất vọng với Nokia, thiết kế quá kém, hay bị hết pin nhanh."
1,"Lenovo ổn định quá, xài cả năm rồi vẫn phê lắm."
0,"Samsung bình thường quá, xài một thời gian là thấy vô dụng."
1,"Mình đang dùng em này. Nói chung là thỏa mãn, xem phim, lướt web đều chấp nhận được. Còn về phần chơi game yêu cầu tần số quét thì khỏi bàn nếu so với dòng IPS. Mỗi người đều có nhu cầu riêng, ko ai điên bỏ cả chục triệu mua cái màn hình ko ra gì. Và trước khi mua mình cũng đã xem qua rất nhiều dòng Dell, Crossover, Asus, AOC,... Còn về hình ảnh, nhiều bạn chê này nọ nhưng thực tế thì nếu so cụ thể với với dòng IPS của Dell U2414h rõ ràng có sự chênh lệch màu sắc, nhưng ko đến nỗi thần thánh hóa như một số bạn nói. Tóm lại ai chọn mua màn hình đều có mục đích riêng cả, với giá tiền mua cái BenQ này mình có thể mua 1 cái màn 4k nhưng vì nó ko phù hợp với nhu cầu nên ko chọn."
1,"Mới tậu con iPad này về, hoàn hảo cực kỳ luôn."
0,hên quá chưa mua iphone . tệ hại thế .
0,Camera quá kém
0,"Món cà phê ở quán này khó ăn quá, ăn mấy ngày là thấy khét lẹt."
0,"Asus thiết kế kém, bộ nhớ thì quá đơ."
0,Giống y cái prada của LG ra mắt cách đây 4 hay 5 năm gì đấy!!!
0,"Gia vị món mì xào quá ngán, ăn không vô."
0,"Là dịp tốt để chơi những máy tầm 1d3, 5d2...( sẽ càng ha giá, likenew chỉ còn hơn chục củ, và chất lượng quá đủ để có ảnh đẹp). Nếu đã được tạm gọi là biết chụp và hậu kỳ thi Mấy e đời mới này chỉ để...đốt tiền...hjhj"
0,"Mình rất thất vọng với Asus, cấu hình tệ, hay bị mất sóng."
1,"Con Nokia này dùng cao cấp, pin dùng rất sướng."
1,"Mới tậu con Dell này về, mỏng cực kỳ luôn."
0,"Oppo lag quá, xài mấy ngày là thấy chán hẳn."
0,Với tầm giá này mà iPhone lag vậy là không đáng tiền.
1,Với tầm giá này thì Acer là cao cấp nhất rồi.
0,"LG loạn quá, xài một tuần là thấy kém quá."
1,Đã tải chụp ánh sáng đẹp hơn camera iPhone
0,"Món sushi vị quá tệ, không đáng tiền tí nào."
0,"Món sushi vị tanh, không đáng tiền tí nào."
0,Sao không bỏ bớt phần viền trên và dưới luôn chứ nhìn vậy vẫn chẳng có gì là mới cả.
1,"Dell thiết kế nhẹ, thiết kế ổn định."
0,"Không thể chấp nhận được món hải sản này, quá ngán."
0,Chính giao diện bất tiện của MS giết chết Nokia
1,"Mình rất thích sushi ở đây, quán phục vụ sạch sẽ, đồ ăn giòn."
0,"Gia vị món bún bò quá nhạt, ăn không vô."
1,"Dẫn bố đi ăn cơm tấm, vợ khen vừa miệng."
0,"Thua hết con honor 5c huawei mai về viet nam , giá lại hạt rẻ hơn"
0,"Apple Watch thiết kế chán, camera thì nhanh tã."
1,"Samsung thiết kế ấn tượng, camera tốt."
1,đã xúc và khá hài lòng
1,"Món cơm tấm ngon hết sẩy, gia vị chuẩn vị."
0,"Vừa mua 1 em Mi4 giá 1499 tệ từ web chính hãng mi.com. Dùng thấy khá ức chế vì ram 3g mà lúc nào cũng chỉ dư có 1g (chưa mở app nào hết), mở 1 vài app là báo full. Trong khi 925 có 1g ram dùng tẹt ga chưa bao giờ thấy đầy ram.Hình như ông android có bao nhiêu cũng dùng bằng sạch thì phải,máy ram 1g, 2g hay 3g cũng ngốn,cho hết, kỳ lạ.Laptop mở ty tỷ phần mềm nặng cũng chưa ăn hết 2g ram, đt gì mà phàm ăn thế."
0,"Ngán thằng tàu khựa này quá rồi, tinh tế nên viết bài về khoa học lại thấy hay hơn á"
1,"Realme thiết kế mạnh, cấu hình rất bền."
1,"Xiaomi thiết kế tốt, màn hình nhanh."
1,thật là thông minh
0,"Gia vị món mì xào quá đắng, ăn không vô."
0,Thiết kế rất nóng
1,"Mới ăn thử vịt quay ở đây, vị sạch sẽ lắm luôn."
1,"Món pizza ngon hết sẩy, gia vị ngon miệng."
1,"Dẫn con đi ăn lẩu, vợ khen ngon miệng."
0,"Mình rất thất vọng với gà rán, đồ ăn thiu, đồ ăn quá ngấy."
0,Với tầm giá này mà Oppo giật vậy là không đáng tiền.
1,"Món nem cuốn ở quán này béo cực kỳ, ăn cả tuần vẫn ghiền."
0,"Không thể chấp nhận được món cơm tấm này, quá ôi."
1,Nhất định phải mua 1 em này mới đc quá tuyệt
0,"Mua rồi mới thấy cảnh , tốt nhất k dùng sản phẩm china cho dù rẻ"
1,"Món mì quảng vị ngon miệng, đồ uống làm rất tươi."
0,"Máy xuất xưởng 3/2012 xài android 2.3 cũ rích, nhiều lỗi vặt với bản 2.3 buid 07.448 pin 1150mah xài 1-1.5 ngày. Vọc nhiều 4-5 tiếng"
1,"mình mới lên bản WatchOS 2.0.1, có vẻ cũng không cải tiến so với bản 2.0 là mấy phải không các bác, tiếc là mãi chưa thấy zalo, viber hay facebook hỗ trợ trên watch. zalo với viber phải dùng phone thôi. Nhưng mà nhận giọng nói tiếng việt rất tốt, tin nhắn và Maps quá okay. dù đứng xa phone vẫn thực hiện gọi nghe tốt."
1,"Mình rất hài lòng với Apple Watch, cấu hình tốt, ok lắm."
1,Quán này cà phê là đặc sắc nhất rồi.
1,very good
1,dòng Note của samsung là dòng điện thoại thông minh đáng dùng nhất
1,"Không có gì để chê ở Acer, quá hoàn hảo."
1,ngon quá zời
0,"máy mới, cao cấp mà nhìn cái cổng microusb tệ hại vậy trời"
0,"Con iPad này dùng chán, pin nóng máy."
1,Thiết kế này vô cùng đẹp
1,"Dẫn bạn bè đi ăn sushi, bố khen chất lượng."
0,"Như thời Ware tàu, đẹp long lanh thời đầu. Vài tháng hoặc năm sau mới biết chất lượng"
1,"Món kem ngon hết sẩy, gia vị giòn."
1,dùng Điện thoại thấy quá tốt
1,"Mình rất thích lẩu ở đây, quán phục vụ xuất sắc, đồ ăn cuốn hút."
0,"Con Nokia này dùng quá tệ, pin giật lag."
0,"Món gà rán vị ngán, không đáng tiền tí nào."
1,Spectre con nào cũng ngon và đẹp 1 cách kỳ lạ.
1,"Mới ăn thử sushi ở đây, vị vừa miệng lắm luôn."
0,"Món bánh xèo ở quán này quá dở quá, ăn vài tháng là thấy không đáng tiền."
0,Màn hình khá lag
1,"Không có gì để chê ở món cà phê này, quá vừa vị."
1,"Mới ăn thử trà sữa ở đây, vị hấp dẫn lắm luôn."
0,Máy hơi xấu
1,Nên mua về đo nhip tim sau khi xem hình Đc em này phục vụ thì tốt nhỉ
0,Mới mua con Lenovo này về mà thấy lởm cực kỳ.
1,sử dụng Sản phẩm thấy hoàn toàn tuyệt vời
1,"Mới tậu con Surface này về, hoàn hảo cực kỳ luôn."
0,ôi cái giá. phân khúc tầm trung đây ư
0,"Gia vị món nem cuốn quá ngấy, ăn không vô."
0,"Acer thiết kế nóng, màn hình thì không đáng tiền."
0,Mua Apple Watch về dùng thử mà thấy lởm quá.
1,"Dẫn bạn bè đi ăn trà sữa, con khen tuyệt vời."
0,"Asus bình thường quá, xài một thời gian là thấy quá cùi."
0,Mua LG về dùng thử mà thấy bình thường quá.
0,"từ 25inh trở lên theo mình nên dùng màn 21:9 , mình dùng mà LG 24mp88hm cảm thấy nó quá đủ tầm mắt, to hơn nữa nhìn chói lắm nếu dung 16:9 vì màn hình máy tính thường là ngồi cách 80 cm đổ lại 60 cm. chốt lại thiết kế em này xấu . còn chất lượng (chắc) ngon."
0,"Không thể chấp nhận được HP, quá chán."
0,Bphone 2 cũng chết yểu như bphone 1 thôi.
0,"Asus thiết kế kém, camera thì quá cùi."
1,Trước tôi đc cô cho 1 em samsung nắp gập rất bền quăng quật suất chẳng sao
0,"Con HP này dùng đơ, pin quá chán."
0,K MUA
1,Samsung A9 pro dung lượng khá cao.
0,Thiết kế quá kém
1,"Con iPad này dùng hoàn hảo, pin mượt."
1,"Con HP này dùng hoàn hảo, pin không bị lag."
0,Pin chả tuyệt vời
0,"Surface thiết kế chán, pin thì hết pin nhanh."
1,Quá ngot. Bao h về VN để múc một em nhỉ.
1,"Quá khủng cho đội Winphone, với cấu hình này thì đám Android cao cấp chỉ có mà mang đi đập ruồi hết. Cấu hình quá mạnh, chạy ổn định, gần như không có virus, giờ chỉ cần nhiều Universal app nữa thì không còn gì để nói."
0,Vỏ nhựa là ko thích rồi;
1,"Mua Huawei cho chồng dùng, vợ khen ngon lành."
1,"Món nướng ngon hết sẩy, gia vị vừa vị."
1,"Không có gì để chê ở Xiaomi, quá nhanh."
0,"Gia vị món pizza quá ngán, ăn không vô."
0,"Không thể chấp nhận được món cơm tấm này, quá nhạt."
1,"Mới ăn thử kem ở đây, vị rất ngon lắm luôn."
1,"Không có gì để chê ở món bánh mì này, quá sạch sẽ."
1,Thiết kế này khá xịn
1,Với tầm giá này thì Acer là đẳng cấp nhất rồi.
1,"Mới tậu con Sony này về, ổn định cực kỳ luôn."
0,1 con máy cùi mà hàng chục bài review đủ thể loại trên tinh tế?? k hỏi cũng nên tự biết chứ bạn
1,"Món mì xào vị tuyệt vời, không gian làm rất rất ngon."
0,Mới ăn thử nướng ở đây mà thấy nguội ngắt cực kỳ.
0,"Chắc theo chân obama thôi, bye bb"
1,"Không có gì để chê ở Acer, quá đáng tiền."
1,"Mới tậu con Surface này về, ấn tượng cực kỳ luôn."
1,"trời, đẳng cấp"
0,Mới ăn thử bún bò ở đây mà thấy tanh cực kỳ.
0,"Không thể chấp nhận được Asus, quá kém."
0,Dẫn người yêu đi ăn pizza mà bạn bè chê không tươi quá.
0,"xấu tệ, thiếu sáng tạo"
1,"Huawei thiết kế nhanh, cấu hình nhanh."
1,dây leather loop đẹp với êm tay nhất các bác nhỉ
0,"iPhone nặng quá, xài mấy ngày là thấy rất tệ."
0,"Món vịt quay vị mặn, không đáng tiền tí nào."
0,"Con Nokia này dùng không ổn, pin vô dụng."
1,Con này có cái đế tiện ghê
0,Dẫn bố đi ăn mì xào mà mẹ chê nhạt quá.
1,Loa này thật sự êm
0,"định lụm vài e iphone5 softbank, au, hay docomo giá rẻ mà thấy sao khó unlock wá, sim ghép cũg k bằng quốc tế...chán.. bên Nhật rẻ như cho...nhìn họ bán mà chảy nước...ực ực.."
0,"Con Dell này dùng loạn, pin quá đơ."
0,"Món mì xào ở quán này thiu quá, ăn suốt mấy tháng là thấy quá dở."
1,Tuyệt vời 2 sim và 1 khe cấm thẻ giá 14tr quá ngon cho đội LG.
0,Mới mua con Vivo này về mà thấy lỗi cực kỳ.
0,"đeo thiết bị này cẩn thận nhé, vì rất dễ bị dị ứng, mẩn đỏ nếu đeo từ sáng đến tối và liên tục. :( một nhược điểm nữa."
0,Cái giá quá chi là ảo tưởng
1,"Mới ăn thử gỏi cuốn ở đây, vị đặc sắc lắm luôn."
0,Với tầm giá này mà Asus quá kém vậy là không đáng tiền.
1,"Món trà sữa ngon hết sẩy, gia vị xuất sắc."
0,Quán này đồ ăn nhạt vậy là không đáng tiền.
1,"Con AirPods này dùng xuất sắc, pin nhanh."
0,Giá này mua s7 ngon hơn
0,Mua Realme về dùng thử mà thấy mờ quá.
1,"Món bánh xèo vị ngon tuyệt, không gian làm rất ngon."
1,"Mình rất thích bún bò ở đây, quán phục vụ vừa miệng, đồ ăn tuyệt vời."
0,"Mình đang xài LG V10 cảm thấy phím bấm nằm trong màn hình thấy khó chịu gì đâu đó, mỗi lần mở Clip hay mở game muốn Back lại thì phải rà rà mép màn hình cho nó hiện 3 nút lên. Vẫn thích phím Home Back cứng hơn"
1,Camera này quá hoàn hảo
1,"Mua AirPods cho con dùng, chồng khen nhanh."
1,"Macbook thiết kế tốt, sạc không nóng máy."
1,sử dụng Chất lượng thấy khá êm
1,Note 7 có Corning Gorilla Glass 5 không trầy rớt 1 met 6 thì không bể
1,Màn hình này thật sự bền
0,"Kekeke...mình thì không nghĩ thế đâu..nhìn con 5s màu vàng thể hiện sự sang trọng, màu vàng hồng thì nữ tính....màu tím...chả hiểu để làm cái gì nữa...ra để dễ phân biệt với 6 hay 6s chắc...   apple thiết kế ngày một đi xuống...được cái mới là mỗi sản phẩm thêm 1 màu cho dễ nhận biết..và tạo công ăn việc làm cho các thím độ màu ở việt nam...."
0,"Không thể chấp nhận được món bánh xèo này, quá quá tệ."
0,Với tầm giá này mà Asus kém vậy là không đáng tiền.
0,"Lenovo thiết kế kém, vân tay thì loạn cảm ứng."
1,"Mua Realme cho chồng dùng, em trai khen sắc nét."
1,Quán này lẩu là giòn nhất rồi.
0,Mới mua con Dell này về mà thấy kém cực kỳ.
1,"Mua Huawei cho em gái dùng, em gái khen mỏng."
1,Muốn sở hữu một con Surface book quá. Đẹp quá đi thôi. Mình đang nghĩ mình phải tiết kiệm bao lâu đây. hic hic.
0,Với tầm giá này mà Lenovo loạn vậy là không đáng tiền.
1,"Mới tậu con Surface này về, đẳng cấp cực kỳ luôn."
0,"Món bánh xèo vị chua lè, không đáng tiền tí nào."
0,"Gia vị món lẩu quá ngán, ăn không vô."
1,"Mới tậu con iPad này về, mỏng cực kỳ luôn."
0,"Món nướng ở quán này chua lè quá, ăn một thời gian là thấy mất vệ sinh."
1,Với tầm giá này thì Apple Watch là ngon lành nhất rồi.
0,"Xiaomi nặng quá, xài cả năm là thấy nhanh tã."
0,"Không thể chấp nhận được món bánh xèo này, quá tanh."
0,Chỉ dùng dòng BB10 và dừng. Còn dòng từ adnroid sx ở tq thì từ nay ....chia tay
0,"Samsung giật quá, xài vài hôm là thấy sụt pin nhanh."
0,"Món mì quảng vị mặn, không đáng tiền tí nào."
1,"LG thiết kế bền, sạc không bị lag."
0,Mới ăn thử bún chả ở đây mà thấy chán cực kỳ.
1,Với tầm giá này thì Vivo là đáng tiền nhất rồi.
1,"Mới tậu con Realme này về, tuyệt vời cực kỳ luôn."
1,"Mua Huawei cho bạn bè dùng, mẹ khen ấn tượng."
0,"Sony thiết kế nóng, wifi thì giật lag."
0,Dẫn bạn bè đi ăn pizza mà người yêu chê mặn quá.
1,Với tầm giá này thì Xiaomi là mượt mà nhất rồi.
0,"Gia vị món lẩu quá mặn, ăn không vô."
0,Với tầm giá này mà Xiaomi xấu vậy là không đáng tiền.
0,"Một thiết kế không thể xấu hơn,chào mừng Apple ra nhập với đội HTC,cổ phiếu của Apple sẽ sụt như chong chóng tụt sau khi Iphone 7 và IP7 Plus ra mắt cho mà xem !"
0,Mua Nokia về dùng thử mà thấy kém quá.
0,"Mình rất thất vọng với Oppo, vân tay đơ, hay bị rất tệ."
1,"Mua AirPods cho mẹ dùng, vợ khen bền."
0,"Sony bình thường quá, xài một thời gian là thấy quá cùi."
1,"Mình rất thích cơm tấm ở đây, quán phục vụ xuất sắc, đồ ăn ngon."
0,"iPhone quá kém quá, xài cả năm là thấy quá chán."
1,"Mình mới lên hôm qua, củng ok lắm. Pin vs mở khoá vân tay ngon hơn. Chế độ đọc báo ban đêm cho phép mở khi ở chế độ tiết kiệm pin"
1,"Không có gì để chê ở Acer, quá xuất sắc."
1,"Mình rất hài lòng với Xiaomi, vân tay nhanh, phê lắm."
1,"Không có gì để chê ở Acer, quá tuyệt vời."
1,"Surface tuyệt vời quá, xài một tháng rồi vẫn không lỗi lầm."
1,"Món cà phê ngon hết sẩy, gia vị ngon."
1,Quán này gà rán là chất lượng nhất rồi.
1,"Uhm. N ếuchup ki niem vs fb, zalo nay nọ thi fuji la su lựa chọn qua ngon. Minh vẫn thích nước anh fuji vs thiết kế của fuji hơn la sony"
0,"Gia vị món bún chả quá khô, ăn không vô."
0,Màn hình thật sự yếu
0,Với tầm giá này mà LG nóng vậy là không đáng tiền.
1,Máy này rất êm
0,"Bạn này hỏi như trả lời luôn, nếu trong suy nghĩ của bạn thấy Sony tốt hơn ss rồi thì hỏi mọi người làm gì nữa. Tốt nhất là cứ mua Sony đi cho đỡ phải lăn tăn vì ý kiến người khác mà mình ko được dùng Sony. Toi thì đã dùng đủ cả các loại rồi, ý kiến chủ quan của tôi thì đt ss tốt hơn mọi mặt nếu cùng tầm tiền."
0,Với tầm giá này mà Vivo quá tệ vậy là không đáng tiền.
1,"Món bún bò vị béo, gia vị làm rất tuyệt vời."
0,Và giá chát
0,Dẫn em trai đi ăn bún chả mà mẹ chê nguội ngắt quá.
1,"Món nướng ở quán này ngon miệng cực kỳ, ăn vài hôm vẫn ghiền."
1,Với tầm giá này thì LG là nhẹ nhất rồi.
0,"Món mì quảng ở quán này ôi quá, ăn mấy ngày là thấy ôi thiu."
1,"Mới ăn thử mì xào ở đây, vị thơm lắm luôn."
0,Dẫn chồng đi ăn mì xào mà chồng chê quá kém quá.
0,Nhìn thô quá nhất là mặt sau.mãi vẫn thua 6s plus
0,Mới ăn thử bún bò ở đây mà thấy ngấy cực kỳ.
1,"Mới tậu con Samsung này về, bền cực kỳ luôn."
0,"Gia vị món trà sữa quá ngấy, ăn không vô."
1,"Mới tậu con Dell này về, ngon lành cực kỳ luôn."
0,Mới mua con Acer này về mà thấy quá kém cực kỳ.
1,"Món sushi vị rất ngon, đồ uống làm rất tuyệt vời."
0,MAC WÉ K MUA DÂU
0,"Không thể chấp nhận được món pizza này, quá không tươi."
1,"Con Sony này dùng tuyệt vời, pin ổn định."
0,Điện thoại khá nhanh hỏng
1,Ôi giá rẻ quá
0,"Con Oppo này dùng nặng, pin yếu xìu."
0,"Vivo nặng quá, xài mấy ngày là thấy rất tệ."
0,"Do giao diện đơn giản nhưng rất khó sử dụng, điển hình như vút từ phải sang trái mới hiện menu nhưng phải vút ở trên mới hiện, vút ở dưới không hiện, rồi khi hiện ra thì ứng dụng rối tung, phải vút mỏi tay mới vào được phần mình muốn tìm, ứng dụng quá nghèo nàn, như muốn học tiếng anh hay cái gì cũng khó, nhưng ưu điểm là không chậm sau một thời gian như android."
0,"Mình rất thất vọng với Sony, pin xấu, hay bị kém quá."
1,"Món bún chả ngon hết sẩy, gia vị vừa vị."
0,"Oppo đơ quá, xài cả năm là thấy quá chán."
1,Dịch vụ này vô cùng bền
1,"Tôi đã dùng One M7 được hơn 2 năm rồi. Máy luôn ổn định, cảm ứng mượt, âm thanh khi xem phim và nghe nhạc hay hơn mấy dòng tương đương. Giờ nhìn con HTC 10 này ko chê vào đâu được, nếu giá mà thấp hơn một chút thì tốt quá. I love HTC!"
0,"Đường dài mới biết ngựa hay, xem 3 năm nữa những chiếc Galaaxy từng tung hô hơn Iphone về mọi mặt xem nó lặn đâu hết . Đơn giản nhất hãy lục lại những bài viết cách đây 4 năm khi Iphone 5 ra mắt cũng là Galaxy S3 ra mắt năm 2012. Bây giờ Iphone 4 họ vẫn dùng đầy, Iphone 5 vẫn chạy mượt mà thì Galaxy S3 bói ko thấy ai cầm trên tay. Đơn giản đồ của anh Sam dùng 1-2 năm là bong tróc hỏng bất đắc kỳ lâu tử rồi trong khi tiền sửa quá tiền mua máy khác."
1,"Mình rất hài lòng với iPad, cấu hình ấn tượng, tốt."
1,mình rất thích nó. Mắt thẩm mỹ của nhưng người kia để đâu ko biết !
0,"Gia vị món nướng quá ôi, ăn không vô."
1,Quán này pizza là ngon miệng nhất rồi.
0,"Viền dưới thì dầy cộp. Sao ko để mấy nút home, back ở đó mà cứ đưa vô cái màn hình làm gì???? xài ức chế"
0,Mạng rất tệ
0,Mới mua con HP này về mà thấy quá chán cực kỳ.
1,"Món cơm tấm ở quán này sạch sẽ cực kỳ, ăn một tuần vẫn ghiền."
1,"Món nem cuốn ở quán này đặc sắc cực kỳ, ăn một tháng vẫn ghiền."
1,"Dẫn bố đi ăn bánh mì, con khen xuất sắc."
1,"Món cà phê ngon hết sẩy, gia vị ngon tuyệt."
0,"Mình rất thất vọng với nướng, topping quá tệ, đồ ăn mặn chát."
1,"Món cơm tấm ở quán này thơm cực kỳ, ăn một thời gian vẫn ghiền."
0,"Mình rất thất vọng với phở, topping quá dở, đồ ăn chua loét."
1,"Món hải sản ngon hết sẩy, gia vị vừa miệng."
1,fanryu.bộ nhớ và sóng ngon.mỗi tội nghe nhạc nhỏ.chưa gỡ app nên ram free tầm 300 nhưng mượt
0,Hy vọng về VN giá tầm trung. Như tầm trung A7 quá đắt! :(
0,"Con Sony này dùng lỗi, pin giật lag."
1,Loa này vô cùng đỉnh
0,"Không thể chấp nhận được Samsung, quá giật."
0,"Mình rất thất vọng với Macbook, cấu hình loạn, hay bị mất sóng."
0,Mới mua con Huawei này về mà thấy lag cực kỳ.
1,"Không có gì để chê ở Apple Watch, quá tốt."
1,Với tầm giá này thì AirPods là nhanh nhất rồi.
1,Với tầm giá này thì Nokia là sang trọng nhất rồi.
1,tuyệt vời ông mặt trời!
1,"Món mì xào ngon hết sẩy, gia vị béo."
0,thấy nó sao sao. thà mua A6000 không thì lên dòng anh bãy ff hơn là con này
0,"Mình rất thất vọng với Realme, bộ nhớ quá kém, hay bị kém quá."
1,"AirPods thiết kế ngon lành, thiết kế rất tốt."
1,Chỉ có thể là BlackBerry. I love BB!
1,"Dẫn vợ đi ăn cơm tấm, em gái khen tuyệt vời."
1,trải nghiệm Màn hình thấy hoàn toàn tốt
0,"Không thể chấp nhận được Nokia, quá lỗi."
1,"Con Asus này dùng đáng tiền, pin không nóng máy."
0,Mới ăn thử mì quảng ở đây mà thấy tanh cực kỳ.
0,"Món cà phê ở quán này khó ăn quá, ăn cả năm là thấy khét lẹt."
0,Mua Huawei về dùng thử mà thấy chậm quá.
0,"Nokia giật quá, xài một thời gian là thấy chán hẳn."
0,"AirPods lag quá, xài mấy ngày là thấy mất sóng."
1,"Món pizza vị chuẩn vị, gia vị làm rất sạch sẽ."
1,"Surface dùng rất tốt , điểm yếu duy nhất là màn hình nhỏ hơn laptop nên sử dụng ko quen , cấu hình chay rất ok , win, ofice bản quyền chạy vi vu , đồng bộ dữ liệu . chơi game, ứng dụng dowload vô tư , xbox ......., pin trâu bò , bạn mua cây laptop mới mình đảm bảo ko có cây nào pin chạy đc 6-8 tiếng như Surface    đang sử dụng và bỏ luôn laptop ."
1,"Không có gì để chê ở món bún chả này, quá cuốn hút."
1,"iPad thiết kế mạnh, camera không lỗi lầm."
0,"Không thể chấp nhận được Realme, quá nóng."
1,"Mới tậu con Asus này về, mạnh cực kỳ luôn."
1,"Mới tậu con Sony này về, đẳng cấp cực kỳ luôn."
0,"Surface thiết kế không ổn, loa thì kém quá."
0,"Bây giờ TV càng ngày càng rẻ nhỉ, TV 4K giá ko lên trời như xưa luôn."
1,"Món bún bò ở quán này chuẩn vị cực kỳ, ăn cả tuần vẫn ghiền."
1,"Dẫn bố đi ăn mì quảng, bố khen hấp dẫn."
0,Mới mua con AirPods này về mà thấy mờ cực kỳ.
1,"Món trà sữa ngon hết sẩy, gia vị sạch sẽ."
1,tuyệt vời :))))
1,Dùng BlackBerry PRIV và dùng BlackBerry keyboard thấy tiện hơn nhiều mà là chính chủ luôn.
0,"Gia vị món nem cuốn quá khó ăn, ăn không vô."
1,Màn hình này rất xịn
0,"Món hải sản vị khô, không đáng tiền tí nào."
1,"Surface nhanh quá, xài một tuần rồi vẫn phê lắm."
1,"Món gà rán ở quán này ngon miệng cực kỳ, ăn một thời gian vẫn ghiền."
1,Nói trung những ai đã từng sài đt ip thì khó lòng đổi sang đt khát.vì ứng dụng của ios chạy mượt dễ thích ứng với những ai đã sài quen.còn nói đến giá đúng là quá cao.tôi đã mua ip 6s plus bản màu vàng hồng 128gb.sau khi được bán ở mỹ một tháng với giá 800usd.và cho đến ngày hôm nay dù cho giá ip ở Việt Nam! Có giảm đến mấy tôi vẫn còn lời so với cái giá hiện tại.nếu có thể giá ip về Việt Nam! Nên gần sát giá nước ngoài thì mọi người xẽ dễ mua tiếp cận hơn!
0,Dẫn người yêu đi ăn nem cuốn mà người yêu chê ôi quá.
0,"Không thể chấp nhận được HP, quá chậm."
0,Dẫn chồng đi ăn kem mà chồng chê thiu quá.
0,"Món vịt quay ở quán này khó ăn quá, ăn vài hôm là thấy không đáng tiền."
0,Sản phẩm khá lag
0,"Mình rất thất vọng với AirPods, vân tay nóng, hay bị rất tệ."
0,Mua Huawei về dùng thử mà thấy mờ quá.
0,ời mình mới tìm hiểu thấy thua 960.. với giá khoảng 3tr chơi game cũng ngon lắm rồi
1,"Mua Oppo cho vợ dùng, người yêu khen mượt mà."
0,"đang phân vân giữa v10 và SS a9 pro. Nge các bác nói tớ qđ lun Tớ xài G3 2 năm rồi. Không hài lòng ở 2 chỗ: 1. Nứt khe cắm sạc => may còn bh xách đi dc thay vỏ mới. 2. Pin cực kì hao, chắc do gánh màn 2K. Pin chính hãng đã ra đi... giờ đang xài pin TQ 250k cục.... wifi đọc báo chat chit tầm 4 tiếng là hết zzz."
0,"Món trà sữa ở quán này dở quá, ăn một thời gian là thấy khó nuốt."
1,"LG tốt quá, xài một tuần rồi vẫn không lỗi lầm."
1,Với tầm giá này thì Asus là ổn định nhất rồi.
1,"Món mì xào ngon hết sẩy, gia vị vừa vị."
0,"LG chán quá, xài một tuần là thấy nóng máy."
0,"Gia vị món gỏi cuốn quá thiu, ăn không vô."
1,"cái này sony z5p vs huawei p9 có làm rùi, samsung đúng là biết lắng nghe ng tiêu dùng. like cho a sam"
1,"Huawei thiết kế hoàn hảo, sạc bình thường."
1,"Không có gì để chê ở Surface, quá nhanh."
1,"Mới ăn thử bún chả ở đây, vị chuẩn vị lắm luôn."
0,"Mua máy thì phải fullframe, chụp hình thì phải manuel, xuất hình thì nhất định phải file raw ... cuối cùng thành phẩm ra tấm hình jpg cho người ta nhìn thì y như ...s ... Đúng là những con vịt bầu lại cứ thích làm thiên nga. Chán !"
1,"Không có gì để chê ở Samsung, quá tuyệt vời."
1,sử dụng Dịch vụ thấy quá đẹp
0,Mới ăn thử mì quảng ở đây mà thấy không tươi cực kỳ.
1,Với tầm giá này thì iPhone là sắc nét nhất rồi.
0,Với tầm giá này mà iPhone quá chán vậy là không đáng tiền.
1,"Mới tậu con Nokia này về, đáng tiền cực kỳ luôn."
1,"Dẫn mẹ đi ăn cơm tấm, mẹ khen đặc sắc."
0,Quán này đồ ăn mặn vậy là không đáng tiền.
0,"AirPods thiết kế loạn, thiết kế thì nhanh tã."
0,Cảm giác như đồ chơi của trẻ con. Nếu bỏ thêm vài triệu nữa thì tôi mua S7 đẹp và sang hơn.
1,"Macbook phù hợp quá, xài cả tuần rồi vẫn vẫn mượt."
1,"Không có gì để chê ở món phở này, quá quá đã."
1,Quán này cơm tấm là vừa miệng nhất rồi.
0,"sao nó ko làm phím nguồn, âm lượng, bật tắt chế độ âm lượng chìm nhìn con dế sẽ mượt hơn biết mấy???"
1,Với tầm giá này thì Acer là nhanh nhất rồi.
1,"Vivo thiết kế ấn tượng, wifi hoạt động tốt."
1,Quán này bánh mì là rất ngon nhất rồi.
0,"Ko nhận ra bb....chán. Mình dừng lại ở BB Passport và hài lòng với hai em 9900, 8800 trên giá sách."
1,Quán này pizza là hấp dẫn nhất rồi.
0,"Con Macbook này dùng yếu, pin quá cùi."
1,Thiết kế này khá đỉnh
0,Mới ăn thử trà sữa ở đây mà thấy quá dở cực kỳ.
1,"Mình rất thích trà sữa ở đây, quán phục vụ tươi, đồ ăn ngon."
1,"Mình rất hài lòng với iPhone, vân tay sang trọng, mạnh."
0,"Yêu BlackBerry củng chỉ ở hệ điều hành, bàn phím... bỏ hai cái này thì không còn giá trị của nó nữa, em này bỏ cái chữ BlackBerry phía trước và cho vào màn hình mấy cái phím cảm ứng...như loạt smartphones rẻ tiền của anh TQ... ông CEO Chen nầy đang muốn trung quốc thâu tóm BlackBerry nên mới thế này..."
0,Dẫn chồng đi ăn bánh xèo mà người yêu chê nguội ngắt quá.
1,"Mua Asus cho đồng nghiệp dùng, em gái khen mạnh."
0,"Mình rất thất vọng với bánh xèo, đồ ăn khô, đồ ăn tanh rình."
0,"Vivo bình thường quá, xài một thời gian là thấy loạn cảm ứng."
0,Dẫn vợ đi ăn hải sản mà đồng nghiệp chê chua lè quá.
0,"Mình rất thất vọng với cơm tấm, nước chấm ngấy, đồ ăn chua loét."
1,"Mới ăn thử mì xào ở đây, vị vừa miệng lắm luôn."
0,Mạng khá cùi
0,Em dùng I607 sao sạc pin pin nó k lên ngay mà phải rút sạc rs máy (lúc lên thì là pin yếu) cắm sạc thì nó mới lên pin có ai bị vậy k ?.Em dùng wm 6.5 Mà sạc rất lâu đầy ... ?
1,Đẳng cấp đích thực.
1,Dịch vụ này cực kỳ đỉnh
0,Hàng TQ cho cũng không dùng.
1,"Dẫn bạn bè đi ăn bún bò, bạn bè khen béo."
0,"Món bún chả ở quán này khô quá, ăn một thời gian là thấy không nuốt nổi."
0,"AirPods thiết kế không ổn, vân tay thì yếu xìu."
0,"Không thể chấp nhận được món sushi này, quá đắng."
1,"Món bánh xèo vị vừa vị, nước chấm làm rất giòn."
0,"SAO ĐẮT THẾ . MÌNH MUA CÓ 3,7M THÔI"
0,"Con Vivo này dùng bình thường, pin không xài được."
0,"Apple Watch nóng quá, xài hơn nửa năm là thấy lag lòi."
1,"Dẫn bạn bè đi ăn cơm tấm, em gái khen chất lượng."
1,"Món bún chả vị ngon, món ăn làm rất vừa miệng."
0,"Mình rất thất vọng với Xiaomi, chip quá kém, hay bị sụt pin nhanh."
0,Mới ăn thử cơm tấm ở đây mà thấy không tươi cực kỳ.
1,Nhìn là khoái
0,"Nghe đã không hấp dẫn , tăng độ rườm rà , thế lúc bán máy nó cứ chủ cũ nó nhận thì chết"
1,"Món pizza ngon hết sẩy, gia vị ngon."
1,"Xiaomi cao cấp quá, xài một tuần rồi vẫn rất tốt."
1,"Mình rất hài lòng với HP, màn hình đẳng cấp, không nóng máy."
0,"Còn cái vụ up 4.0 của P-04D cho 102p, chẳng hiểu sao trên trang Docomo hướng dẫn cho người dùng P-04D up lên bản có số build number là: 09.0270 Trong khi 102p up lên bản của P-04D thì build number : 09. 0256 (như trong hình) Có cách nào up lên số build 09.0270 ko? Vì bản này thì chức năng giữ nút cảm ứng home vẫn có tác dụng. Nhiều khi nhét túi, lấy dt ra đã dính cái nút home này, thậm chí ở trong túi dt úp mặt vào chân cũng bị"
1,Đẹp quá
0,Mới mua con Asus này về mà thấy chán cực kỳ.
1,Dịch vụ này thật sự đỉnh
1,"Mình rất thích bún bò ở đây, quán phục vụ đậm đà, đồ ăn thơm."
1,Chất lượng này thật sự mát
0,Mới mua con LG này về mà thấy loạn cực kỳ.
0,Mua Sony về dùng thử mà thấy bình thường quá.
0,Mới mua con Xiaomi này về mà thấy lởm cực kỳ.
0,"Con Nokia này dùng mờ, pin hay bị lỗi."
0,"Con Apple Watch này dùng bình thường, pin không xài được."
1,Quán này gà rán là chuẩn vị nhất rồi.
0,Mới ăn thử bánh mì ở đây mà thấy mặn cực kỳ.
1,"Mới ăn thử bánh mì ở đây, vị rất ngon lắm luôn."
0,"Vivo thiết kế chậm, cấu hình thì hay bị lỗi."
1,"Mình rất hài lòng với Dell, wifi mạnh, hoạt động tốt."
0,Với tầm giá này mà HP mờ vậy là không đáng tiền.
0,"Con Samsung này dùng xấu, pin vô dụng."
1,"Không có gì để chê ở Lenovo, quá đẹp."
1,"Món gà rán ngon hết sẩy, gia vị ngon."
0,"Mình rất thất vọng với iPad, camera không ổn, hay bị chán hẳn."
0,Sản phẩm rất chán
1,Máy này cực kỳ đỉnh
0,"Mình rất thất vọng với Vivo, cảm ứng lỗi, hay bị sụt pin nhanh."
1,Quán này cơm tấm là sạch sẽ nhất rồi.
0,Với tầm giá này mà Samsung quá kém vậy là không đáng tiền.
0,Dẫn đồng nghiệp đi ăn kem mà vợ chê chán quá.
0,"Không thể chấp nhận được Nokia, quá đơ."
0,"Món cà phê vị mặn, không đáng tiền tí nào."
0,"Gia vị món lẩu quá nhạt, ăn không vô."
0,Dẫn con đi ăn bún bò mà người yêu chê khô quá.
1,Sản phẩm này vô cùng xịn
1,"Món phở ngon hết sẩy, gia vị rất ngon."
1,"Mình rất hài lòng với Xiaomi, thiết kế tốt, không lỗi lầm."
1,"Không có gì để chê ở món pizza này, quá chuẩn vị."
1,"Sony cao cấp quá, xài cả năm rồi vẫn không lỗi lầm."
0,"Vivo thiết kế loạn, sạc thì chậm vãi."
1,Quán này gà rán là ngon miệng nhất rồi.
1,"Samsung ổn định quá, xài cả tuần rồi vẫn rất bền."
1,Quán này nướng là vừa miệng nhất rồi.
1,"Không có gì để chê ở món bún bò này, quá giòn."
1,Quán nét cần gì đao to búa lớn hả bạn. Mình xài amd 7790 gần 4 năm rồi giờ vẫn cân hết các game on. Quán net nếu ăn chơi lắp 460 là 5 năm khỏi nghĩ
1,Thiết kế này hoàn toàn đỉnh
1,"9 năm trước (2007), laptop của Lenovo (ideapad 510) đã có tính năng này rồi, và tôi vẫn sử dụng tốt cho tận hôm nay."
0,"Asus thiết kế tệ, camera thì yếu xìu."
0,"Gia vị món mì quảng quá khô, ăn không vô."
0,Ngày tàn của Samsung!
0,Thiếu mỗi quả táo ở mặt sau nữa thôi
0,"Mình rất thất vọng với Surface, màn hình tệ, hay bị kém quá."
0,"BB ngày xưa đâu, sao ko kế thừa fan của BB và cách tân để có điểm khác biệt, chứ thế này ko cạnh tranh nổi."
1,"Mình rất thích cà phê ở đây, quán phục vụ quá đã, đồ ăn ngon tuyệt."
1,Quán này bún chả là sạch sẽ nhất rồi.
0,Dẫn em gái đi ăn gỏi cuốn mà em gái chê thiu quá.
1,"Máy đẹp đó, chất lượng hoàn thiện cực tốt, cấu hình ngon, bền , pin ngon, nhưng máy tq thì cho không lấy, thấy không xin"
0,Không bao giờ mua cái j của bkav nữa. Dại 1lần thôi.
1,Dc 1ngày làm việc thế là ok quá rồi còn gì
1,"AirPods thiết kế sang trọng, bàn phím ok lắm."
1,Dịch vụ này thật sự êm
1,"Mới tậu con Asus này về, phù hợp cực kỳ luôn."
0,"Con iPhone này dùng nóng, pin kém quá."
1,"Không có gì để chê ở món phở này, quá đặc sắc."
1,"Mới ăn thử kem ở đây, vị đặc sắc lắm luôn."
0,"Oppo thiết kế không ổn, camera thì hay bị lỗi."
1,"Món bánh xèo vị sạch sẽ, không gian làm rất thơm."
0,"Không thể chấp nhận được món nem cuốn này, quá ôi."
1,nên up bạn ah minh up lên tuy có mất mấy gb bộ nhớ nhưng máy chạy ngon sóng sánh khỏi phải bàn luôn đặc biệt là pin trâu hơn hẳn
1,"Dẫn em gái đi ăn gà rán, bạn bè khen tươi."
0,"Không thể chấp nhận được Dell, quá tệ."
1,"Không có gì để chê ở iPhone, quá phù hợp."
0,Giá thật sự xấu
1,"Mình rất hài lòng với Apple Watch, sạc cao cấp, nhanh."
1,mình đang dùng note 4 xách tay mỹ viết trả lời cho bạn đây. Theo đánh giá là rất ổn định
0,"Mình rất thất vọng với Xiaomi, sạc mờ, hay bị lag lòi."
1,Rẻ ghê ^^
1,"Không có gì để chê ở món hải sản này, quá rất ngon."
0,"Không thể chấp nhận được món bún bò này, quá không tươi."
0,"AirPods thiết kế đơ, pin thì quá cùi."
1,"Quá đẹp và quá đẳng cấp so với quy định, nhất định sẽ cưới một em trong năm nay ."
1,Cái cảm biến vân tay đặt ở vị trí có duyên ghê
1,"Mới ăn thử trà sữa ở đây, vị cuốn hút lắm luôn."
1,;trước giờ không nghĩ là em mbs lại sx x max với camera khá là bá
0,"G2 mỏng manh lắm bác ơi , có nghe về vụ mành hình của nó nến hồi hôm qua mình có đem con HTC one m7 đi giao lưu với nó thì khi tést máy lúc mát thì bình thường nhưng khi nóng máy là bị dực dực màng hình ..."
0,Xét về độ thân thiện và cảm giác cầm mau (Ergonomics   handling) thì em này chỉ đáng được điểm 2
0,"Không thể chấp nhận được món bánh xèo này, quá thiu."
0,"Gia vị món mì xào quá thiu, ăn không vô."
0,Mua Nokia về dùng thử mà thấy bình thường quá.
1,trải nghiệm Camera thấy khá mát
0,Mới ăn thử cơm tấm ở đây mà thấy ngán cực kỳ.
0,"Mình rất thất vọng với cà phê, đồ uống khét, đồ ăn nhạt nhẽo."
1,Sam sung bất wifi thì vô đối rồi
0,Mới ăn thử pizza ở đây mà thấy thiu cực kỳ.
1,Quán này nem cuốn là ngon miệng nhất rồi.
1,"Không có gì để chê ở iPad, quá đẳng cấp."
1,"Dẫn người yêu đi ăn lẩu, bạn bè khen xuất sắc."
0,"AirPods thiết kế lỗi, loa thì không đáng tiền."
1,"Mình rất thích kem ở đây, quán phục vụ vừa vị, đồ ăn béo."
0,"Không thể chấp nhận được Xiaomi, quá yếu."
1,"Món gỏi cuốn ở quán này cuốn hút cực kỳ, ăn hơn nửa năm vẫn ghiền."
1,Chất lượng này rất ngon
1,"AirPods bền quá, xài vài tháng rồi vẫn mượt."
0,"Mình rất thất vọng với bánh xèo, món ăn khô, đồ ăn không nuốt nổi."
1,"Mua Sony cho vợ dùng, bạn bè khen tuyệt vời."
0,"Trời ơi, sao xấu thế này. Đâu rồi những nét tinh tế của LG."
0,"Món pizza ở quán này tanh quá, ăn cả năm là thấy không ngon."
0,Sản phẩm hơi yếu
1,"Món hải sản ngon hết sẩy, gia vị tuyệt vời."
1,"Mới tậu con Acer này về, phù hợp cực kỳ luôn."
1,Camera này quá ngon
1,Quán này sushi là quá đã nhất rồi.
1,"Lenovo thiết kế sắc nét, wifi hoạt động tốt."
1,"Không có gì để chê ở món hải sản này, quá ngon."
0,Dẫn em trai đi ăn hải sản mà mẹ chê ngấy quá.
0,Apple đang thử tài kiên nhẫn của khách hàng đây mà. Chắc bản 16G để thể hiện với các hãng khác là hệ điều hành gọn nhẹ 16G vẫn chạy tốt. Còn bỏ 128G vì muốn thu nhiều tiền hơn từ bản 256 và ép người dùng chỉ được dùng 64 thôi để còn phải sử dụng .......... iClound. Chắc sắp thu tiền phí sử dụng iClound rồi ấy chứ (hủy luôn dung lượng free thu phí từ khi sử dụng) ối cuồng sẽ bảo như thế là nâng giá trị của iP lên một tầm cao mới ..... nhờ!
0,Dẫn em trai đi ăn sushi mà con chê nguội ngắt quá.
1,"Mới ăn thử sushi ở đây, vị đặc sắc lắm luôn."
1,Điểm ăn tiên của blackberry vs hãng khác chính là bàn phím và blackberry hub. Hy vọng rim sẽ ko làm người dùng thất vọng
0,"Con LG này dùng bình thường, pin chậm vãi."
1,"Mua Samsung cho bố dùng, chồng khen nhanh."
0,Giá này thì chắc ít người chơi
1,"Sony thi dung Z thôi b, mua hang chinh hang moi nguyen hop, dung mua secondhand. Đang dùng z5 dual gold. Ok lăm."
0,Camera chưa tuyệt vời
1,"Không có gì để chê ở Huawei, quá ổn định."
1,"Dẫn em trai đi ăn kem, người yêu khen rất ngon."
1,"Con AirPods này dùng tuyệt vời, pin rất tốt."
0,"Không thể chấp nhận được món kem này, quá chua."
0,"Con Xiaomi này dùng chậm, pin loạn cảm ứng."
0,"Con Oppo này dùng quá kém, pin không đáng tiền."
0,Dẫn em gái đi ăn vịt quay mà em trai chê không tươi quá.
0,Dẫn đồng nghiệp đi ăn lẩu mà em trai chê chán quá.
0,Xong ..... xin tưởng nhớ đến apple cái gì cũng giống chỉ khác con số 7 . R.I.P.
0,"Gia vị món nướng quá quá tệ, ăn không vô."
1,"Mới ăn thử gà rán ở đây, vị xuất sắc lắm luôn."
1,"iPad thiết kế hoàn hảo, pin tuyệt vời."
0,"Vivo thiết kế đơ, hiệu năng thì giật lag."
0,"Gia vị món cà phê quá khét, ăn không vô."
1,Màn hình này quá xuất sắc
1,"Mới ăn thử gỏi cuốn ở đây, vị chuẩn vị lắm luôn."
1,Pin HTC 10 rất tốt nhé. Mình đang dùng rất hài lòng về em nó.
1,"Dell thiết kế ấn tượng, thiết kế phê lắm."
1,"Không có gì để chê ở món cà phê này, quá chuẩn vị."
0,Mua Xiaomi về dùng thử mà thấy lag quá.
1,"Món bánh mì vị béo, decor làm rất vừa miệng."
0,Camera chả êm
1,Điện thoại này thật sự mát
1,"Mua Samsung cho con dùng, bố khen phù hợp."
1,"Nếu mình có 4 triệu mình sẽ mua Obi MV1, con này giá đúng ra chỉ có 3,1 triệu thôi. Bạn mình cũng mới mua 1 con tuần trước. Khá đẹp"
1,"Món kem ở quán này chuẩn vị cực kỳ, ăn suốt mấy tháng vẫn ghiền."
1,"- Kệ đi bác =))) e hiện xài con S7 egde đây, rất ưng ý :D"
0,Zenfone 3 laser nó dập chít ngay!
1,"Món cà phê vị béo, món ăn làm rất tươi."
0,Mua Surface về dùng thử mà thấy xấu quá.
1,Quán này bánh mì là đậm đà nhất rồi.
0,Mua Huawei về dùng thử mà thấy lag quá.
1,"Mình rất hài lòng với Xiaomi, màn hình sắc nét, ok lắm."
0,Với tầm giá này mà iPhone xấu vậy là không đáng tiền.
0,Với tầm giá này mà iPhone loạn vậy là không đáng tiền.
0,Dẫn chồng đi ăn pizza mà mẹ chê khét quá.
0,Thật sự không có gì đặc biệt. Cần tiếp tục cải tiến kiểu dáng sang một form mẫu khác.
0,Mua Sony về dùng thử mà thấy tệ quá.
1,con s7 có vẻ bắt sáng tốt hơn nên dù phơi sáng cùng 1s hay 2s nó đều sáng hơn! ( hình như là do khẩu độ s7 1.7 nên vậy). công nhận con mobista này chụp cũng ngon thiệt!
1,NICEEEEEEEEEEEEEEEEE
0,"Món mì xào ở quán này chua lè quá, ăn cả năm là thấy khô khốc."
1,"Món hải sản vị ngon, món ăn làm rất chuẩn vị."
1,"Đăng ký rồi nhe, chờ em về là cưới thôi"
1,"Món cơm tấm ở quán này rất ngon cực kỳ, ăn cả tuần vẫn ghiền."
1,Loa này vô cùng xịn
0,Viên pin ít quá. Pin 3.200 mah thì quá ngon.
1,Camera này thật sự bền
0,Mới ăn thử pizza ở đây mà thấy không tươi cực kỳ.
1,Loa này rất ngon
0,Mới mua con Dell này về mà thấy nóng cực kỳ.
0,Nhược điểm của cả Elite và Surface pro là đều có giá chát.
0,"Gia vị món lẩu quá dở, ăn không vô."
1,Quán này vịt quay là thơm nhất rồi.
1,"Mới ăn thử trà sữa ở đây, vị tuyệt vời lắm luôn."
1,Với tầm giá này thì Sony là mỏng nhất rồi.
0,"Mình rất thất vọng với lẩu, món ăn ôi, đồ ăn khét lẹt."
1,"Asus mỏng quá, xài suốt mấy tháng rồi vẫn ổn định."
0,"Không thể chấp nhận được Realme, quá lỗi."
0,"Không thể chấp nhận được món bánh xèo này, quá ngấy."
1,"Lenovo hoàn hảo quá, xài vài hôm rồi vẫn rất bền."
0,Với tầm giá này mà Oppo loạn vậy là không đáng tiền.
0,"Mình rất thất vọng với sushi, phục vụ nguội ngắt, đồ ăn rất chán."
1,Thiết kế này thật sự xịn
1,"Con Apple Watch này dùng đáng tiền, pin tốt."
0,Dịch vụ không xuất sắc
1,"Surface hoàn hảo quá, xài suốt mấy tháng rồi vẫn tốt."
0,Giá hơi nóng
0,"Món gà rán vị chán, không đáng tiền tí nào."
1,Với tầm giá này thì Sony là sắc nét nhất rồi.
0,"Không thể chấp nhận được LG, quá chán."
1,"Không có gì để chê ở món cơm tấm này, quá ngon tuyệt."
0,Với tầm giá này mà LG không ổn vậy là không đáng tiền.
1,"Món pizza vị tươi, nước dùng làm rất đậm đà."
0,"Mình rất thất vọng với Vivo, wifi kém, hay bị quá đơ."
0,Dẫn đồng nghiệp đi ăn lẩu mà vợ chê quá dở quá.
1,"Món bún bò vị đặc sắc, phục vụ làm rất tươi."
1,Tuyệt đấy. Sam Sung biến ý tưởng thành sản phẩm cực nhanh
1,"Món cà phê ở quán này xuất sắc cực kỳ, ăn hơn nửa năm vẫn ghiền."
1,"Món gà rán ở quán này giòn cực kỳ, ăn vài hôm vẫn ghiền."
0,"Món nem cuốn ở quán này nhạt quá, ăn vài tháng là thấy chán phèo."
1,"Mình dùng logitech xong không muốn chuyển qua dòng khác nữa. Tuy nhiên nhiều khi mình thấy chuột logitech vẫn hơi to, do mình dùng laptop, chỉ muốn nó gọn, nhỏ hơn nữa để mang đi mang lại tiện hơn. Đợt trước dùng con M505 hơn 2 năm pin trâu thôi rồi thì bị lỗi double click, đem bảo hành thì được trả lại tiền đến 80%. Giờ chuyển qua dùng M185 (dòng thấp cấp nhất) mà vẫn thấy thích. Để xem khi nào thì nó hỏng, bảo hành 3 năm cơ mà."
1,"Không có gì để chê ở Asus, quá đẳng cấp."
0,"Con Oppo này dùng kém, pin yếu xìu."
0,Mới mua con Macbook này về mà thấy chậm cực kỳ.
0,"Gia vị món cà phê quá nguội ngắt, ăn không vô."
1,Chất lượng này rất xịn
0,CHÍNH XÁC LÀ NHÁI GIỐNG HỆT MI 1000MAH 2015
0,"Món lẩu ở quán này chán quá, ăn một thời gian là thấy ôi thiu."
1,"Không có gì để chê ở món cà phê này, quá tuyệt vời."
0,"35 củ cho 1 cái đồng hồ với rất nhiều chức năng mà chả biết người ta có dùng tới ko vì đã có smart phone rồi, hơn nữa phải sạc hàng ngày hay 2 ngày gì đó liệu có đáng để dùng ko? hay chỉ đáng để ""khoe""?"
0,"Mình rất thất vọng với Realme, sạc yếu, hay bị hết pin nhanh."
1,Với tầm giá này thì Dell là sắc nét nhất rồi.
1,"Mình rất thích gỏi cuốn ở đây, quán phục vụ thơm, đồ ăn tuyệt vời."
0,"Món gỏi cuốn vị chua, không đáng tiền tí nào."
0,"Mình rất thất vọng với Macbook, wifi nóng, hay bị sụt pin nhanh."
0,"Mình rất thất vọng với Acer, bàn phím giật, hay bị hết pin nhanh."
1,"Con Nokia này dùng ngon lành, pin vô đối."
1,"Mình rất thích kem ở đây, quán phục vụ cuốn hút, đồ ăn quá đã."
0,Mới mua con Oppo này về mà thấy loạn cực kỳ.
1,"Không có gì để chê ở Samsung, quá mạnh."
0,"Mình rất thất vọng với Oppo, cấu hình đơ, hay bị giật lag."
0,"Gia vị món mì quảng quá dở, ăn không vô."
0,Mới mua con Dell này về mà thấy nặng cực kỳ.
1,Quán này cơm tấm là ngon tuyệt nhất rồi.
0,như cầm cái TV theo :))
1,"Mình rất hài lòng với Surface, pin nhẹ, tuyệt vời."
0,"Gia vị món trà sữa quá khó ăn, ăn không vô."
0,Mua Apple Watch về dùng thử mà thấy nặng quá.
1,"Realme phù hợp quá, xài mấy ngày rồi vẫn ổn định."
1,"Mình rất hài lòng với Samsung, cảm ứng sang trọng, mượt."
1,"Dẫn em gái đi ăn gà rán, chồng khen béo."
0,"Cáp sạc của Apple là đểu nhất trong các hãng, dùng mấy bữa là toác hết cả dây."
0,"Gia vị món gỏi cuốn quá ngán, ăn không vô."
1,"Món nem cuốn ngon hết sẩy, gia vị chất lượng."
1,"Mới ăn thử mì xào ở đây, vị sạch sẽ lắm luôn."
0,"Oppo thiết kế chán, chip thì hay bị lỗi."
1,"Dẫn em trai đi ăn phở, em trai khen sạch sẽ."
1,"Mình rất hài lòng với AirPods, vân tay tốt, mạnh."
0,"Chẳng có gì thay đổi về công nghệ mà chỉ thay đổi về con số 4,5,6,7 và...."
0,"Món bánh mì ở quán này tanh quá, ăn một thời gian là thấy khô khốc."
1,"Đẹp quá, Giá à được trang bị bút cảm ứng như trên các dòng của Sam thì tuyệt"
1,"Con AirPods này dùng sắc nét, pin vô đối."
1,Quán này cà phê là vừa miệng nhất rồi.
0,Với tầm giá này mà Apple Watch mờ vậy là không đáng tiền.
1,"Món mì quảng vị cuốn hút, món ăn làm rất vừa vị."
1,"Mình rất hài lòng với Sony, camera mỏng, dùng rất sướng."
0,"Vivo thiết kế tệ, bàn phím thì hay bị lỗi."
1,"Không có gì để chê ở Apple Watch, quá sang trọng."
0,"Xài đi rồi thấy cảnh, phụ kiện rất đắt đỏ ví dụ như thay màn hình hết gần 3tr và tới đại lý chờ 1 tuần, chưa kể hàng China"
1,"Mua HP cho mẹ dùng, bạn bè khen phù hợp."
1,"Mình rất thích lẩu ở đây, quán phục vụ chuẩn vị, đồ ăn ngon tuyệt."
1,quá ngon... phải làm 1 cái thôi
0,"Gia vị món nem cuốn quá ngán, ăn không vô."
1,"Món sushi ngon hết sẩy, gia vị giòn."
1,"Mình rất thích cà phê ở đây, quán phục vụ tuyệt vời, đồ ăn ngon tuyệt."
0,"Món lẩu ở quán này tanh quá, ăn vài tháng là thấy quá dở."
1,Dịch vụ này rất xuất sắc
0,Máy không mát
0,Iphone đẻ nhiều đẻ mắn quá nhìn nhàn chán quá
1,"Mới tậu con Sony này về, tốt cực kỳ luôn."
0,"iPad thiết kế xấu, bộ nhớ thì kém quá."
0,Pin rất kém
0,Mua AirPods về dùng thử mà thấy lag quá.
1,"Mới tậu con Asus này về, nhẹ cực kỳ luôn."
0,thiết kế bên ngoài ko có gì đặc sắc. có lẽ lại một mùa thất bại tiếp theo của apple. nếu ip7 đúng như thế này chắc chắn tôi sẽ vẫn dùng chiếc ip6 hiện tại.
0,Với tầm giá này mà Dell bình thường vậy là không đáng tiền.
0,"Không thể chấp nhận được iPad, quá đơ."
1,Kể ra note 5 làm được cấu hình mạnh vậy cũng khá là hay ! Nhưng người tiêu dùng chúng tôi khi xài cellphone thì cần hiệu năng và sự mượt mà nhiều hơn ....
1,"Không có gì để chê ở món cà phê này, quá chất lượng."
1,Dịch vụ này vô cùng xịn
1,"Món lẩu vị đặc sắc, nước dùng làm rất xuất sắc."
0,Với tầm giá này mà Surface chán vậy là không đáng tiền.
0,Mới mua con Realme này về mà thấy lag cực kỳ.
1,"Mới ăn thử kem ở đây, vị vừa miệng lắm luôn."
1,"Không có gì để chê ở Realme, quá ổn định."
0,"Món bánh xèo vị khó ăn, không đáng tiền tí nào."
1,"Xác nhận là chụp ngon, đã, cảm giác tốt. Có mấy cảnh sáng quá thì không hiểu sao ZenFone 3 đẩy sáng lên cao hơn nữa, thế là ánh sáng chói lóa luôn."
1,"Món bún chả vị vừa miệng, đồ ăn làm rất giòn."
1,"Món kem ở quán này vừa vị cực kỳ, ăn một thời gian vẫn ghiền."
1,Quán này hải sản là thơm nhất rồi.
0,"Kiểu dáng xấu, na ná nhau giữa các dòng máy Trung Quốc (Huwei, Xiaomi, Meizu...), tôi cho rằng đó là một thiết kế RẺ TIỀN !"
1,"iPad sắc nét quá, xài cả năm rồi vẫn vẫn mượt."
0,Tôi thì chưa dùng đồ hw nhưng đã dungy xiaomi note 3pro ảnh chụp ảo tung chảo nói chung là chán moi mặt
1,"Món cà phê ở quán này vừa miệng cực kỳ, ăn hơn nửa năm vẫn ghiền."
1,"iPad cao cấp quá, xài suốt mấy tháng rồi vẫn ok lắm."
1,"Món gà rán ở quán này tuyệt vời cực kỳ, ăn một tuần vẫn ghiền."
0,"Mình rất thất vọng với nem cuốn, đồ ăn chua lè, đồ ăn tanh rình."
1,"Dẫn em gái đi ăn bánh xèo, mẹ khen vừa vị."
1,"Món trà sữa vị quá đã, topping làm rất hấp dẫn."
0,"Realme loạn quá, xài suốt mấy tháng là thấy quá cùi."
1,"Không có gì để chê ở món sushi này, quá ngon."
0,Mua Asus về dùng thử mà thấy nặng quá.
1,"Mình rất thích gỏi cuốn ở đây, quán phục vụ đặc sắc, đồ ăn cuốn hút."
1,Hoan toan hai long voi mot trai nghiem chua tung co voi aw sport
0,"Không thể chấp nhận được HP, quá giật."
0,"Mình rất thất vọng với Sony, sạc quá tệ, hay bị giật lag."
0,Mới ăn thử pizza ở đây mà thấy chua cực kỳ.
0,Dịch vụ chả êm
0,"Gia vị món bánh mì quá khét, ăn không vô."
0,"mình đang xài con BlackBerry Leap, xài ok, mỗi điểm không hài lòng là cảm ứng hay bị chạm, mỗi khi cho vào túi quần là bị chạm gọi tùm lum hết"
0,Chả có gì mới mẻ ! vẫn còn cái phím Home vật lý chết tiệt mà không còn hãng nào sử dụng !
0,"Không thể chấp nhận được AirPods, quá chậm."
0,Với tầm giá này mà Vivo giật vậy là không đáng tiền.
1,"Mới ăn thử phở ở đây, vị đậm đà lắm luôn."
1,"Món lẩu vị rất ngon, không gian làm rất xuất sắc."
0,"Không thể chấp nhận được AirPods, quá loạn."
0,"Không thể chấp nhận được món nướng này, quá dở."
1,"Sony sắc nét quá, xài cả tuần rồi vẫn không bị lag."
1,"Realme cao cấp quá, xài một thời gian rồi vẫn bình thường."
1,"Mình rất hài lòng với Realme, thiết kế xuất sắc, nhanh."
1,Với tầm giá này thì Asus là tuyệt vời nhất rồi.
0,"Mình rất thất vọng với kem, đồ uống ôi, đồ ăn nhạt nhẽo."
0,"Không thể chấp nhận được món sushi này, quá nhạt."
1,Mình xài camera FX5 thấy ok lắm mà. Chụp hình rõ hơn nhưng chỉ có chụp được camera chín còn camera phía trước thì không có function.
0,Với tầm giá này mà Xiaomi nặng vậy là không đáng tiền.
0,"Không thể chấp nhận được Dell, quá xấu."
1,"Apple Watch hoàn hảo quá, xài suốt mấy tháng rồi vẫn vẫn mượt."
1,Cái gì cũng ngon chỉ thương hiệu là không ngon thôi :v
1,Chất lượng này vô cùng tốt
1,"Món hải sản ở quán này đậm đà cực kỳ, ăn cả tuần vẫn ghiền."
1,"Món hải sản ngon hết sẩy, gia vị béo."
0,Pin chả êm
0,"Món pizza vị ngấy, không đáng tiền tí nào."
0,"Con Apple Watch này dùng loạn, pin kém quá."
1,"Món nướng ở quán này đặc sắc cực kỳ, ăn vài hôm vẫn ghiền."
1,"Dẫn đồng nghiệp đi ăn hải sản, em gái khen béo."
0,"Gia vị món lẩu quá chua lè, ăn không vô."
1,Màn hình này thật sự xịn
1,"Mình rất hài lòng với Vivo, wifi sắc nét, trâu."
0,"Con Samsung này dùng bình thường, pin yếu xìu."
1,"RAM máy tính của mình chỉ có 4GB, điện thoại ngày càng khỏe."
1,"Mình rất hài lòng với Xiaomi, cấu hình mỏng, không bị lag."
0,"Gia vị món cơm tấm quá chua, ăn không vô."
1,"Món bánh xèo ở quán này giòn cực kỳ, ăn mấy ngày vẫn ghiền."
1,"Asus mượt mà quá, xài một tuần rồi vẫn ok lắm."
0,Apple cạn ý tưởng và ko có gì mới.
0,"Apple Watch lỗi quá, xài một thời gian là thấy không xài được."
1,"Mua Asus cho mẹ dùng, người yêu khen đẳng cấp."
0,Mới ăn thử vịt quay ở đây mà thấy khô cực kỳ.
0,"Không thể chấp nhận được Huawei, quá tệ."
1,Với tầm giá này thì LG là hoàn hảo nhất rồi.
0,Màn hình thật sự cùi
0,chụp ban ngày mà bết dã man thế
0,Màn hình thật sự tệ
0,"Mua 6s phần cứng mạnh hơn nhiều, còn chạy mượt đc 2- 3 năm nữa. Mua 6 bây giờ phí tiền, ko rẻ hơn đc bao nhiêu."
1,Pin này khá mát
0,"Mình rất thất vọng với mì quảng, nước dùng chán, đồ ăn khét lẹt."
0,Mua Xiaomi về dùng thử mà thấy quá tệ quá.
1,"Hay lắm, máy tính bảng treo tường, ý tường đột phá nhất trong năm 2015"
1,"Lenovo thiết kế ngon lành, cấu hình ổn định."
0,"Không thể chấp nhận được món bún bò này, quá khét."
0,Mình không thích hàng tàu giới nghệ sĩ mê muội hết rồi !
0,Mới mua con AirPods này về mà thấy nóng cực kỳ.
1,6s dep và gọn gàng trong sử dụng. 1 người dùng a9pro và 6s+ cho hay. Sam seeder ghê thặc
0,"Món mì quảng ở quán này thiu quá, ăn hơn nửa năm là thấy dai quá."
0,"Con của em cũng thế,pin yếu kinh khủng,đang dùng rom 2.3.5,chẳng làm gì nhiều,nghe nhạc hơn tiếng là sụt nguồn,lướt web 3g chụp ảnh...làm gì nặng là 1 tí là tắt ngỏm,chán thế,ko biết bị lỗi phần cứng hay do rom nữa"
1,"LG thiết kế ấn tượng, bộ nhớ không bị lag."
1,"Nokia xuất sắc quá, xài một thời gian rồi vẫn mạnh."
1,"Dẫn mẹ đi ăn vịt quay, bạn bè khen hấp dẫn."
0,"Gia vị món cơm tấm quá mặn, ăn không vô."
1,Có cái này selfie đã lắm nè ô yesssssss
1,"Mình rất hài lòng với Acer, vân tay ngon lành, mạnh."
1,Với tầm giá này thì Nokia là hoàn hảo nhất rồi.
0,"Không thể chấp nhận được món cà phê này, quá dở."
0,Với tầm giá này mà HP lỗi vậy là không đáng tiền.
0,Hàng cùi bắp giá đắt. Lại còn nhái iphone để loa bên dưới nữa.
1,"Món cà phê ở quán này tuyệt vời cực kỳ, ăn cả năm vẫn ghiền."
0,Điện thoại ít mượt mà
1,"Con Huawei này dùng nhanh, pin vô đối."
0,Mạng cực kỳ chán
0,Tầm giá quá rẻ để mua 1 cục bực tức để trên người :))
1,"Món bánh xèo ở quán này ngon miệng cực kỳ, ăn vài hôm vẫn ghiền."
0,"Món phở vị quá kém, không đáng tiền tí nào."
1,12 inch Huawei Matebook nhỏ gọn dễ mang theo
1,"Mua Surface cho em trai dùng, người yêu khen nhanh."
1,"Bác nói đúng. Tôi dùng wiko getaway được 1,5 năm vẫn rất tốt. Đặc biệt không xuống màu ở màn hình cho dù tôi dùng camera hơi bị nhiều."
1,Với tầm giá này thì Lenovo là nhẹ nhất rồi.
1,"Xiaomi hoàn hảo quá, xài cả tuần rồi vẫn bình thường."
1,"Mới ăn thử bánh xèo ở đây, vị rất ngon lắm luôn."
0,"Mình rất thất vọng với LG, bàn phím quá tệ, hay bị mất sóng."
0,Mới mua con Acer này về mà thấy nóng cực kỳ.
0,mình xài em này bị đứng máy hoài à
1,"Con Apple Watch này dùng ổn định, pin vẫn mượt."
0,"uầy bác này nói trúng những suy nghĩ của em từ lúc cái AW nó xuất hiện =)) Thích nhất cái số 2 mà bác nói.. Chuẩn ko thể chỉnh. Đi tập gym ghét cứ phải nhét cái ip6+ trong túi. Để ở ngoài (kế bên) lúc tập thì sợ tập xong đứng lên lại quên cầm. Để trong locker thì lại sợ missed calls với dropped emails...... cái thứ 3 về vụ đồng bộ thì rõ ràng Bluetooth là cái thứ sóng yếu , lỗi đồng bộ và dễ bị cản sóng. mà càng cản thì càng hao pin để quét và giữ kết nối......"
1,"Macbook xuất sắc quá, xài vài tháng rồi vẫn bình thường."
0,Mới ăn thử bánh mì ở đây mà thấy dở cực kỳ.
1,"Món bún chả vị đặc sắc, gia vị làm rất béo."
1,"Món mì quảng ngon hết sẩy, gia vị giòn."
0,"Món bánh xèo ở quán này quá dở quá, ăn một tháng là thấy mất vệ sinh."
1,"Mình đang dùng với win10, chuột di mượt mà, không lag giật gì bạn à."
1,Với tầm giá này thì LG là mỏng nhất rồi.
0,"Hàng này gia công kém, chất lượng không đồng đều. Vì thế tốt nhất ko nên test ngâm nước và khoe test ngâm nước bác ạ."
1,giao diện quá đẹp mà hình quá đỉnh.
1,"mình nói s6 , s 6 egde xanh lục bảo người châu á rất chuộng !"
0,"Không thể chấp nhận được Samsung, quá chán."
1,"Công nghệ cao, tính năng hay, thiết kế đẹp và cái giá yêu hết sức. ACE công nhân viên SSVN thời gian tới chắc sẽ vất vả (nhưng vui) lắm đây, tăng ca nhiều hơn, lương thưởng tốt hơn. Good!"
1,"Mua Apple Watch cho vợ dùng, mẹ khen hoàn hảo."
1,"Món trà sữa ở quán này tuyệt vời cực kỳ, ăn suốt mấy tháng vẫn ghiền."
1,"Không có gì để chê ở Surface, quá đẹp."
0,"Không thể chấp nhận được Lenovo, quá không ổn."
0,"Mình rất thất vọng với Lenovo, thiết kế lởm, hay bị nóng máy."
1,"Oppo thiết kế nhanh, wifi vẫn mượt."
0,Dẫn người yêu đi ăn bún chả mà người yêu chê ngán quá.
0,"Không thể chấp nhận được món bánh xèo này, quá ôi."
0,Mới ăn thử kem ở đây mà thấy dở cực kỳ.
0,"Xấu hơn IP6, chờ IP8 xem sao."
0,"Lớp mạ vàng kia sẽ bong dần, thì lap sẽ xấu quắc."
1,"Món bánh mì ở quán này tươi cực kỳ, ăn vài tháng vẫn ghiền."
0,có ngon mấy cung ko mua oppo. ko ưa từ cái nhìn đầu tiên
0,"Không thể chấp nhận được món vịt quay này, quá thiu."
1,"Mình rất thích gỏi cuốn ở đây, quán phục vụ đặc sắc, đồ ăn đậm đà."
1,"Mới ăn thử mì xào ở đây, vị chất lượng lắm luôn."
1,"Con Lenovo này dùng cao cấp, pin hoạt động tốt."
0,"Giá bản Zenfone 3 tiêu chuẩn thì mình sẽ cố thêm vài trăm làm em One Plus 3, còn nếu mà có đủ tiền mua bản deluxe thì thôi ráng thêm làm 2 con One Plus 3 2 màu thay đổi cho thích :/ - 1 fan trung thành với ASUCK từ Zenfone 5, Zenfone 2 chia sẻ..."
1,Quán này trà sữa là giòn nhất rồi.
1,"iPad phù hợp quá, xài một tuần rồi vẫn rất tốt."
1,"như thường lệ ra IP5 tôi mua 3GS, ra 6 tôi mua 4S, nay ra 7 sẽ lên con 5S . sài hàng cũ mà mượt lắm. tuyệt vời"
1,"Mới ăn thử gỏi cuốn ở đây, vị sạch sẽ lắm luôn."
0,Dẫn vợ đi ăn hải sản mà đồng nghiệp chê khô quá.
1,"Không có gì để chê ở món kem này, quá hấp dẫn."
0,Mua Asus về dùng thử mà thấy kém quá.
0,"Asus chán quá, xài cả tuần là thấy lag lòi."
1,"Mới ăn thử bún chả ở đây, vị chất lượng lắm luôn."
0,Mới ăn thử mì quảng ở đây mà thấy khét cực kỳ.
1,"Không có gì để chê ở Acer, quá sắc nét."
0,"Xiaomi lởm quá, xài suốt mấy tháng là thấy hết pin nhanh."
0,Mua HP về dùng thử mà thấy bình thường quá.
1,"Mình rất hài lòng với Xiaomi, chip hoàn hảo, rất tốt."
1,Quán này bún bò là thơm nhất rồi.
0,Mới mua con Vivo này về mà thấy quá kém cực kỳ.
0,Dẫn em trai đi ăn gỏi cuốn mà bố chê không tươi quá.
1,Quán này kem là chuẩn vị nhất rồi.
0,Bạn vứt cái đt đó đi . Iphone là chúa dở nhiều bệnhChờ i7 ra mua mới luôn xài cho đã
1,"Mới tậu con Lenovo này về, nhẹ cực kỳ luôn."
0,được cái ngoại hình đẹp mà cấu hình lởm quá !
1,"Mới ăn thử pizza ở đây, vị chất lượng lắm luôn."
1,Tuyệt vời
1,"Mình rất thích cơm tấm ở đây, quán phục vụ cuốn hút, đồ ăn rất ngon."
0,"Oppo thiết kế nóng, wifi thì không đáng tiền."
0,"Món nướng ở quán này ngấy quá, ăn cả tuần là thấy tanh rình."
1,Với tầm giá này thì LG là nhanh nhất rồi.
0,Quán này đồ ăn thiu vậy là không đáng tiền.
0,Mới ăn thử gỏi cuốn ở đây mà thấy chán cực kỳ.
0,2016 - Iphone - who cares? :))
0,"Không thể chấp nhận được món bún chả này, quá quá kém."
1,"Mới ăn thử trà sữa ở đây, vị ngon tuyệt lắm luôn."
1,rất đáng mua đặc biệt hàng Nhật luôn có tiếng về độ bền bỉ và linh kiện chất lượng do công nghệ sản xuất rất cao
0,Mới mua con Dell này về mà thấy lởm cực kỳ.
1,Quán này cơm tấm là đậm đà nhất rồi.
1,"Món mì quảng vị xuất sắc, phục vụ làm rất ngon."
0,"AirPods nặng quá, xài mấy ngày là thấy hay bị lỗi."
1,"Món nướng ngon hết sẩy, gia vị tươi."
0,"Không thể chấp nhận được món gà rán này, quá chán."
0,Mới mua con Sony này về mà thấy chán cực kỳ.
0,Mới ăn thử kem ở đây mà thấy đắng cực kỳ.
0,"Món lẩu ở quán này quá dở quá, ăn suốt mấy tháng là thấy quá ngấy."
1,"Mình rất thích gỏi cuốn ở đây, quán phục vụ vừa vị, đồ ăn giòn."
1,"Vấn đề đọc khó khăn là do raw fuji bị nén nên khi đọc nó phải giải nén lại lần nữa + cấu trúc cảm biến khác nên vậy. Mình test file raw ko nén của Xpro 2 kéo rất mượt và chẳng thấy vấn đề gì cả. Lượng thông tin vẫn rất nhiều nhất là DR, mọi người hay nói raw fuji ko chất là do nó hay giật khi kéo với LR CR với việc nó ko khác nhiều với Jpeg thôi bác."
1,"Mới tậu con Vivo này về, xuất sắc cực kỳ luôn."
0,"Theo tôi bạn nên chọn Iphone hay điện thoại Android mà dùng, bản thân tôi đang dùng 950XL và hoàn toàn thất vọng vì phần mềm quá ư là bất tiện, mọi thứ đều chậm đều và máy quá nóng, facebook thì post 1 tin phải chờ 2-3 phút mới lên. Quá thất vọng với hệ điều hành Windows 10 trên mobile và đang chờ cải tiến để tốt hơn."
1,Quá đẹp.
0,"Không thể chấp nhận được Acer, quá lỗi."
0,"Apple watch thực sự mà nói mình sài thấy chỉ đón giản là xem giờ, coi noti, có tập thể thao thì em nó hữu ích( nhưng cũng có nhiều loại khác đo chính xác ko kém mà rẻ hơn) . Và cái mình đánh giá cao là sự thời trang bởi dây của aw thay cực dễ, và khá đẹp. Tuy nhiên không phải ko thất vọng. Phần cứng thất vọng khá nhiều. Mình sài sport space gray. Màn hình thì cực dễ trầy, không phải trầy to nhìn thấy được, mà nó có dăm dăm, chiếu đèn thì thấy không thì cũng khá khó thấy. Ngoài ra cái màu space gray nó ko phải mà trên iphone 6, mình thấy nó giống với hồi ip5, và một vấn đề khác xuất hiện, đó là mình chả làm gì, mà sơn nó cũng tự tróc lên, ko quá nhiều nhưng cũng 1 vài lổ nhỏ, trong góc của cái nút, tự hỏi tróc sao ko tróc ngoài bề mặt, tróc trong hóc, không bị tác động gì mà cũng tróc. Mình thì ko biết các màu khác thế nào, space gray đúng là đẹp, nhueng thật sự ko bền. Với mình, 10tr mình mong có 1 sp tốt hơn là hiện giờ. Chả hiểu apple gần đây sao chứ mình thấy làm ăn sống nhăn."
1,Quán này hải sản là ngon miệng nhất rồi.
1,"thớt ở Mỹ nên hầu như quẹt là xong , tuyệt"
1,"Mình rất thích sushi ở đây, quán phục vụ rất ngon, đồ ăn đặc sắc."
1,"Mới ăn thử bún bò ở đây, vị đặc sắc lắm luôn."
0,Mới ăn thử hải sản ở đây mà thấy chán cực kỳ.
0,Dẫn mẹ đi ăn vịt quay mà mẹ chê tanh quá.
1,"Máy của bác build bao nhiêu, máy mình mới đc nâng lên V25R51C chạy rất ổn định, chưa thấy lỗi gì, có thêm tính năng FM transmitter (trước đây ở build V21... thì tính năng này có mà ko xài được), nói chung hiện tại máy chạy rất ổn, hài lòng"
0,"Gia vị món sushi quá ôi, ăn không vô."
0,"Con Dell này dùng chậm, pin không đáng tiền."
0,"Mình rất thất vọng với Realme, bàn phím xấu, hay bị nóng máy."
0,Mới ăn thử nem cuốn ở đây mà thấy chua lè cực kỳ.
1,Nên làm 1 em . Cái này dùng 2 ngày chơi games lướt web là ok .
1,"iPad nhẹ quá, xài một tuần rồi vẫn không nóng máy."
0,"Mình rất thất vọng với Nokia, hệ điều hành tệ, hay bị hết pin nhanh."
1,"Thiết kế khỏi bàn, cầm trên tay mới thấy đẹp. Máy e màu indigo, nam tính lắm. Còn vụ camera thì tùy vào tay ng chụp. E k rành mấy vụ chụp hình lắm"
0,Thiết kế hơi nhanh hỏng
0,"Món nem cuốn ở quán này dở quá, ăn vài hôm là thấy rất chán."
0,Chất lượng không đẹp
1,Camera này quá bền
1,"Không có gì để chê ở món vịt quay này, quá béo."
0,Mới mua con Lenovo này về mà thấy giật cực kỳ.
0,"Samsung thiết kế chán, hệ điều hành thì chậm vãi."
1,Đã trải nghiệm S7 edge và công nhận đội ngũ thiết kế của Samsung đã tạo ra được một tuyệt phẩm. Trước giờ mình dùng sản phẩm của Apple nhưng lần này Samsung đã tạo được một nét chấm phá lớn trong thiết kế sản phẩm của mình.
0,"10.11.3 mac 13"" 2015 mà ....... cảm thấy chuột ko mượt ( khá là khó chịu"
1,"Mình rất thích trà sữa ở đây, quán phục vụ đặc sắc, đồ ăn quá đã."
0,Thiết kế hơi nhanh hỏng
0,Giá quá chát
1,"LG thiết kế xuất sắc, camera nhanh."
0,"Món phở ở quán này chua quá, ăn một tháng là thấy mặn chát."
1,"Mua Asus cho đồng nghiệp dùng, em gái khen đẹp."
0,"Không thể chấp nhận được món bánh mì này, quá dở."
0,"Leica nổi tiếng thởi máy phim,còn qua số ko hơn nhiều so với các hãng khác. Mẫu mã xấu, chức năng ko phù hợp,nhưng giá thì quá đắc không tương xứng với yêu cầu thị hiếu"
1,Quá tuyệt... !!! Mình không biết các bác ghét mấy máy điện thoại samsung ở điểm nào nhưng mình thấy nó rất thú vị có nhiều tính năng để nghịch với cả cũng đáng tiền.... Nói chung là tốt !!!
1,"Mới tậu con iPhone này về, đáng tiền cực kỳ luôn."
0,Không có gì đặc sắc. Vậy mà tuyên bố hùng hồn thấy ghê.
0,"Gia vị món bánh xèo quá chua lè, ăn không vô."
0,Dịch vụ chưa xuất sắc
1,"Con Huawei này dùng đẹp, pin đẹp."
0,"Mình rất thất vọng với mì quảng, phục vụ quá kém, đồ ăn nguội ngắt."
1,Hic các bro cứ dìm lung tung. Mình mua ở đây vài lần. Hôm rồi cũng đặt vidonn a6. Gửi đúng 3 ngày về điện biên. Mua 3 món dự phòng xiaomi +a6+kích sóng xiaomi. Đc bonus case + bàn di chuột. Nói chung hàng ngon. Giá tốt. A6 đang trải nghiệm. Quay tay tầm 50 độ mới sáng màn hình. Pin sạc tầm 2h. Còn lại đang chờ đánh giá
0,Mua HP về dùng thử mà thấy kém quá.
1,Quá tuyệt. Samsung Number one.
0,Dẫn bố đi ăn bún chả mà đồng nghiệp chê chán quá.
1,"Món lẩu vị vừa miệng, topping làm rất ngon."
1,"Mua Lenovo cho con dùng, mẹ khen nhanh."
1,"Mình rất hài lòng với Asus, hiệu năng tốt, không bị lag."
1,Điện thoại này hoàn toàn hoàn hảo
0,Dẫn con đi ăn pizza mà em gái chê chán quá.
1,Quán này nướng là ngon miệng nhất rồi.
0,nó là unlock nhưng mà sóng chập chờn quá.mới thử vịt teo.không có rom mà fix
0,"Không thể chấp nhận được Surface, quá lởm."
0,"Đẹp đấy nhưng giá khoảng 12tr thôi thì vừa,chứ 19,20 tr chọn máy khác."
0,Mới ăn thử pizza ở đây mà thấy quá kém cực kỳ.
0,Với tầm giá này mà Lenovo tệ vậy là không đáng tiền.
0,"Sao mình thử dơ game của s2 mà vẫn k chơi đc nhỉ, toàn bị bắt buộc đóng ứng dụng"
0,"Món vịt quay vị đắng, không đáng tiền tí nào."
1,"Không thể ngờ được là lenovo quá đỉnh khi đưa tính năng mà vốn chỉ có trong viễn tưởng vào đt , quá đỉnh , hy vọng chiếc super Smartphone nàu sớm bán trong tương lai gần"
0,Loa chưa xịn
0,6in mà HD là không ổn.
0,Chiếc sony xấu dã man
0,"Hàng Nhật giá thì cao so các em khác cùng cấu hình...mua thì dễ (có tiền mua đc liền), xài chán mún bán thì y như cực hình, ngay cả quăng lại cho shop , shop cũng ko thâu lại, mún bán đc thì phải ráng cắn răng chịu lỗ 1 khoản lớn rao bán lại (trừ khi con đó là model hot thì bán dễ tí); root thì phải suy nghĩ ko phải con nào cũng root đc, softs nhật thừa thì lung tung ben (nếu ko root mún xóa bớt cũng khó), trải nghiệm chưa chắc đã ngon hơn mấy con bản qtế...ai máu JMP thì chơi thui, còn người bt nên suy nghĩ kĩ trc khi mua"
0,"Món mì xào ở quán này ôi quá, ăn suốt mấy tháng là thấy khó nuốt."
1,"Món pizza ở quán này béo cực kỳ, ăn mấy ngày vẫn ghiền."
0,"Món gà rán ở quán này nhạt quá, ăn vài hôm là thấy dai quá."
0,"Dell thiết kế chậm, bộ nhớ thì nhanh tã."
1,"Mình rất hài lòng với iPhone, camera đẹp, trâu."
0,Lên xong hư luôn chức năng rung. Po tay. Có ai biết cách sửa giúp mình với
0,"Acer kém quá, xài suốt mấy tháng là thấy nhanh tã."
0,"Con Vivo này dùng chán, pin lag lòi."
1,"Vivo cao cấp quá, xài hơn nửa năm rồi vẫn mạnh."
0,Với tầm giá này mà Lenovo bình thường vậy là không đáng tiền.
0,Mới ăn thử bún bò ở đây mà thấy quá kém cực kỳ.
0,Thiết kế quá nóng
0,Máy khá chán
0,Thô chết được.
1,"Mới tậu con Samsung này về, xuất sắc cực kỳ luôn."
1,"Mình rất hài lòng với Macbook, thiết kế nhanh, không nóng máy."
0,Với tầm giá này mà Lenovo quá kém vậy là không đáng tiền.
0,Làm con máy tính cũ CPU core 3 ram 8 G đồng bộ HP ổ 500 HDD cả màn hình giá 6tr5 ngon hơn
1,"Món nem cuốn vị hấp dẫn, không gian làm rất sạch sẽ."
1,Quán này gỏi cuốn là béo nhất rồi.
0,"Gia vị món phở quá tanh, ăn không vô."
1,"Món lẩu ngon hết sẩy, gia vị ngon miệng."
0,"Không thể chấp nhận được món vịt quay này, quá khó ăn."
1,"đẹp ,cấu hình ngon, mà mình sài Htc rồi máy bền thật"
0,"Mình rất thất vọng với cơm tấm, nước chấm không tươi, đồ ăn không ngon."
0,Mua Xiaomi về dùng thử mà thấy nặng quá.
1,"Hic lỡ tay mua iphone 6s rồi, chắc năm sau mới mua em này được keke! :v"
1,"Mới ăn thử lẩu ở đây, vị xuất sắc lắm luôn."
0,"Gia vị món trà sữa quá không tươi, ăn không vô."
1,"Con Vivo này dùng đẹp, pin rất bền."
0,"Sony thiết kế quá tệ, bàn phím thì loạn cảm ứng."
1,Loa này cực kỳ mượt mà
1,"cái vỏ của nó đã đat rồi , đất thật nhưng phải công nhận nó đẹp"
1,"Món vịt quay vị chuẩn vị, decor làm rất tuyệt vời."
0,"Mình rất thất vọng với cơm tấm, không gian mặn, đồ ăn đắt đỏ."
1,"Mua Huawei cho con dùng, người yêu khen ngon lành."
1,"Mình thấy lung linh, nhiều tính năng, giá cũng ko chát quá!"
1,Màu thật đẳng cấp !
1,Sản phẩm này quá hoàn hảo
1,"Món bún chả vị ngon, decor làm rất béo."
1,"Không có gì để chê ở Nokia, quá mạnh."
1,"Món mì xào ngon hết sẩy, gia vị xuất sắc."
0,Mua Samsung về dùng thử mà thấy mờ quá.
0,"Món bún chả ở quán này nhạt quá, ăn mấy ngày là thấy mất vệ sinh."
0,"Món gỏi cuốn vị khó ăn, không đáng tiền tí nào."
0,Mới mua con AirPods này về mà thấy yếu cực kỳ.
1,"Mua Vivo cho em gái dùng, em gái khen đẹp."
1,Quá đẹp quá đẳng cấp
0,Màn hình quá chậm
0,"Không thể chấp nhận được món mì xào này, quá đắng."
1,"Món hải sản ở quán này cuốn hút cực kỳ, ăn một thời gian vẫn ghiền."
1,"Món bánh mì ở quán này ngon miệng cực kỳ, ăn mấy ngày vẫn ghiền."
1,Với tầm giá này thì Realme là bền nhất rồi.
1,"Mình rất thích cơm tấm ở đây, quán phục vụ đặc sắc, đồ ăn tươi."
1,"Mình rất thích lẩu ở đây, quán phục vụ quá đã, đồ ăn xuất sắc."
1,"Không có gì để chê ở món kem này, quá vừa miệng."
0,Với tầm giá này mà Sony loạn vậy là không đáng tiền.
0,"Mình rất thất vọng với sushi, phục vụ quá tệ, đồ ăn nguội ngắt."
1,"Nhiệt độ máy tốt, không nóng lắm!"
1,trải nghiệm Camera thấy vô cùng đỉnh
1,Sản phẩm này cực kỳ xịn
1,"Mình rất hài lòng với Vivo, bàn phím nhẹ, không bị lag."
1,Sản phẩm này khá mượt mà
0,Mới mua con AirPods này về mà thấy giật cực kỳ.
1,"Mới ăn thử bún chả ở đây, vị sạch sẽ lắm luôn."
1,Đẹp ghê
0,"Không thể chấp nhận được món mì quảng này, quá ngán."
1,"hiển thị cuộc gọi là ngon , kết hợp hoàn hảo với tai nghe bluetouth"
0,"Trời, tích hợp cả LAN nữa sao? Có cần tới vậy không?"
0,"Samsung quá tệ quá, xài một tháng là thấy lag lòi."
0,"Lenovo giật quá, xài vài tháng là thấy không đáng tiền."
1,"Không có gì để chê ở HP, quá hoàn hảo."
0,Mua Acer về dùng thử mà thấy yếu quá.
1,"Món hải sản ngon hết sẩy, gia vị vừa vị."
0,Dịch vụ ít tốt
0,"Món sushi vị quá kém, không đáng tiền tí nào."
1,1 tỷ tôi cũng mua Mua bằng mọi giá
0,RAM 8g để làm gì?????????
1,Dịch vụ này khá êm
0,Mới mua con LG này về mà thấy chán cực kỳ.
1,Hay quá Bkav. Dùng Bphone 1 đã thấy ngon rồi thì không biết Bphone 2 con thế nào nữa.
0,"Không thể chấp nhận được món gỏi cuốn này, quá nhạt."
0,"Con Apple Watch này dùng quá tệ, pin hay bị lỗi."
1,Huawei cũng thông báo pin có thể dùng 10 giờ liên tục với mức độ sử dụng thông thường. Mình thích nhất là tính năng này.
1,"Mới ăn thử gà rán ở đây, vị quá đã lắm luôn."
1,"1 số mặt hàng công nghệ của TQ ko kém gì của thế giới cũng gần như Sámung và kém iphone 1 chút mà giá lại rẻ.nếu ai dùng mang tính chất sử dụng công nghệ mà ko cần đánh bóng như Sámung và iphone thì sp này là hợp lý,tôi ủng hộ sp này."
0,Với tầm giá này mà Apple Watch quá chán vậy là không đáng tiền.
0,hy vọng đây không phải là G5 .vì mất hết những nét đặc trưng dòng LG.
1,"Mua Xiaomi cho chồng dùng, người yêu khen hoàn hảo."
0,"Món sushi ở quán này khó ăn quá, ăn một tuần là thấy rất chán."
0,Thôi cứ hài lòng với Ip4 của cậu đi.
1,"Con Realme này dùng hoàn hảo, pin vô đối."
0,"Gia vị món bánh mì quá chua lè, ăn không vô."
1,"không có ống 35f2 và có thể là 23 f2 sắp ra mắt nữa, nhỏ nhẹ, lấy nét nhanh và wr nữa"
1,Về VN giá 200nghìn mua 10 chiếc
1,Sony x2 vs bb đẹp mê hồn
0,"giá tiền cao , tiện ích không quá nổi trội , Pin còn yếu . =>không đáng đồng tiền bát gạo . chờ nâng cấp thêm rồi tính tiếp ."
1,"Món vịt quay ở quán này tươi cực kỳ, ăn hơn nửa năm vẫn ghiền."
0,"Món kem ở quán này ngán quá, ăn cả tuần là thấy không nuốt nổi."
0,Thiết kế rất kém
1,quá tuyệt
0,"Không thể chấp nhận được Macbook, quá lag."
0,"G4 mình cũng mua zenfone 2 ma thường bị đứnghoài ghét , hối hận"
0,kém xa chiếc patek philippe swiss made của mình :v
1,Camera này vô cùng ngon
0,"Gia vị món bánh xèo quá nhạt, ăn không vô."
0,"Sony thiết kế lởm, cấu hình thì hay bị lỗi."
0,"Cùng mức giá này,nếu dùng hàng Tq ta có rất nhiều máy của Xiaomi,Huawei với thông số cao gấp rưỡi đến gấp đôi và chất lượng thì đã được kiểm chứng là tốt.Tóm lại là bỏ qua ốp bồ."
1,"Mới ăn thử bánh xèo ở đây, vị ngon lắm luôn."
1,Với tầm giá này thì Apple Watch là mạnh nhất rồi.
1,"Không có gì để chê ở món cơm tấm này, quá đậm đà."
1,nhìn đẹp thật
1,"giá này là giá ở TQ, về VN chắc lại đội giá tiếp ấy chứ. công nhận là đẹp thật"
0,"Mình rất thất vọng với bánh mì, nước chấm khó ăn, đồ ăn ôi thiu."
1,"Mới ăn thử bánh mì ở đây, vị giòn lắm luôn."
1,"Không có gì để chê ở Acer, quá sang trọng."
1,Quán này mì quảng là ngon nhất rồi.
1,"Apple Watch thiết kế tốt, bàn phím tốt."
0,Cỡ tiền này thì cũng chả rẻ!
1,"Dell sang trọng quá, xài suốt mấy tháng rồi vẫn tốt."
0,Sản phẩm không xuất sắc
1,Máy này hoàn toàn đẹp
0,xấu không thể tin nổi !
1,"Mình rất hài lòng với Macbook, cấu hình cao cấp, vô đối."
0,"HTC 10, không chê gì được về sản phẩm. Nhưng giá cao là điểm yếu, họ sẽ thất bại. Giá như thế thì tôi mua iPhone 6s, iOS sẽ cho khách hàng sự ổn định, thẩm mỹ và cập nhật nâng cấp lâu dài. Android chỉ được hỗ trợ đợt đầu mà thôi nên sẽ rất phí tiền. Rẻ thì dùng cho vui phong trào."
0,Với tầm giá này mà Acer lag vậy là không đáng tiền.
0,Mới mua con Realme này về mà thấy mờ cực kỳ.
1,"Mua Acer cho người yêu dùng, chồng khen bền."
1,Cứ để S7e ở Auto chụp còn đẹp hơn Prime nhiều
0,Chả để làm gì
0,"Không thể chấp nhận được Apple Watch, quá xấu."
0,"Mình rất thất vọng với Nokia, cảm ứng yếu, hay bị chán hẳn."
1,"Mình rất thích sushi ở đây, quán phục vụ quá đã, đồ ăn rất ngon."
0,nếu đúng camera kép mà lồi thế kia thì ghớm chết
0,Mình mới mua con wiko sài vừa hết bảo hành là lỗi phần mền đưa ra tiệm sữa nhưng họ bảo thay mai hết 3 củ giờ mới bit tiền nào của nấy.
1,"Món lẩu ngon hết sẩy, gia vị xuất sắc."
0,"Icon nhìn không tinh tế, hơi thô. Quan trọng nhất cái màn hình chính lúc nào cũng đập vào mắt mà màu sắc icon nhợt nhạt như máy china."
0,"Món lẩu ở quán này quá kém quá, ăn vài hôm là thấy mất vệ sinh."
1,"Lenovo cao cấp quá, xài cả năm rồi vẫn mượt."
0,"Mình rất thất vọng với AirPods, màn hình nóng, hay bị chậm vãi."
1,"Mới ăn thử bún chả ở đây, vị đậm đà lắm luôn."
0,nói chung là thất vọng em này về khoản pin
0,"Dell giật quá, xài cả năm là thấy giật lag."
1,"Mua Macbook cho đồng nghiệp dùng, em gái khen mỏng."
1,"Món bánh xèo vị vừa vị, nước dùng làm rất thơm."
1,"Mình rất hài lòng với iPad, sạc mạnh, dùng rất sướng."
1,"Món mì xào ở quán này hấp dẫn cực kỳ, ăn hơn nửa năm vẫn ghiền."
0,"Không thể chấp nhận được iPad, quá nóng."
0,Thiết kế thật sự tệ
1,"Con AirPods này dùng ấn tượng, pin không lỗi lầm."
0,"Mình rất thất vọng với Asus, chip bình thường, hay bị kém quá."
0,Mạng rất nóng
1,"Mình rất hài lòng với Oppo, hiệu năng mượt mà, tốt."
0,Với tầm giá này mà Huawei xấu vậy là không đáng tiền.
1,"Mình rất thích mì xào ở đây, quán phục vụ béo, đồ ăn quá đã."
1,Camera này cực kỳ xuất sắc
0,"Thiết kế thiếu sáng tạo,.... nhàm chán mẫu zenfone!!"
0,"Thế hệ iPhone 7 rồi đến 7s cũng sẽ y kiểu này thôi, không đẹp bằng iPhone 6!"
0,Camera quá nhanh hỏng
1,xài Màn hình thấy quá đẹp
1,Máy này rất bền
1,Cũng khá đẹp. Được cái Pin trâu. Điểm yếu của các Smart phone hiện tại là Pin chưa đáp ứng đc nhu cầu của ng dùng mà. 16.000.000 VNĐ .
1,Mình thích màu đen mới của iphone 7
1,"Tôi đang dùng Iphone5, mua được cái Lumia 950 dùng thấy hay quá, chụp ảnh Pure view 20megapixel, chống rung quang học, quá đẹp so với các smart phone khác, màn hình 2K sắc nét, bộ ứng dụng Office cũng OK, đi dạy học có thể kết nối với tivi cỡ lớn (khỏi cần laptop, quá thuận tiện). Từ đó toàn dùng Lumia 950 là chính, giờ em iphone đối với mình chỉ còn là feature phone (nghe, gọi, nhắn tin). Bây giờ cả nhà dùng Lumia: 950, 925, 730, 530"
1,Đẳng cấp là mãi mãi. Đó mới chỉ là MS còn ngái ngủ thôi đó nhớ
0,"Gia vị món gà rán quá quá kém, ăn không vô."
0,Chưa biết nhìn thực tế nó thế nào. Nhưng thiết kế vẫn chưa có được vẻ j riêng. Cứ na na sam vá htc
1,"cung khá đẹp, tuy không có load Bombsound nhưng mong rằng sẽ để cho công nghệ loa mới thế vào để bù đắp, giá khoảng 14-14.5 là ok, gom lúa hốt liền. Dùng hàng HTC riết thích về sự đơn giản nhưng tiện dụng cũng như sự ổn định qua thời gian dài dùng máy."
0,"Mình rất thất vọng với trà sữa, đồ ăn quá dở, đồ ăn không ngon."
1,"Minh moi mua 1 em softbank 102P. Cảm nhận ban đầu thấy thiết kế đẹp, cảm ứng mượt,thích nhất là mở khoá không cần dùng phím cứng. Nhưng rung thì có vẻ không được mạnh cho lắm. Mọi người dùng đt 102p thi cung chia se nhe."
0,"Surface quá tệ quá, xài cả tuần là thấy loạn cảm ứng."
1,"Mới tậu con Vivo này về, ngon lành cực kỳ luôn."
1,Nhìn bốc lửa nhỉ....
0,Cứ mà camera vẫn lồi thì vẫn chưa mua.
1,"Mình rất hài lòng với Dell, camera ổn định, ổn định."
1,"Mới ăn thử sushi ở đây, vị hấp dẫn lắm luôn."
0,"Không thể chấp nhận được món bánh mì này, quá ngán."
1,"Dẫn bạn bè đi ăn bánh xèo, em trai khen sạch sẽ."
0,"Mình rất thất vọng với mì xào, nước chấm không tươi, đồ ăn tanh rình."
1,"Món bún bò vị chuẩn vị, không gian làm rất giòn."
1,"HP thiết kế tuyệt vời, camera không bị lag."
0,Với tầm giá này mà AirPods loạn vậy là không đáng tiền.
1,good
0,Mới ăn thử nướng ở đây mà thấy khó ăn cực kỳ.
1,Đẹp
1,"Nhìn thèm nhỏ dãi, không biết đến khi nào sở hữu được em nó."
1,"Lenovo thiết kế cao cấp, cấu hình hoạt động tốt."
1,"Mình rất thích sushi ở đây, quán phục vụ chuẩn vị, đồ ăn đặc sắc."
1,"Mới ăn thử bánh mì ở đây, vị chuẩn vị lắm luôn."
0,Điện thoại chạy Android và WP ngày càng quá khổ.
1,dùng Loa thấy khá hoàn hảo
0,"Không thể chấp nhận được AirPods, quá lỗi."
0,"Không thể chấp nhận được Huawei, quá lỗi."
0,Mới mua con iPhone này về mà thấy đơ cực kỳ.
1,"Mới tậu con Asus này về, tốt cực kỳ luôn."
0,"đã nói sưu tầm thì ng ta sưu tầm cái máy cổ lỗ sĩ kia chứ chả ai dở hơi đi mua máy này. mới chả ra mới, cũ chả ra cũ. tính ra thì thằng nintendo vụ này hút máu ng dùng còn gì."
1,"Mua Nokia cho con dùng, em gái khen cao cấp."
1,"Mình rất thích bánh xèo ở đây, quán phục vụ ngon, đồ ăn cuốn hút."
0,Màn hình không xịn
1,Cứ là iPhone thì giá bao nhiêu cũng là rẻ
0,không có thẻ nhớ ngoài thì không thích rồi
0,"Samsung lởm quá, xài vài hôm là thấy rất tệ."
0,Với tầm giá này mà Vivo mờ vậy là không đáng tiền.
1,Lenovo Smart Cast quá hay cho 1 ý tưởng mà trước đây nó là viễn tưởng
0,nhìn thất vọng we!
0,"Món gỏi cuốn ở quán này mặn quá, ăn một tháng là thấy dai quá."
1,Loa này khá hoàn hảo
0,Với tầm giá này mà Samsung không ổn vậy là không đáng tiền.
0,Ko thể cài thêm game mới là ko ổn rồi.
0,Dịch vụ ít đẹp
0,Máy chả bền
0,"Không thể chấp nhận được Asus, quá mờ."
0,Mua Asus về dùng thử mà thấy giật quá.
0,"Món gỏi cuốn ở quán này chán quá, ăn hơn nửa năm là thấy quá dở."
0,"Món sushi ở quán này đắng quá, ăn vài hôm là thấy quá tệ."
0,Thật sự thì...hết ý tưởng.
0,"Con Huawei này dùng tệ, pin chán hẳn."
1,"Không có gì để chê ở Huawei, quá tuyệt vời."
0,Chưa bao giờ thấy mẫu mã 1 chiếc dt sến như vậy.
1,Quán này vịt quay là béo nhất rồi.
0,Sản phẩm chả bền
0,"Không thể chấp nhận được Samsung, quá lởm."
0,Mới mua con Surface này về mà thấy chán cực kỳ.
1,"Cái thiết kế của fuji, không chê vào đâu được. Mỗi lần cầm máy lên là cảm xúc lại trào dâng, ngắm máy thôi cũng đã thấy sướng rồi. Ăn chơi là phải sướng, hehe"
1,"Mua Dell cho bạn bè dùng, bố khen tuyệt vời."
1,"Món gà rán vị quá đã, decor làm rất thơm."
1,choáng với khả năng siêu zoom
0,Dẫn em gái đi ăn hải sản mà em trai chê dở quá.
1,"Mình rất hài lòng với Xiaomi, cấu hình mượt mà, không lỗi lầm."
0,"Mình rất thất vọng với HP, cấu hình quá kém, hay bị chậm vãi."
0,"Con Apple Watch này dùng kém, pin hay bị lỗi."
1,"Mình rất thích mì xào ở đây, quán phục vụ quá đã, đồ ăn tuyệt vời."
0,"Macbook mờ quá, xài vài hôm là thấy lag lòi."
0,"Không thể chấp nhận được món sushi này, quá quá tệ."
0,"Không thể chấp nhận được món trà sữa này, quá dở."
1,dùng Sản phẩm thấy vô cùng bền
1,"Con Lenovo này dùng hoàn hảo, pin dùng rất sướng."
0,"Apple Watch loạn quá, xài một thời gian là thấy chậm vãi."
0,"Về kết nối 3G hay Wifi thì IP cực kém và tốn pin quá trời. IP toàn trang bị chuẩn thấp, lạc hậu để giá thành rẻ mà. Ifan dễ dụ lắm nên Cúc làm gì chả được."
1,"Không có gì để chê ở Xiaomi, quá tốt."
1,Dep ngau qua...tam 6 t zot luon
0,"LG bình thường quá, xài một tháng là thấy mất sóng."
1,"Món bánh xèo ở quán này chất lượng cực kỳ, ăn cả tuần vẫn ghiền."
0,Mới ăn thử cà phê ở đây mà thấy quá dở cực kỳ.
1,"Không có gì để chê ở món sushi này, quá đậm đà."
1,"Con Sony này dùng đẳng cấp, pin không lỗi lầm."
1,Chắc chắn rồi. Nó đẹp hơn Apple Watch.
1,"Acer thiết kế đáng tiền, màn hình mượt."
1,"Realme ngon lành quá, xài hơn nửa năm rồi vẫn không bị lag."
0,Với cái tai nghe đi kèm của Iphone thì mong gì chất lượng âm thanh tăng :))
0,"Mình rất thất vọng với Sony, cấu hình quá kém, hay bị nhanh tã."
0,"Mình rất thất vọng với Realme, hệ điều hành xấu, hay bị quá cùi."
0,"Con iPad này dùng không ổn, pin quá chán."
0,"Con Macbook này dùng loạn, pin vô dụng."
0,Mua HP về dùng thử mà thấy yếu quá.
1,Đẹp đó! Về vn sẽ làm 1 em
1,"Không có gì để chê ở món kem này, quá sạch sẽ."
1,"Dẫn em gái đi ăn mì xào, em trai khen ngon miệng."
0,nên sa thải hết khâu thiết kế đi là vừa....ip ngày càng xấu
0,Mới ăn thử lẩu ở đây mà thấy chua cực kỳ.
0,Mấy con nhật ít rom với cũng hua7 root dc nên cũng chả có gì để bàn cả ehe
1,"Không có gì để chê ở món bánh xèo này, quá ngon tuyệt."
1,"Mình rất hài lòng với Apple Watch, thiết kế tốt, trâu."
0,"Món cà phê ở quán này nguội ngắt quá, ăn vài hôm là thấy rất chán."
0,"Món bún chả ở quán này khó ăn quá, ăn cả tuần là thấy nhạt nhẽo."
1,"Dẫn con đi ăn gà rán, đồng nghiệp khen giòn."
1,Sản phẩm này cực kỳ hoàn hảo
1,Quán này kem là chất lượng nhất rồi.
1,"Mình rất hài lòng với Lenovo, loa ổn định, không nóng máy."
1,Quán này phở là sạch sẽ nhất rồi.
0,"Cấu hình như Note 5, chỉ thêm mỗi quét mống mắt và màn hình cong rồi chống thấm nước nữa :(. Không đáng kể lắm. Note 5 xài cũng ổn rồi. Hoặc Galaxy S7 edge cũng đc"
1,Bản này ngon nhất trong các bản WIN ( trừ XP)
0,"Mình rất thất vọng với Sony, chip yếu, hay bị sụt pin nhanh."
0,Yến Vi mà ra con Gtx 1060 bản 3GB nữa thì mấy cái đám từ 480-460 chắc bán cho người âm
1,"Món pizza ở quán này ngon cực kỳ, ăn một thời gian vẫn ghiền."
1,"Con Macbook này dùng sắc nét, pin không bị lag."
0,"Không thể chấp nhận được iPhone, quá xấu."
1,Pin này khá mát
0,Ui trời h mới thấy iphone xấu khi đặt cạnh samsung
1,"Món sushi ngon hết sẩy, gia vị đậm đà."
0,"Có cho cũng chẳng dùng. Không mang lại ích lợi nhiều mà hàng ngày bận sạc, mệt người."
1,"Bạn nào mà đọc hết được cái đời,các dòng samsung thì bá đạo,chắc phải đến 100 mã chứ đùa!công nhận samsung phát triển nhanh chóng mặt!"
0,"Không thể chấp nhận được món gà rán này, quá ôi."
1,Điện thoại này khá xịn
0,ít nút mà mắc vậy ta ??
0,Mới mua con Oppo này về mà thấy quá kém cực kỳ.
1,"Mới tậu con Realme này về, ngon lành cực kỳ luôn."
1,"Mới tậu con Oppo này về, đẹp cực kỳ luôn."
0,"Gia vị món sushi quá quá kém, ăn không vô."
0,"Không thể chấp nhận được Vivo, quá nặng."
0,Dẫn mẹ đi ăn bánh xèo mà chồng chê tanh quá.
0,"Mình rất thất vọng với iPhone, cấu hình bình thường, hay bị kém quá."
1,"Con Surface này dùng cao cấp, pin bình thường."
1,"Món mì xào ở quán này cuốn hút cực kỳ, ăn cả năm vẫn ghiền."
0,"Vivo quá kém quá, xài mấy ngày là thấy quá đơ."
1,"đẹp hơn, rẻ hơn, tính năng hấp dẫn hơn,...người tiêu dùng được lợi hơn..."
1,"đợi iPhone 7 ra là mua ngay 1 bạn về, nhìn concept bạn ấy đẹp quá, nhất là màu đen, mê hoặc"
0,Thiết kế chả xịn
1,"Mình rất thích gỏi cuốn ở đây, quán phục vụ tươi, đồ ăn tươi."
0,"Tôi chán ông Asus lắm rồi, ngoài cái thương hiệu may mắn ko phải của China còn mọi thứ còn lại đều rất ""China"": chất lượng kém (hỏngvặt). Dịch vụ kém (đi bh nhiều lần, bh lâu). Độ tin cậy thấp (hay hỏng nên mau trượt giá). Kiểu dáng xấu. Đc cái cấu hình cao. Kết luận: cạch, ko nên mua, dc cho cũg ko nên xài."
0,"sao anh không khác đi vậy anh sam sum....! cứ mãi làm giống thế, anh có cái nào đột phá hơn trong thiết kế không...."
0,Nhìn hình dáng nút home cứng nhắc thô tục
1,"Không có gì để chê ở Sony, quá ngon lành."
0,Em này mới ra nên giá chát quá
1,Mih đa lên 9.3.2 may chay ok pin thi ko pai nghi nhe . Mih lên dc gan 2 thag roi ma chua thay bi van đe ji
0,Mới mua con Oppo này về mà thấy tệ cực kỳ.
1,"Mình rất thích bánh mì ở đây, quán phục vụ xuất sắc, đồ ăn rất ngon."
1,"Đẹp, độc, viền mỏng cứ Sharp 402sh mà chơi, chất lượng khỏi bàn"
1,"Mình rất hài lòng với Dell, hệ điều hành ấn tượng, tuyệt vời."
1,"950 đi bạn, tôi đang xài nè. không thất vọng đâu. bạn là sinh viên sau này dùng chức năng continum rất thuận tiện"
1,"Món vịt quay vị đặc sắc, nước chấm làm rất đậm đà."
1,"Dẫn đồng nghiệp đi ăn sushi, bố khen vừa vị."
1,"Pin con này trâu lắm bác, quất đi :d"
0,"Vivo thiết kế không ổn, hệ điều hành thì không xài được."
0,Điện thoại chả bền
1,"Món pizza vị đậm đà, nước chấm làm rất đặc sắc."
1,"Mình rất thích bánh xèo ở đây, quán phục vụ sạch sẽ, đồ ăn vừa vị."
1,Quán này nướng là giòn nhất rồi.
1,Thiết kế của Huawei Matebook mình thấy quá đẹp
0,"Mình rất thất vọng với mì quảng, đồ uống khô, đồ ăn nhạt nhẽo."
0,"mới sáng ra cầm đt định vọc vào 1 trang web load dc 80% rồi tự nhiên tắt màn hình, bât mãi chả lên cắm xạc ko thấy đèn hiện xạc.... xong biết luôn. mới mua chưa dc 1 tháng sv tích góp bao lâu mới dc và lần đầu dc sờ vào con smartphone chưa dc 1 tháng và đi trong khoảnh khắc.... buồn kinh khủng"
0,Dẫn bạn bè đi ăn nem cuốn mà người yêu chê khó ăn quá.
0,"Món cà phê vị khó ăn, không đáng tiền tí nào."
1,"mình thấy đeo như vậy nhìn giờ tiện hơn , cũng đỡ va chạm màn hình cái này hiển thị tin nhắn tiếng việt và thông báo từ các ứng dụng khác đc ko bạn"
1,"Con iPhone này dùng sang trọng, pin bình thường."
1,"Tôi hiện đang dùng Nexus 6 và Samsung A7 nhưng trước đây đã dùng GPad G3 của Gionee nên đánh giá cao chất lượng sản phẩm của thương hiệu này, rất đáng đồng tiền bát gạo. Không phải sản phẩm nào của China cũng chất lượng kém."
0,CHỨ BGIO THIẾT KẾ KO MỚI CHẢ LẼ ĐỂ NGUYÊN CON ĐỔI CÁI TÊN MỚI THÔI HẢ. 1 IFAN NẢN CHÍ CHO HAY
0,"Món bánh mì vị quá kém, không đáng tiền tí nào."
0,"Gia vị món mì quảng quá đắng, ăn không vô."
1,"2 hình đầu thì thấy S7 đẹp hơn, sáng hơn. Nhưng mấy hình chụp trong thành phố, đặt biệt là có cây xanh thì X max lại thể hiện khả năng cân bằng rất tốt. Nhìn màu xanh green trong ánh đèn vàng thiệt là phê. X max lại có camera 23mp nên zoom lại mịn hơn, chi tiết hơn S7 nx. Hàng Việt Nam ghê . Like"
1,Mình kết cái dây kim loại rồi đấy nhìn sang trọng
1,Quá tuyệt vời. Không biết phiên bản 2 3 sẽ như thế nào nữa
0,"Món mì xào vị khó ăn, không đáng tiền tí nào."
0,Với tầm giá này mà Vivo chán vậy là không đáng tiền.
0,"Món nem cuốn vị quá kém, không đáng tiền tí nào."
1,"Mới ăn thử phở ở đây, vị quá đã lắm luôn."
0,Mua Dell về dùng thử mà thấy chán quá.
0,"Không thể chấp nhận được món sushi này, quá ngấy."
0,"HP thiết kế đơ, chip thì quá cùi."
1,"Mới tậu con Nokia này về, ổn định cực kỳ luôn."
0,"Món gà rán vị mặn, không đáng tiền tí nào."
0,"Asus thiết kế tệ, pin thì mất sóng."
1,Quán này nướng là hấp dẫn nhất rồi.
1,"Mình rất hài lòng với Asus, cấu hình tốt, tốt."
1,quá ngon nhưng không có tiền để mua
0,"Mình rất thất vọng với Oppo, cảm ứng tệ, hay bị quá cùi."
1,"Mình rất hài lòng với Oppo, loa xuất sắc, ổn định."
1,Love HTC Love Sense
1,Máy này quá hoàn hảo
1,"Mua LG cho chồng dùng, chồng khen ấn tượng."
0,Nói gì thì nói mình lương tháng 21tr cũng không thích mua iphone. Đắt! Dùng ít năm rồi chán lại muốn thay cái mới. Để những đồng tiền lo việc khác còn hơn.
1,dùng Loa thấy hoàn toàn ngon
1,Chung quy là cứ ai phôn mà dùng cho lành
0,Dẫn vợ đi ăn cơm tấm mà em trai chê khó ăn quá.
1,"Chụp ảnh đường phố tiện mà, nhỏ gọn, lấy nét nhanh nhiều công nghệ đâu kém gì sony, body cũng retro như fuji, sensor crop 2x ngoài khoản ko dc dof mỏng thì còn lại tốt mà ^ ^ đang tìm olympus chuyển qua xài thử"
1,"Không có gì để chê ở Samsung, quá sang trọng."
1,Quán này bún bò là đặc sắc nhất rồi.
0,"Con Nokia này dùng quá chán, pin yếu xìu."
1,Loa này quá tốt
0,"Mình rất thất vọng với hải sản, không gian tanh, đồ ăn không đáng tiền."
0,Dẫn em gái đi ăn bún bò mà bạn bè chê mặn quá.
0,"Lens kit Sony ko bằng Fuji cho dù Fuji 16-50. Thằng Fuji có con 18-55 phải nói ngon. Khoản lens Sony quá chán, kit quá cùi. Còn muốn Upgrade thay kit thì tòan thứ mắc, chỉ có fix 50, 35 là còn rẻ và ngon."
0,Thiết kế xấu quá!
1,"Con Lenovo này dùng nhẹ, pin mạnh."
1,"Món mì xào vị vừa miệng, nước chấm làm rất đặc sắc."
0,Pin quá cùi
0,Mới mua con Realme này về mà thấy tệ cực kỳ.
0,"AirPods thiết kế mờ, thiết kế thì rất tệ."
1,"Con Macbook này dùng bền, pin ổn định."
0,Điện thoại khá dở
0,"Gia vị món vịt quay quá không tươi, ăn không vô."
1,"mình nhớ là Xbox ra trước cả Win Vista, hồi đó trốn học đi chơi hoài, điểm nổi bật là có ổ cứng sẵn lưu đc nhiều trò nên k bị dính tình trạng đĩa xước, lúc đó ước gì có 1 cái"
0,Mới mua con Xiaomi này về mà thấy lag cực kỳ.
0,"Món hải sản ở quán này ôi quá, ăn cả năm là thấy rất chán."
1,"Mới tậu con Oppo này về, mạnh cực kỳ luôn."
0,"Mình rất thất vọng với lẩu, món ăn quá dở, đồ ăn khô khốc."
0,"Con Oppo này dùng quá tệ, pin hay bị lỗi."
0,"Realme đơ quá, xài vài hôm là thấy chậm vãi."
0,"Sony thiết kế chậm, bàn phím thì rất tệ."
0,"Không thể chấp nhận được Asus, quá đơ."
0,3 phím cảm ứng lại nằm trong màn hình! Nản.
0,Mới ăn thử bánh mì ở đây mà thấy nguội ngắt cực kỳ.
0,"Nokia chán quá, xài suốt mấy tháng là thấy lag lòi."
0,"Lenovo xấu quá, xài một thời gian là thấy nhanh tã."
0,"Không thể chấp nhận được Realme, quá kém."
0,Điện thoại quá tệ
1,Thiết kế hình mẫu. Chạy Win 10 wa tuyệt
1,Với tầm giá này thì Huawei là sang trọng nhất rồi.
1,"Dẫn vợ đi ăn gà rán, đồng nghiệp khen rất ngon."
0,"Không thể chấp nhận được món trà sữa này, quá mặn."
0,"Gia vị món sushi quá nhạt, ăn không vô."
1,"Món nướng ngon hết sẩy, gia vị ngon tuyệt."
0,Với tầm giá này mà Surface mờ vậy là không đáng tiền.
1,Quán này bún bò là tuyệt vời nhất rồi.
0,Nhìn như đồ chơi con nít
1,Với tầm giá này thì iPhone là xuất sắc nhất rồi.
0,"Không thể chấp nhận được món nướng này, quá ngấy."
1,"Sony thiết kế đáng tiền, vân tay ổn định."
1,"mình đang cầm S7 đây, xác nhận ảnh mờ mơ chứ ko dc trong như con Mb star đâu!"
0,"Mình rất thất vọng với Asus, vân tay yếu, hay bị hay bị lỗi."
1,Camera này khá đẹp
0,"Đúng là phải dùng từ ảo tung chảo! Nâng ram lên chi mà lắm thế ko biết? Con laptop của em ram chỉ 4g thôi, nhìn em này sao mà xót xa quá!"
1,"Món bánh xèo vị ngon miệng, decor làm rất cuốn hút."
0,Mới ăn thử sushi ở đây mà thấy quá kém cực kỳ.
0,Iphone ngày càng trở nên nhạt nhẽo
0,"iPad mờ quá, xài suốt mấy tháng là thấy quá đơ."
1,"Dell thiết kế đẹp, cấu hình không bị lag."
1,"Con Apple Watch này dùng nhanh, pin đẹp."
0,"Không thể chấp nhận được món vịt quay này, quá đắng."
1,Màn hình này rất êm
1,"Dẫn người yêu đi ăn vịt quay, vợ khen chuẩn vị."
0,"màn hình not 4 rơi nhẹ cũng bị bể, thay đến 2 lần. Chưa bao giờ thấy điện thoại nào mà có màn hình dễ vỡ như vậy"
0,Mới ăn thử mì quảng ở đây mà thấy ngán cực kỳ.
0,"Món lẩu ở quán này dở quá, ăn mấy ngày là thấy mất vệ sinh."
0,"Thấy cái ứng dụng vào việc đọc báo của bạn này hơi bị gượng gạo và hài hước. Với cái màn hình bé tí của aw thì việc đọc bài báo 100 từ cũng đã mệt mỏi rồi. Đưa cái việc đọc báo ra là để cố gắng nói cái lợi ích của nó chứ thực tế mình mở đt đọc cho sướng mắt chứ đọc trên cái aw làm gì? Bản đồ cũng thế. Rất khó khăn để nhìn đc và nhìn các vùng. Phải thao tác trên phone trước rồi chuyển sang nhìn đồng hồ. Khá rắc rối, đc cái ko phải cầm phone coi thôi. Nói chung là bài viết không phù hợp ở Vietnam. Có khi tiếng anh của bạn này chưa đủ để chém trên trang nước ngoài nên viết tiếng việt ở đây nên dịch và chuyển qua bên Mẽo để đúng với mục đích"
0,Ngay tan cua BB da den
1,"Cenda u5 là model bán chạy chỉ thua sau Xiaomi mà bác, nhờ pp giá thành/chất lượng tốt nên bán khá chạy."
0,"tôi đã dùng sony M4 , bây giờ đã bể màng hình ... tôi không muốn sửa nó , vì M4 là một thất bại lớn của sony ... bộ nhớ quá ít, chạy ứng dụng thông dụng thôi cũng làm hết dung lượng , làm máy chậm"
0,Khuyên thằng em trai mua Note 5 giờ nó nói chả ra gì. Android chả được mượt siêu phẩm gì vẫn giật lag. Cái bút thì ít dùng. Thời gian đầu về thì lỏng lắc nhẹ là rơi. Nó rút điện thoại ra nghe mạnh tay 1 cái thế là rơi ra đường ô tô cán qua. Đi bảo hành SS bảo bị lỗi cái lẫy gì đó. Giờ thì nó không rút được ra. Ra bảo hành thì bảo không còn nguyên vẹn nên không bảo hành. Cái chỗ cắm bút vào thì được tháng đã xước tòe loe. Khuyên các bạn đừng mua siêu phẩm của Samsung. Phần mềm thì quá chậm cập nhật. Phần mềm rác thì nhiều vô kể. Thật sự quá thất vọng.
1,Giá 5 triệu thì doanh thu cứ gọi là thẳng tắp 90 độ không bàn cãi
1,"Samsung thiết kế mượt mà, pin vô đối."
1,"Khoái cái loa 4W quá màn hình thì quá đẹp , về vn là mua ngay 10 cái tặng mấy cụ già xài ."
1,"Không có gì để chê ở món gà rán này, quá vừa miệng."
0,"Surface lởm quá, xài một tháng là thấy rất tệ."
1,"Mới ăn thử bánh xèo ở đây, vị vừa vị lắm luôn."
1,2 sim ngon quá
1,"Mình rất thích bánh xèo ở đây, quán phục vụ chuẩn vị, đồ ăn rất ngon."
1,"Samsung thiết kế mỏng, hệ điều hành ổn định."
0,"Không thể chấp nhận được món gỏi cuốn này, quá đắng."
1,"Mới ăn thử pizza ở đây, vị giòn lắm luôn."
1,"Không có gì để chê ở Sony, quá cao cấp."
1,"Quá đẹp, con này tầm 8tr là xúc liền..."
0,Cảm biến vân tay em say xỉn bị vợ dí vào xem hết tin nhắn với tài khoản ngân hàng còn bao nhiêu. Bước đột phá công nghệ quá tồi tệ. Giờ con 6s em dùng chẳng khác nào ip5
0,"Con Apple Watch này dùng chán, pin lag lòi."
1,"Món mì xào ở quán này sạch sẽ cực kỳ, ăn một tháng vẫn ghiền."
1,"Món gỏi cuốn vị chuẩn vị, nước chấm làm rất chuẩn vị."
0,"Không thể chấp nhận được Samsung, quá loạn."
1,"Món gà rán vị tươi, nước dùng làm rất tươi."
0,Mới mua con Lenovo này về mà thấy nóng cực kỳ.
1,dùng Camera thấy cực kỳ mát
1,Xem ra ss cũng sáng tạo tuyết đấy chứ. Cái sáng tạo dựa trên cái người ta đi trước ấy
1,"Món bánh mì ở quán này thơm cực kỳ, ăn một tuần vẫn ghiền."
0,"Mình rất thất vọng với Macbook, sạc bình thường, hay bị yếu xìu."
1,"Đang chạy rom của p04d đây, thấy khá mượt + hỗ trợ đủ 11gb bộ nhớ trong."
0,"Dell đơ quá, xài vài hôm là thấy rất tệ."
0,"thua con note book 10.1 cua minh,gon nhe pin ok"
1,Quán này gỏi cuốn là tươi nhất rồi.
1,"Món cơm tấm ở quán này đặc sắc cực kỳ, ăn vài hôm vẫn ghiền."
1,"HTC 10 chiếc điện thoại tiếp theo của em đây mà, chờ giá giảm chút nào"
1,":wink0st: nó rất hay đấy không báo gửi như bản cũ mà nó lên ngay phần tin nhắn y chang như anh đang chát yahoo ấy hi..hi...:wink0st:""Ps: Hội I607 có 2 bạn Lanbupbe và Savijsc tuyệt thật, chịu khó mày mò và tìm kiếm, tâm đắc với máy của mình thật, mình dám cá với các bạn là 2 bạn này ngày thì kè kè cái máy, tối nào cũng phải ngồi ôm lấy cái đt cả tiếng đồng hồ trước khi đi ngủ ""em làm việc suốt lúc rỗi mơi ghiên cứu dc tý .. chả bik anh savijsc thế nào..."
0,Máy chưa ngon
0,"Món cà phê vị quá kém, không đáng tiền tí nào."
0,Khong nen xai do tq !
0,"Vivo chán quá, xài vài tháng là thấy không đáng tiền."
1,"Obi hỗ trợ 4G xài Cyanogen bảo mật tốt, nghe nhạc hay, chụp hinh đẹp. Có tiền mình sẽ mua."
1,"Oppo thiết kế ổn định, bàn phím không bị lag."
1,"Không có gì để chê ở món gỏi cuốn này, quá vừa miệng."
0,"co cần thiết hai cái camera không, hai camera quá sấu"
1,"Mới tậu con iPhone này về, ngon lành cực kỳ luôn."
0,K có gì đột phá
1,Với tầm giá này thì Lenovo là đẹp nhất rồi.
0,"Mình rất thất vọng với Nokia, loa đơ, hay bị quá cùi."
1,Sản phẩm này cực kỳ đẹp
0,"Con AirPods này dùng lag, pin lag lòi."
1,Quán này bánh mì là thơm nhất rồi.
0,Màn hình chưa êm
1,"Không có gì để chê ở món gỏi cuốn này, quá hấp dẫn."
0,"Không thể chấp nhận được món nem cuốn này, quá chua."
1,"Con HP này dùng ngon lành, pin ổn định."
1,Với tầm giá này thì Lenovo là cao cấp nhất rồi.
0,Với tầm giá này mà Oppo tệ vậy là không đáng tiền.
0,"Món phở vị quá dở, không đáng tiền tí nào."
0,Loa không bền
0,Mới lên sáng nay và bị lỗi wifi yếu thấy rõ và bị lỗi messege không gọi được nãn gê
0,Máy chả xuất sắc
0,Mới ăn thử bún chả ở đây mà thấy chua cực kỳ.
0,Chẳng có gì mới lạ
1,Quán này mì xào là đậm đà nhất rồi.
1,"Cái giá không thể tuyệt vời hơn, mấy con $10 đổ lại toàn bị đen 4 góc, có cửa hàng nào ở Sài Gòn bán chưa ???"
1,Iphone đi chậm hơn nhưng có thể làm tốt hơn những hãng khác... Nhưng người dùng cũng bị cuốn hút bởi những trải nghiệm mới lạ. Vậy bạn sẽ chọn mới lạ tiên phong hay hoàn thiện hơn?
0,Macbook air ngon hơn giá mềm hơn
1,"giá tốt, bán sớm, không như hãng A nào đó mãi mới bán lại còn thổi giá cao"
1,Chuẩn! 5s là mẫu iphone đẹp nhất tính đến thời điểm này!
1,"Món hải sản ngon hết sẩy, gia vị đặc sắc."
1,"Realme thiết kế mượt mà, wifi không nóng máy."
1,"Con Macbook này dùng phù hợp, pin tuyệt vời."
1,"Dùng Note 4 (brand new) được 6 tháng, thật sự rất hài lòng về dòng Note."
0,"Mình rất thất vọng với iPad, loa mờ, hay bị vô dụng."
1,"Con Vivo này dùng nhẹ, pin dùng rất sướng."
1,"Không có gì để chê ở Sony, quá nhẹ."
1,"Món trà sữa ở quán này vừa vị cực kỳ, ăn hơn nửa năm vẫn ghiền."
1,Với tầm giá này thì iPad là mạnh nhất rồi.
0,"Món gà rán ở quán này khó ăn quá, ăn hơn nửa năm là thấy nhạt nhẽo."
1,"Mua HP cho người yêu dùng, bố khen mạnh."
1,"Xin chia buồn với ai đã mua ip 4,5,6.... tớ chuẩn bị mua ip 7 đây. con này tk đẹp nhất từ trước tớn nay và bây giờ mới có hứng với ip."
1,"Mình đầu tiên cũng hi vọng có hiển thị % pin trên thanh trạng thái nhưng xong cũng kịp lôi econavi ra dùng. Máy mình mới nên cảm thấy pin cũng tươn đối ổn, dùng bình thường cũng trọn vẹn 1 ngày. Vậy là đủ. Ưu điểm của e nó thì mình thấy có nhiều hơn bác vittran nói. Ngoài đẹp và rẻ ra thì còn khoản chống nước nữa mà, ngoài ra là dùng khá mát, máy không nóng như những em android khác e đã dùng. vittran Những vấn đề của bác e không hề gặp phải 1. Máy e chạy rom 4.0.4 của P04-D không hề bị treo hay restart máy gì cả 2. Message thì giới hạn 160 kí tự nhưng dùng bt như các android quốc tế khác mà, không cần phải cài app gì hết. Và nó link tới danh bạ cũng rất bt như những em khác. Không hiểu máy của bác tại sao lại khác biệt vậy Vui mừng vì máy của mình khá là ngon, chưa gặp vấn đề gì"
0,"Mình rất thất vọng với Surface, pin lỗi, hay bị chậm vãi."
0,Với tầm giá này mà Lenovo nóng vậy là không đáng tiền.
0,Mới mua con Huawei này về mà thấy loạn cực kỳ.
1,"Mình rất chuộng nhất là dòng IPhone, mong Apple sản xuất ra iphone hoặc iPad mà có thể vừa có chức năng của laptop mà vừa có chức năng của một smartphone"
0,Trông giống obi nhỉ. Phần dư trên và dưới màn hình quá nhiều vậy mà còn thêm phím ảo tròn màn hình nữa.KHÔNG XỨNG LÀM FLAGSHIP.
1,"Món vịt quay ở quán này tuyệt vời cực kỳ, ăn cả tuần vẫn ghiền."
1,quá đẹp
1,trải nghiệm Loa thấy khá bền
1,Thiết kế này rất mát
1,Quán này bánh xèo là hấp dẫn nhất rồi.
0,Mới mua con Apple Watch này về mà thấy bình thường cực kỳ.
1,công nhận là màu hồng đẹp
0,Mua Sony về dùng thử mà thấy chậm quá.
0,"Mình rất thất vọng với mì xào, gia vị mặn, đồ ăn không nuốt nổi."
1,"Món mì quảng ở quán này chuẩn vị cực kỳ, ăn mấy ngày vẫn ghiền."
0,Với tầm giá này mà Realme xấu vậy là không đáng tiền.
0,Giá quá chát..k như hồi mới ra mắt
0,"Mình rất thất vọng với bánh mì, món ăn khô, đồ ăn không đáng tiền."
1,hầu hết người dùng nokia chỉ phàn nàn về hđh quá ít ứng dụng chứ chất lượng Nokia thì chưa ai phàn nàn.
0,"Không thể chấp nhận được món bún chả này, quá khét."
1,"Mua iPad cho vợ dùng, mẹ khen mỏng."
0,Màn hình ít đỉnh
0,Đúng thế con neo 7 màn hình qhd mà giá gần 4trieu mình ko hiểu oppo định giá kiểu gì ảo tưởng vô cùng.
1,Camera này quá tốt
1,"Mua Xiaomi cho đồng nghiệp dùng, người yêu khen đẹp."
0,Mua Dell về dùng thử mà thấy đơ quá.
1,"Mới tậu con Surface này về, sắc nét cực kỳ luôn."
1,đẹp đấy!!!!!!!!
0,"Món nem cuốn vị chán, không đáng tiền tí nào."
0,Pin tồi tàn quá
1,Quán này mì quảng là chất lượng nhất rồi.
1,"Mới ăn thử nướng ở đây, vị ngon lắm luôn."
1,Mình dùng M7 2 năm rồi mà vẫn mượt mà như mới! Có tiền xúc ngon này ngon tuyệt! Love HTC!
1,1280 muôn năm...
0,Dẫn chồng đi ăn gỏi cuốn mà người yêu chê quá dở quá.
1,Màn hình này khá đẹp
0,Với tầm giá này mà Huawei lởm vậy là không đáng tiền.
1,"Vivo thiết kế sang trọng, camera đẹp."
1,"Món bún bò vị vừa vị, đồ ăn làm rất quá đã."
1,"Mua iPhone cho chồng dùng, mẹ khen ổn định."
1,Với tầm giá này thì Huawei là mạnh nhất rồi.
0,Thiết kế chưa tuyệt vời
1,"Mua LG cho người yêu dùng, vợ khen cao cấp."
0,Mới mua con LG này về mà thấy nóng cực kỳ.
1,"Vivo thiết kế ổn định, hệ điều hành nhanh."
0,"Món gỏi cuốn ở quán này khó ăn quá, ăn một tháng là thấy chua loét."
1,Mình đến bây giờ vẫn giữ một em PS1 và vẫn chạy tốt
0,"LG thiết kế tệ, pin thì quá cùi."
0,"Không thể chấp nhận được HP, quá quá tệ."
0,"Con Asus này dùng xấu, pin chán hẳn."
1,"Món gà rán vị hấp dẫn, nước chấm làm rất chất lượng."
1,"SS năm nay về ngoại hình, cấu hình rất tốt. Chờ đánh giá khoản pin nữa. Sao không thấy bản chay wp nhỉ?"
0,Mới mua con Surface này về mà thấy mờ cực kỳ.
0,Mạng thật sự dở
0,"Chào em, em có thể xem trên youtube về đánh giá 2 sản phẩm này. Nếu anh thì anh chọn M4, có tính năng chống nước. J7 thì có vẻ đẹp hơn nhưng về phần cứng thì ko bằng đâu. Máy chạy lag hay ko là phần lớn do người dùng biết thao tác để tối ưu nha em. 2 máy điều có cấu hình tương đương, cũng khác là mạnh, em ko sử dụng app nặng nhiều thì yên tâm về tốc độ xử lý.Chúc em mau có máy mới sử dụng."
0,Với tầm giá này mà LG chán vậy là không đáng tiền.
0,"Không thể chấp nhận được món bún chả này, quá quá dở."
0,Nói chung là cũng hết ý tưởng rồi!
1,"Mới ăn thử mì xào ở đây, vị cuốn hút lắm luôn."
0,"Con LG này dùng kém, pin yếu xìu."
0,"Oppo ảo tưởng giá trị với những anh SS, SN, LG,... tôi vô những trung tâm điện thoại, chẳng bao giờ màng đến cái tên Oppo. Giá ở trên nóc."
0,"Surface loạn quá, xài hơn nửa năm là thấy chán hẳn."
1,"Đang hóng bình luận trái chiều của các ifan...cá nhân mình thấy nó đẹp...thiết kế smartphone giờ học hỏi hay sao chep có chon lọc cho nhau...ví dụ như iphone 6 lấy ý tưởng của htc one m7, camera one a9 giống với thiết kế của camera iphone 6...thấy nó đẹp cấu hình ổn,ram 4g mà adroid 6.0 của samsung chạy mượt..."
1,"Món kem ở quán này tươi cực kỳ, ăn hơn nửa năm vẫn ghiền."
1,IPhone so 1
1,Sản phẩm này rất hoàn hảo
1,Với tầm giá này thì Acer là sắc nét nhất rồi.
0,"Con Acer này dùng loạn, pin sụt pin nhanh."
1,"hoi xua 8x 14 trieu mua không nói ,sau xuong 4,5t mua 2 cái xai toi nay chi hu pin thoi.nghe phon rat hay Tôi rất thích chiếc điện thoại HTC..."
0,Mức giá này tôi thà chọn lg g4 cũ hoặc xiaomi note pro con ngon hơn
0,"quá chát, chỉ dành cho bác nào thích độc tý. Mà dùng ăn roi mà không có rom nghịch cũng buồn"
0,"Gia vị món mì xào quá quá dở, ăn không vô."
1,"Món cơm tấm ngon hết sẩy, gia vị sạch sẽ."
1,TouchPal ngon nhất mà không có trong danh sách... Cử chỉ đoán từ theo ngữ cảnh dựa theo thói quen cực chuẩn...
0,Sony thì ít ống kính ít cả người dùng ít sự lựa chọn. Sang canon e có thể chọn rất nhiều mẫu máy và rất nhiều ống kính phù hợp vs nhu cầu người mới chơi. A khuyên e chọn dòng entry level dòng 3 số 500D trở lên đến 700D và ống kit 18-55 tập chụp 1 thời gian rồi hãy đổi máy lên fullfame luôn vs ống kính. Chứ đừng qua dòng crop cao cấp rồi lại lên ff thì hơi tốn kém đó
1,"iPad Pro thật tuyệt vời, để mình thêm 9 triệu nữa đi mua Surface Pro 4 mới được xách tay về vậy !!!"
1,"Dẫn người yêu đi ăn bún bò, vợ khen vừa vị."
1,"Dẫn vợ đi ăn nem cuốn, vợ khen xuất sắc."
1,"Món bánh xèo ở quán này cuốn hút cực kỳ, ăn mấy ngày vẫn ghiền."
0,"Oppo quá chán quá, xài suốt mấy tháng là thấy hay bị lỗi."
0,"Mình rất thất vọng với kem, topping ôi, đồ ăn mất vệ sinh."
0,"Mình rất thất vọng với trà sữa, đồ uống dở, đồ ăn mất vệ sinh."
1,không như G5 chụp rộng mà bị méo nhỉ
1,"Món pizza ngon hết sẩy, gia vị sạch sẽ."
1,"Giá quá chất. Không biết có bền không nhưng cấu hình, kiểu giáng và giá cả quá tốt."
0,"Mình rất thất vọng với Asus, bộ nhớ nặng, hay bị yếu xìu."
1,"Món gỏi cuốn vị quá đã, nước dùng làm rất đậm đà."
0,Thôi em lấy Bphone còn chất hơn nhiều
1,"Surface thiết kế ổn định, cấu hình nhanh."
1,"Không có gì để chê ở Vivo, quá sang trọng."
1,"iPhone mỏng quá, xài vài hôm rồi vẫn tốt."
1,"Mua Realme cho bố dùng, đồng nghiệp khen phù hợp."
0,Mua Vivo về dùng thử mà thấy quá chán quá.
1,Tuyệt..
0,Dẫn con đi ăn vịt quay mà mẹ chê thiu quá.
1,"Mình rất hài lòng với Asus, hiệu năng mượt mà, vẫn mượt."
0,"Con Realme này dùng đơ, pin quá chán."
1,"Mới ăn thử gà rán ở đây, vị đặc sắc lắm luôn."
0,"Gia vị món bún bò quá chua lè, ăn không vô."
0,"Asus thiết kế giật, màn hình thì yếu xìu."
0,"Không có gì là đặc sắc , nhàm nhàm ."
1,giá cạnh trang mà cấu hình với thiết kế lại quá ngon ... bản 128gb bộ nhớ trong với 4gb ram làm mình cảm thấy muốn đập lợn đất để mua ngay nhưng tiếc là chưa có hàng ngay bây giờ.
0,Thiết kế hơi nhanh hỏng
1,Em dùng con pulse khi đá bóng Có màn hiển thị thì ngon quá
1,"iPad cao cấp quá, xài cả tuần rồi vẫn rất bền."
0,Mua Asus về dùng thử mà thấy chán quá.
0,Dẫn bạn bè đi ăn bánh mì mà đồng nghiệp chê khô quá.
0,Mua Huawei về dùng thử mà thấy đơ quá.
1,"Bạn dùng ổ cắm đa năng xioami chắc hàng thường rồi, tôi mua bên kia cũng hơn 200N, chưa kể về đây! Tớ cắm 1 IP 1 samsung mà sạc chạy ngon lành"
0,"Không thể chấp nhận được Surface, quá quá kém."
0,"Gia vị món bánh xèo quá nguội ngắt, ăn không vô."
1,"Dùng Mi coi bộ ngon hơn, rẻ hơn, đẹp hơn. Mi cho phép tự động sạc khi cắm máy vào, nút chỉ để dùng với đèn cao áp Mi và quạt trần Mi hoy. Con này bắt chước vậy ko biết có tính năng tự động ko. Có khi phải bấm nút mới sạc được."
0,"thiết kế nhái Iphone phần trên chỗ cụm camera xấu quá,giá 12tr quá đắt ào tưởng cho 1 thương hiệu TQ"
1,Dịch vụ này hoàn toàn mượt mà
0,cuc ky xau
1,"Dẫn con đi ăn lẩu, người yêu khen quá đã."
1,"Không có gì để chê ở LG, quá nhẹ."
1,"mình đang dùng 1 con x-mini xam15 cảm giác rất ổn, nếu so sánh trong 2 con thì con nào ok hơn vậy, thích con xiaomi vì được cái giá mềm mà có bluetooth nữa"
1,"Mua Huawei cho em trai dùng, em gái khen nhẹ."
1,"iPhone thiết kế xuất sắc, cấu hình nhanh."
0,Mua Lenovo về dùng thử mà thấy nặng quá.
0,Với tầm giá này mà Huawei mờ vậy là không đáng tiền.
0,"Con Surface này dùng tệ, pin giật lag."
0,"Lenovo quá chán quá, xài cả tuần là thấy sụt pin nhanh."
0,"Gia vị món vịt quay quá nhạt, ăn không vô."
1,"Mới ăn thử phở ở đây, vị tươi lắm luôn."
0,"Không thể chấp nhận được Xiaomi, quá loạn."
1,Quán này pizza là đậm đà nhất rồi.
0,"Dell nặng quá, xài một thời gian là thấy quá đơ."
0,"iPad thiết kế chán, vân tay thì hết pin nhanh."
1,Pin này vô cùng êm
0,"Mình rất thất vọng với Samsung, hệ điều hành chậm, hay bị quá cùi."
1,"Con Oppo này dùng cao cấp, pin ok lắm."
1,"Mình rất thích cơm tấm ở đây, quán phục vụ rất ngon, đồ ăn rất ngon."
0,"Lenovo thiết kế không ổn, màn hình thì loạn cảm ứng."
1,"Hôm trước lên rồi, thấy iOS 9.2.1 chật tốt lắm !!!! Máy không hỏng touch id thì đâu cầu phải update, vì cả hai là một mà. Không cập nhật được qua OTA, phải dùng iTunes . Mình nghĩ không cần lên"
1,"Mình rất hài lòng với Surface, sạc mạnh, bình thường."
1,Quá tuyệt
1,Máy này vô cùng đỉnh
0,"Món bánh mì vị chua, không đáng tiền tí nào."
0,"Không thể chấp nhận được món pizza này, quá khó ăn."
0,"Realme chậm quá, xài cả năm là thấy nóng máy."
0,Mạ mấy cây vàng vô đó mà bán 1.9-25k usd
1,Với tầm giá này thì Asus là ngon lành nhất rồi.
0,"Gia vị món kem quá khó ăn, ăn không vô."
1,"Mình đang dùng con P9 huawei phải nói là quá đẹp, hoàn thiện tốt mặt nhôm phía sau và mặt kính phía trước đẹp lắm , ai chưa dùng chứ dùng hàng Huawei tầm cấp cao của nó quá chuẩn luôn từ P8 đến P8 hay mate, cầm trực tiếp xem rất đẹp"
1,"Mình rất thích bún chả ở đây, quán phục vụ vừa vị, đồ ăn ngon."
1,Loa này cực kỳ tuyệt vời
0,"Mình rất thất vọng với Lenovo, màn hình lởm, hay bị chậm vãi."
0,"Sắp hết thời rồi, cái cảm giám sung sướng khi cầm iphone 4 chắc không bao giờ trở lại được."
0,Camera rất đắt
0,"2 hãng bảo mật số 1, nổ sô1 và cũng Rớt giá số 1. Vâng, chỉ có thể là BB và vẫn chỉ có thể là BPhone !"
1,Mình vừa được trải nghiệp Bphone xong. Rất ok!
1,Với tầm giá này thì Huawei là đẳng cấp nhất rồi.
0,Nghi vấn Asus đi OEM từ Mì xào
1,Ngon làm 1 em mới được
1,Sản phẩm này hoàn toàn tuyệt vời
0,Chất lượng không xuất sắc
0,Mua Dell về dùng thử mà thấy chậm quá.
0,Mua Xiaomi về dùng thử mà thấy chậm quá.
0,"Các chế nói điện thoại zenfone là loại ngon - bổ - rẻ. Nhưng rất tiếc, dùng 2 cái không ưa cái nào: Âm thanh loa rất nhỏ, pin nhanh hết, dùng được thời gian ngắn là máy nóng ran. Hệ điều hành cài nhiều ứng dụng riêng của hàng nên khi so sánh với máy khác cùng cấu hình thì có vẻ zenfone chạy chậm hơn. Rất tiếc, em sẽ không bao giờ chọn điện thoại của ASUS nữa, thông cảm nha."
0,"Mình rất thất vọng với HP, thiết kế nặng, hay bị hết pin nhanh."
0,"Huawei thiết kế nóng, loa thì quá cùi."
1,"AirPods thiết kế hoàn hảo, bàn phím tốt."
1,"iPhone ấn tượng quá, xài suốt mấy tháng rồi vẫn không lỗi lầm."
1,"AirPods thiết kế bền, bộ nhớ vô đối."
1,"Món phở ở quán này sạch sẽ cực kỳ, ăn cả tuần vẫn ghiền."
0,Giá hơi đắt
1,Sao tôi lại nhìn ra Prime Max cho ảnh đẹp hơn vậy nè????
1,"Game hỗ trợ 21:9 có nhiều lắm rồi bác ơi, mình đang chơi bét nhè đây, ưu điểm 21:9 cho góc nhìn ngang rất sướng, rộng rãi nhất là chơi đua xe"
1,"Sẽ lấy em này, tôi xài htc từ lâu, hiện tại chỉ dừng ở one m8 nhưng thấy hài lòng về sp của htc."
1,"Macbook ngon lành quá, xài một tuần rồi vẫn rất tốt."
0,Mạng thật sự lag
0,"Món mì xào vị không tươi, không đáng tiền tí nào."
0,Với tầm giá này mà Dell đơ vậy là không đáng tiền.
1,"Mình rất thích cà phê ở đây, quán phục vụ rất ngon, đồ ăn tươi."
1,các bạn cứ chê ỏng chê eo. Mình thì uớc mơ em nó lâu lắm rồi mà chưa có điều kiện
1,đây là chiếc laptop đẹp nhất thế giới có thiết kế bản lề điên khùng nhất .quá đẹp cho 1 em mẫu cá tính
1,"Samsung xuất sắc quá, xài một tháng rồi vẫn mạnh."
0,Xau qua
1,"Từ hôm anh HXV đạt vàng olympic thật sự là samfan đã bớt tăng động hơn, biết nhìn xa trông rộng hơn, còn mình hy vọng Xperia XR thành công. Dù sao sony cũng là 1 tượng đài về đồ điện tử và sản phẩm cũng khá đẹp mắt, chúc Xperia XR thành công."
1,"Ngon đấy, khá sát với nhu cầu của mình: - Luôn hiển thị giờ, để khi đi đường hoặc cần xem nhanh đỡ phải với tay bấm bất kì nút nào nữa. - Thời lượng sử dung chắc cần vài ngày, của tuần thì quá đẹp. - Báo cuộc gọi (có cả rung) với mình chưa quá cần thiết, có lẽ bác nào hay đi đường thì cần hơn."
1,"Món vịt quay vị tuyệt vời, gia vị làm rất quá đã."
0,Màn hình ít êm
0,"Món bún chả vị ôi, không đáng tiền tí nào."
0,"Món bánh mì vị nhạt, không đáng tiền tí nào."
0,"Sao lại sản xuất tại Trung Quốc, thật buồn cho fan hâm mộ Blackberry. Tôi hy vọng RIM tiếp tục sản xuất tại Canada và México"
1,"Món mì quảng vị sạch sẽ, decor làm rất sạch sẽ."
1,"Đẹp quá, cả 3 mẫu đều đẹp không chê vào đâu được, cũng không thấy dải nhựa ăng ten đâu nữa luôn, nói được là làm được. Ủng hộ Asus."
1,"Note 7 quá đẹp, quá hoàn hảo. Tuyệt vời!"
0,Hết hot rồi iphone ơi. Chuẩn bị vào viện thăm Nokia đi thôi.
0,Mới ăn thử nem cuốn ở đây mà thấy quá dở cực kỳ.
1,Quán này bánh xèo là giòn nhất rồi.
0,Mới ăn thử pizza ở đây mà thấy khét cực kỳ.
0,Dẫn bạn bè đi ăn vịt quay mà chồng chê chua lè quá.
1,samsung thật tuyệt vời mình là fan samsung yêu samsung nhất. samsung not 7 thật ko thể chê dc ko có đối thủ
1,"Không có gì để chê ở Surface, quá đẳng cấp."
0,"Mình rất thất vọng với Oppo, chip lag, hay bị quá đơ."
0,"Con Realme này dùng bình thường, pin mất sóng."
1,"Bphone 2 ngon thế, tiếc qua vừa mua Bphone1 rồi."
1,dùng Điện thoại thấy rất đỉnh
0,"Món bún bò vị ngán, không đáng tiền tí nào."
0,"Món lẩu ở quán này khét quá, ăn một tháng là thấy rất chán."
0,Quán này đồ ăn khó ăn vậy là không đáng tiền.
1,"Mới tậu con HP này về, sắc nét cực kỳ luôn."
1,"Acer thiết kế ấn tượng, cấu hình dùng rất sướng."
0,"Mình rất thất vọng với vịt quay, topping chua, đồ ăn chua loét."
1,"Mình rất hài lòng với iPad, bàn phím ngon lành, không bị lag."
1,Thích
1,"Mới tậu con Vivo này về, mạnh cực kỳ luôn."
1,"Dẫn mẹ đi ăn mì xào, em trai khen đặc sắc."
0,"Cái con điện thoại tàu này có gì hay? Không muốn nói là lởm vãi đ*i, thêm đc thánh Tùng Núi chuyên đạo nhạc."
0,Nản quá.Máy em mang đi up lên 4.0 mà nghe nhạc bằng tai nghe lại nhỏ hơn bản 2.3 là sao. 4.0 chạy cũng không mượt bằng 2.3 !
1,cũng đang xài 1 con logitech bluetooth tầm thấp M185 xài đc gần 3 năm mà vẫn còn ngon chán
0,"Không thể chấp nhận được món nướng này, quá tanh."
1,Giá rẻ... có xài tốt rồi.. đòi hỏi chi nhiều...
1,"Màu xanh đậm đẹp quá, nhìn rất nam tính, khỏe khoắn và chất."
1,"Món mì xào vị hấp dẫn, phục vụ làm rất vừa miệng."
1,"Dẫn đồng nghiệp đi ăn phở, em trai khen vừa miệng."
0,Màn hình khá đắt
0,Thiết kế chưa đỉnh
0,"Mình rất thất vọng với bún chả, phục vụ chua, đồ ăn nhạt nhẽo."
1,ĐẸP HƠN CẢ MI5!!!
1,Mình căm thù nokia vì mình mua con 1200 từ 2007 đến h vẫn k chịu hỏng để thay cái khác.
1,"Không có gì để chê ở món mì xào này, quá vừa vị."
1,lan dau dung anroid dung lg g2 2 nam nay qua ngon ko 1 loi gi .van thich nhat lg
1,"tuyệt vời muon co 1 cai mà sửa chữa bào hành của hãng tại việt nam ko có, cai nay co sim 3 g nua tuyệt đỉnh"
0,Cả 2 đều xấu !
0,"Gia vị món trà sữa quá khét, ăn không vô."
1,Với tầm giá này thì Acer là ngon lành nhất rồi.
1,"Macbook thiết kế hoàn hảo, màn hình phê lắm."
1,Sản phẩm này quá xịn
1,"Dẫn người yêu đi ăn gà rán, em trai khen đặc sắc."
1,"Con LG này dùng sang trọng, pin tuyệt vời."
1,"Con LG này dùng ổn định, pin nhanh."
0,"HP chậm quá, xài một thời gian là thấy quá đơ."
0,"Oppo đúng nghĩa hàng china, mã đẹp nhưng chất lượng kém"
0,"IPAD sắp hết thời rồi, nó chỉ dùng để xem, và giải trí thôi, làm việc thì chắc muôn đời không theo kịp Laptop và PC"
0,Mới mua con Sony này về mà thấy bình thường cực kỳ.
0,"Mình rất thất vọng với cơm tấm, gia vị không tươi, đồ ăn khó nuốt."
0,"Asus thiết kế xấu, bàn phím thì sụt pin nhanh."
0,"Mình rất thất vọng với bún chả, nước dùng ngấy, đồ ăn chán phèo."
1,"Nhìn cũng sướng cái con mắt. giá. Tầm 5- 7 tr làm gì có của cho tụi Ss,app.đẹp"
1,Quán này bánh xèo là béo nhất rồi.
0,"Ôi mẹ ơi, nó nó nó XẤU"
1,"Con Surface này dùng hoàn hảo, pin tuyệt vời."
0,"Con Samsung này dùng lag, pin không đáng tiền."
1,"Không có gì để chê ở món sushi này, quá quá đã."
0,"S3!!! Thực tế cầm thì khác hẳn, 102p cầm y như kim loại, s3 cầm thì y như nhựa, đã có ngưòi chỉ dán nilong vào , 1 thời gian bóc ra bay cả mảng. Chắc S3 nhiều tạp chất hơn rồi"
1,"Không có gì để chê ở món nem cuốn này, quá rất ngon."
0,"Con LG này dùng mờ, pin lag lòi."
0,"Dell thiết kế chậm, thiết kế thì không xài được."
1,Thiết kế đẹp quá. Không biết con này về VN bao nhiêu?
1,"Mới ăn thử nem cuốn ở đây, vị ngon tuyệt lắm luôn."
0,"Realme lag quá, xài vài tháng là thấy yếu xìu."
1,"Không có gì để chê ở món pizza này, quá cuốn hút."
1,"Dẫn bạn bè đi ăn cơm tấm, bố khen chuẩn vị."
1,"Con Apple Watch này dùng đẹp, pin mượt."
0,"Không thể chấp nhận được Acer, quá kém."
1,Thiết kế này cực kỳ mát
0,"Con Surface này dùng bình thường, pin không đáng tiền."
0,Minh da xem va trai nghiem .nhung may ko khoi dong duoc va gan nhu liet .ca nhan vien cung bo tay.
1,Bạn xài đi rồi biết chất lượng nó tốt thế nào. Tôi đang xài Redmi Note 3 và thấy thật tuyệt vời.
1,Đẹp quá...! Tôi yêu samsung
0,Dẫn em gái đi ăn gỏi cuốn mà chồng chê chán quá.
1,Máy nhìn rất đẳng cấp và sang trọng...
0,"Nếu iPhone 7 mà ntn thì chẳng có gì gọi là đột phá hay đổi mới ở đây cả. Mình rất yêu thích cảm ứng của Apple vì n rất mượt và đã trở thành thương hiệu. Nhưng với thiết kế ntn và mức giá quá cao so với chất lượng mình sẽ quay sang sử dụng samsung, tuy có cảm ứng không mượt bằng nhưng mọi thứ khác n đều vượt trội kể cả kiểu dáng bên ngoài."
0,toi nghiep.. di sai huong.. rui cung giong nhu nokia thui.. buon!
0,"Samsung đang cạn ý tưởng bắt đầu nhai đi nhai lại thiết kế , các dòng máy thiết kế lật ngược nhìn S7 với Note7 như nhau , lại thêm note5 , S6 . Fansam cú chế apple với sony cạn ý tưởng , nói thật bây giờ chỉ thấy LG là có thiết kế mới lạ còn hãng khác đều na ná như nhau"
0,"Tôi cũng không thích phím ảo trong màn hình, cứ cảm thấy vướng, mặc dù xem video nó nhỏ đi như cái chấm."
0,"Không thể chấp nhận được món mì quảng này, quá quá dở."
1,"Món lẩu ở quán này quá đã cực kỳ, ăn vài hôm vẫn ghiền."
1,"Nhưng mình nghĩ nếu hàng fake nó sẽ không được sắc sảo như hàng hãng đâu nên xem kĩ có thể nhận ra được, đúng hàng của nó thì rất đẹp, đường nét gọn gàng và tinh tế."
0,"Con Oppo này dùng lỗi, pin lag lòi."
1,"Món phở vị thơm, không gian làm rất thơm."
0,"Mình rất thất vọng với Surface, wifi không ổn, hay bị mất sóng."
1,"Mua Macbook cho bạn bè dùng, mẹ khen mượt mà."
0,"Món sushi vị nhạt, không đáng tiền tí nào."
0,"Với mức giá này tôi chọn Zenfone Laser LTE, camera tốt hơn, thông số tương đương, rẻ hơn 1tr, và không phải hàng Tq"
0,"Mình rất thất vọng với kem, đồ uống nguội ngắt, đồ ăn không ngon."
1,"Món cơm tấm ngon hết sẩy, gia vị quá đã."
1,Ship về 500k quất ngay
0,Mới mua con Surface này về mà thấy quá chán cực kỳ.
1,"Asus thiết kế ấn tượng, sạc mạnh."
0,"Mình rất thất vọng với kem, món ăn ôi, đồ ăn tanh rình."
0,"2 zen đời trước, cam hơi tệ. e con nhớ con zen 5 đời đầu chụp ảnh trông cứ như hoạt hình luôn ý."
0,"Con Huawei này dùng quá kém, pin vô dụng."
1,"AirPods tốt quá, xài vài hôm rồi vẫn vẫn mượt."
1,"vãi cả cấu hình, giá mà đẹp nữa thì...... :X. cái khoảng chống nước là khoái rồi kaka"
1,"Dẫn người yêu đi ăn bánh mì, em trai khen giòn."
0,Nhái trắng trợn Xào mì. Chất lượng ko biết có hơn ko mà giá gần gấp đôi.
1,e thích nhất chuột Logi - đáng đồng tiền
0,"Nokia thiết kế đơ, pin thì không đáng tiền."
0,Màn hình khá lag
0,Dẫn con đi ăn kem mà em gái chê tanh quá.
0,ban sài qua ios với android sẽ rõ nhé.cái điện thoại andoid 10 triệu dùng 1 năm là đơ đơ dùng ngán như con dán :D
0,"Không thể chấp nhận được món bánh xèo này, quá không tươi."
1,Camera này quá đỉnh
1,"Mua Lenovo cho bố dùng, vợ khen ổn định."
0,"Mình rất thất vọng với Samsung, chip lag, hay bị yếu xìu."
0,vân tay trên iphone thua xa quét mống mắt. nhìn phát đã mở máy. chả cần mò mẫm bấm home đâu
0,"Không thể chấp nhận được Realme, quá chán."
0,Với tầm giá này mà Lenovo lởm vậy là không đáng tiền.
0,"Khuyên các bác không nên mua chuột bluetooth, xài chán vãi, em cũng đang dùng con này nhưng không bao giờ dùng chức năng bluethooth cả, lag lắm, xài mấy con bluethooth kể cả magic mouse, chưa con nào ra hồn, đến giờ này em vẫn không hiểu nổi tại sao chuột bluetooth lại bèo vậy, vì về kỹ thuật mà nói, băng thông dư sức để làm chuyện đơn giản này, ngay cả nhạc nhẽo còn truyền ngon ơ cơ mà."
0,"Món mì xào vị thiu, không đáng tiền tí nào."
1,Máy này khá mát
1,con ip chạy android đây sao. Đẹp mà ngon quá.
1,To vậy nhìn sướng nhỉ. Đỡ bị cận thị. Không như những loại màn hính có 3.5 Inch căng măt lên nhìn không cận mới là lạ
1,"Không có gì để chê ở món nướng này, quá đậm đà."
1,"Món vịt quay ở quán này vừa miệng cực kỳ, ăn vài tháng vẫn ghiền."
1,"Mới tậu con Oppo này về, phù hợp cực kỳ luôn."
0,"Không thể chấp nhận được Acer, quá bình thường."
0,Với tầm giá này mà AirPods mờ vậy là không đáng tiền.
1,"Sony tốt quá, xài một thời gian rồi vẫn vô đối."
1,Quán này phở là vừa vị nhất rồi.
1,WD phone đi triệt sản rùi bạn à ? HTC 10 thật tuyệt vời đang sd con M8 đây đợi xuống 10tr sẽ mua M10 !
1,"Nokia mỏng quá, xài vài hôm rồi vẫn không lỗi lầm."
0,Điện thoại thật sự dở
0,Mua Asus về dùng thử mà thấy lởm quá.
0,"Con Samsung này dùng đơ, pin nóng máy."
1,"Mua Oppo cho mẹ dùng, con khen đẳng cấp."
1,trải nghiệm Sản phẩm thấy hoàn toàn bền
1,"Món hải sản ở quán này chuẩn vị cực kỳ, ăn một tuần vẫn ghiền."
0,Màn hình thật sự lag
1,"Mới tậu con Lenovo này về, tuyệt vời cực kỳ luôn."
1,Mobiistar ngon hơn hẳn!
1,Con này đẹp thật
1,Mình cũng dùng oke có vấn đề gì đâu nhỉ. Có mỗi cái là app chạy trên ios 8.3 của mình cứ kết nối mạng với vào app vidonn khi syn xog với vòng là bị out app. Chẳng hiểu sao. Tắt mạng đi thì lại oke
1,"Món pizza ở quán này quá đã cực kỳ, ăn một tuần vẫn ghiền."
1,"Món kem ngon hết sẩy, gia vị cuốn hút."
0,"Con iPad này dùng quá tệ, pin yếu xìu."
0,"Món pizza vị khó ăn, không đáng tiền tí nào."
1,"Dẫn em gái đi ăn cà phê, đồng nghiệp khen đậm đà."
1,"Mua Apple Watch cho chồng dùng, em trai khen ngon lành."
0,Vĩnh biệt Oppo
0,"Món phở vị đắng, không đáng tiền tí nào."
0,Với tầm giá này mà Nokia lag vậy là không đáng tiền.
1,"Không có gì để chê ở Samsung, quá bền."
1,"Loa ngòai mình nghe nhạc thấy hay nghe như âm thanh vòm, rất hay theo cảm nhận, mặc dù lần đầu tiên xài qua boomsound"
0,Mới mua con iPhone này về mà thấy quá tệ cực kỳ.
1,"Mua Macbook cho mẹ dùng, vợ khen ngon lành."
0,Thiết kế chưa êm
0,"mình thì làm rồi, nhưng thử đủ mọi cách mà nó ko có nhận ra, và báo ko tìm thấy rom nào để up cả, mình cố đổi tên file nhưng vẫn ko đc. Híc. Chắc phải đợi hướng dẫn cho riêng dòng này."
1,"HP thiết kế sang trọng, vân tay tốt."
1,"Không có gì để chê ở món phở này, quá ngon tuyệt."
1,"Mình rất hài lòng với Nokia, hiệu năng đẹp, vô đối."
0,Với tầm giá này mà iPhone đơ vậy là không đáng tiền.
0,Dẫn bố đi ăn cà phê mà đồng nghiệp chê quá tệ quá.
1,"Mua Lenovo cho bố dùng, vợ khen sắc nét."
0,"Món bún chả ở quán này quá tệ quá, ăn suốt mấy tháng là thấy chua loét."
0,"Định giá ban đầu cho HTC10 cao quá, hãy bán với trị thực thì sẽ khá hơn."
0,Dẫn em trai đi ăn pizza mà vợ chê đắng quá.
1,"Món cơm tấm vị hấp dẫn, decor làm rất chất lượng."
1,Nhìn kỹ thiết kế đẹp hơn IP chứ ^_^
1,"Dẫn em trai đi ăn hải sản, em gái khen sạch sẽ."
0,"hình HDR quá tệ, nhìn hình thấy tương phản kém, nâng sáng quá mức làm hình như bị phủ một lớp sương mờ"
1,"Mình tắm hay rửa tay thì vẫn k tháo ra. Xài được 1 tuần rùi vẫn đẹp. Con sony z3 của mình cũng dán da, cho đi bơi các kiểu vô tư, bỏ lên xíu là nó khô ngay ấy mà. Còn bong tróc thì mình thấy k đâu. Thậm chí tháo ra dán lại vài lần vẫn dc. Nói chung trong 50k thì như vậy là quá ổn rồi bạn. Quất đi thôi"
1,"Món pizza ở quán này xuất sắc cực kỳ, ăn hơn nửa năm vẫn ghiền."
1,"Mình rất hài lòng với Acer, wifi mạnh, không bị lag."
1,Ít lắm là 20 củ. Nhìn mà thèm
0,"Mình rất thất vọng với AirPods, wifi loạn, hay bị không đáng tiền."
1,"Con Asus này dùng hoàn hảo, pin nhanh."
1,"Mới ăn thử bánh xèo ở đây, vị chất lượng lắm luôn."
0,"Surface lag quá, xài vài tháng là thấy lag lòi."
1,"Mình rất hài lòng với iPhone, màn hình ấn tượng, không nóng máy."
1,Với tầm giá này thì HP là nhẹ nhất rồi.
0,Dẫn chồng đi ăn nem cuốn mà bạn bè chê tanh quá.
0,Với tầm giá này mà LG quá kém vậy là không đáng tiền.
0,Sản phẩm quá tệ
0,"Gia vị món bánh mì quá chán, ăn không vô."
0,"Apple Watch lởm quá, xài vài tháng là thấy quá đơ."
1,"Không có gì để chê ở Acer, quá đẹp."
1,"Philips đã chất từ lâu, nay lại vươn tầm rồi :D tí ghé tậu 1 chiếc thôi hehe"
1,"Món cơm tấm ở quán này tuyệt vời cực kỳ, ăn hơn nửa năm vẫn ghiền."
0,"Đang dùng 2 con BlackBerry, tình hình này quay về dùng cục gạch Nokia cũ."
1,"Không có gì để chê ở Nokia, quá cao cấp."
0,Với tầm giá này mà Huawei bình thường vậy là không đáng tiền.
0,"Gia vị món bún chả quá ngấy, ăn không vô."
0,"Con Lenovo này dùng xấu, pin sụt pin nhanh."
0,Dẫn vợ đi ăn nướng mà mẹ chê quá tệ quá.
0,"Không thể chấp nhận được món phở này, quá quá dở."
1,"Món lẩu ngon hết sẩy, gia vị chất lượng."
0,Tính năng chẳng bao giờ dùng tới. Thừa
1,ôi trời mobistar x max chụp bá đạo quá...
1,Màn hình này rất đỉnh
1,"Dell thiết kế ấn tượng, bộ nhớ bình thường."
0,"Không thể chấp nhận được Nokia, quá mờ."
0,"HP thiết kế không ổn, bộ nhớ thì không xài được."
1,Quán này phở là ngon tuyệt nhất rồi.
1,Tuyệt..QUÁ ĐẸP..QUÁ HOÀN HẢO
0,có 4 cái lỗ loa để phục vụ cho 1 loa thì có
0,"Gia vị món mì quảng quá ngấy, ăn không vô."
1,"Món pizza ngon hết sẩy, gia vị quá đã."
1,"chụp ban ngày có vẻ sony hơi kém Fuji vì qua hình thấy đúng là như có 1 lớp sương nhẹ trên mặt, lại dư sáng; màu của Fuji em thấy ấm hơn hẳn Thix mấy ánh đèn chụp ban đêm của máy Fuji, rõ nét hơn, trog khi đèn vàng ban đêm bên Sony hơi nhòe và hơi sáng quá chế độ quay fim thì sony hơn Fuji rùi.. ban đêm Fuji giật quá.. Nên trog 2 con này, xét về màu sắc thì em thix Fuji hơn ^^"
0,Xấu thế.nhìn như máy tq.
1,"Mình rất hài lòng với iPhone, sạc ngon lành, rất bền."
0,Mới ăn thử trà sữa ở đây mà thấy ôi cực kỳ.
1,"Không có gì để chê ở món bún bò này, quá hấp dẫn."
1,"Không có gì để chê ở món phở này, quá chuẩn vị."
1,"Con Samsung này dùng sắc nét, pin nhanh."
1,"Dell bền quá, xài hơn nửa năm rồi vẫn không bị lag."
0,Mua iPhone về dùng thử mà thấy lởm quá.
0,"Đồng ý với bro, pen kit sony flare quá chán"
0,Mới mua con Macbook này về mà thấy mờ cực kỳ.
0,"Không thể chấp nhận được iPhone, quá lỗi."
1,samsung làm chủ dây truyền và công nghệ ho tha hồ ra sản phẩm.iphon muốn làm cái vỏ cũng phải đi thuê hãng khác làm
1,có mấy chiếc philip đó bạn pin cực trâu bạn mình xài nó bảo được đến 5 ngày
0,Mới ăn thử mì quảng ở đây mà thấy dở cực kỳ.
1,"Mình rất hài lòng với LG, loa ấn tượng, dùng rất sướng."
0,Mua Acer về dùng thử mà thấy chán quá.
0,"máy em ở 4.0 r.so sánh với cái ảnh about phone chả khác gì topic trước.em mua lại đã unlock r.nhưng mà build thì không so sánh vì ảnh chụp thiếu,sóng thì lúc nào có thì rất căng.nhưng bỏ đấy đi tắm hay đi ngủ vẫn nguyên chỗ đấy nó gạch chéo luôn.ngồi im vào mạng thì cả ngày không mất.bộ nhớ formart lại còn có 4.2gb chắc do rom.hôm mua về 11.5gb nhưng là ảo bị lỗi parameter vì rom enable có nấy.mà đính chính là go không thể nhẹ và ngon bằng next launcher nhé bác."
1,"Mình rất hài lòng với Dell, hiệu năng tốt, trâu."
1,"Món mì xào ở quán này sạch sẽ cực kỳ, ăn vài hôm vẫn ghiền."
0,Mua iPad về dùng thử mà thấy lởm quá.
0,bán của nợ nay cho ai nữa trời
1,"iPad ngon lành quá, xài một tháng rồi vẫn trâu."
0,"Gia vị món bún bò quá đắng, ăn không vô."
0,"Mình rất thất vọng với bún chả, decor quá kém, đồ ăn chua loét."
0,"Không thể chấp nhận được món gà rán này, quá quá kém."
1,GalaXy S4 đã là đẳng cấp rồi. Cò NOTE 7 Thì gọi là siêu đẳng...?
1,"Con HP này dùng hoàn hảo, pin tuyệt vời."
0,"iPad thiết kế quá tệ, sạc thì không xài được."
1,"Mình rất hài lòng với iPhone, thiết kế cao cấp, rất bền."
1,"Mình rất hài lòng với Samsung, cấu hình đáng tiền, bình thường."
1,"Không có gì để chê ở món mì quảng này, quá hấp dẫn."
1,"Một tuyệt phẩm mà mình đang mong chờ, giờ mới thành hiện thực, đúng tiêu chí của mình : dễ thao tác, cầm nắm, đút túi quần khi phải di chuyển nhiều, độ bền cao, màn hình nét vừa phải để tiết kiệm pin nhưng máy ảnh phải sắc nét, 5se xuất sắc nhất trong tầm giá"
1,"Mới ăn thử gà rán ở đây, vị ngon tuyệt lắm luôn."
0,Nhìn không thể xấu hơn được nữa.
0,"Không thể chấp nhận được món kem này, quá ôi."
1,"Dẫn mẹ đi ăn nướng, người yêu khen thơm."
1,"Không có gì để chê ở món cà phê này, quá tươi."
0,"Món gà rán ở quán này đắng quá, ăn một tuần là thấy không ngon."
1,"Món cà phê ở quán này quá đã cực kỳ, ăn hơn nửa năm vẫn ghiền."
0,"Không thể chấp nhận được món lẩu này, quá ngán."
0,"iPad thiết kế không ổn, pin thì loạn cảm ứng."
1,"Mình rất hài lòng với Nokia, cảm ứng phù hợp, không lỗi lầm."
1,"Đã rất lâu rồi mình mới có cảm giác phấn khích đến nổi da gà khi xem một sp công nghệ được giới thiệu, từ cái thời Steve Jobs giới thiệu IP hay Macbook đời đầu. Cố lên nhé Microsoft!!!"
1,Với tầm giá này thì Xiaomi là nhẹ nhất rồi.
1,dùng Chất lượng thấy thật sự hoàn hảo
1,"Mình rất thích pizza ở đây, quán phục vụ ngon miệng, đồ ăn ngon miệng."
0,"Tôi đang xài Z3C đây, chung cấu hình camera với Z3. Chụp auto hay chỉnh tay đều thua các máy A5 2016 hay S6 nhé bạn :)"
1,Loa này cực kỳ xịn
0,"Xiaomi chậm quá, xài một tuần là thấy không xài được."
0,người ta bán có 280k chính hãng đàng hoàn kìa chú...chém vừa thôi chứ...
0,"Sau một thời gian sử dụng AW mình thấy một số điểm chưa hài lòng: - Không đi bơi được, ngày nào mình cũng đi tập gym song đi bơi luôn... nhưng phải tháo ra rất bực mình do để trong tủ đồ công cộng sợ bị móc chộm. - Quá phụ thuộc vào iPhone... tính năng nghe gọi, nhắn tin hầu như không có tác dụng, khi mà iPhone kè kè bên mình...trừ lúc vào toilet đi ị... lúc đó có điện thoại nghe gọi là ổn nhất. - Ở VN ko sài được Apple Pay... tính năng này có cũng như ko. - Mặt AW luôn tối thui... như cái đồng hồ rụng kim... Ps: nhình chung dùng cho biết thôi.. sau một thời gian 3-4 tháng sẽ thấy nhàm chán và ko sử dụng được nhiều... tối về lại phải cắm thêm sạc. Quên là hôm sau khỏi dùng"
0,Với tầm giá này mà Xiaomi quá tệ vậy là không đáng tiền.
0,"cac ban nen tu bo cai hang sony nay di , vi no thua kem ve moi hinh thuc , minh thay tot nhat khong nen mua ."
0,"bạn cho mình hỏi, thực tế với những gì bạn dùng thì pin được bao lâu. nói thật là nghĩ đến pin aw là mình ko muốn dùng nhưng cứ hỏi đã vì dùng mà cứ phải sạc mỗi tối thì đúng là mệt thật. sạc cái phone đã ngại rồi."
1,"Mình rất thích gỏi cuốn ở đây, quán phục vụ chuẩn vị, đồ ăn quá đã."
1,"Từ ngày dùng Xiaomi mi4 tôi rất thích Xiaomi bởi phong cách thiết kế rất đẹp, chắc chắn, phần mềm được cập nhật rất tối ưu, chụp ảnh tốt, màn hình đẹp, thời lượng pin rất ấn tượng.Rất mong Xiaomi chính thức được phân phối tại Việt Nam."
0,Mới mua con Huawei này về mà thấy quá chán cực kỳ.
1,"Mới ăn thử mì xào ở đây, vị béo lắm luôn."
1,"Không có gì để chê ở món cơm tấm này, quá đặc sắc."
0,"Con A6 vẫn còn lỗi tiếng việt,tại lúc chiều xem tin nhắn thấy ko lỗi tại vì con bạn viết không dấu,mình vừa thử test lại đúng là lỗi"
1,Dịch vụ này quá xuất sắc
1,"Mới tậu con Nokia này về, tuyệt vời cực kỳ luôn."
1,Camera này thật sự mát
1,"Từ dòng galaxy 5 trở về sau Samsung làm pin tốt , chíp chạy mượt hơn, camera khá nói chúng là quá ngon. Mong giá giảm khoảng 10% nữa thì tốt."
1,xài Camera thấy vô cùng ngon
0,"Không thể chấp nhận được món mì quảng này, quá dở."
1,"Mình rất thích pizza ở đây, quán phục vụ rất ngon, đồ ăn thơm."
0,Với tầm giá này mà Surface tệ vậy là không đáng tiền.
0,"Không thể chấp nhận được Xiaomi, quá không ổn."
1,"Samsung thông minh quá, chỉ một câu là RẤT TUYỆT :)"
1,Giá quá ngon.
0,"Trông máy còn hơi dày thì phải, mỏng hơn xíu sẽ đẹp hơn"
0,"Mình rất thất vọng với Oppo, wifi mờ, hay bị loạn cảm ứng."
0,Ẻo lả và xấu vãi..
0,Mới mua con HP này về mà thấy lởm cực kỳ.
0,"Không thể chấp nhận được Vivo, quá lag."
1,Sản phẩm này quá mượt mà
0,Không biết có bán được cái nào không. Khổ :((
1,"s7 thiết kế đẹp, chụp hình đẹp, chống nước... nói chung là mình thấy s7 đã làm quá tốt, mình rất thích nhưng rất tiếc mình lại đang dùng ip5s để phục vụ nhu cầu nghe gọi, đợi cuối năm hoặc sang năm s7 hạ giá nhìu xuống dưới 10tr đồng mình nhất định sẽ sắm 1 con s7 :)"
0,máy này có cái CPU k phải skylake là thấy không hay rồi
1,"Mình rất thích nướng ở đây, quán phục vụ đặc sắc, đồ ăn cuốn hút."
0,Màn hình to mà pin yếu vậy chắc cả ngày sạc pin hoài
0,thêm ít chục nữa mua được 2 cục xiaomi 10400mah nhìn màu không ngon
1,950xl xài rồi rất thích lướt web số một
0,Mới mua con Asus này về mà thấy yếu cực kỳ.
0,TÉ RA CHỈ BÁN TRONG NƯỚC. MÀ GIÁ 1 TRIỆU ĐÔNG THÌ CHƯNG NÀO VỀ VN HỞ BÁC?
0,"Con Dell này dùng tệ, pin chán hẳn."
1,"Mình rất hài lòng với Realme, thiết kế ngon lành, bình thường."
1,"Mua Vivo cho bạn bè dùng, vợ khen bền."
1,"Tôi xài M7 từ lúc mới ra tới giờ, ko có lý do gì để đổi máy khác, phần cứng và phần mềm rất tuyệt vời. Tôi vô tình làm rớt từ độ cao hơn 1 m ko dưới 10 lần mà giờ sử dụng vẫn ok ngoài cái võ bị xước"
0,"Vivo thiết kế bình thường, bàn phím thì lag lòi."
1,Dep
0,Samsung ra máy lia lịa vậy trời?k còn có thể nhận biết đời nào nửa luôn...k biết ra vậy để làm chi vậy trời?
1,"Sao mình thấy nhiều bạn kêu em này pin yếu mà sao mình dùng thấy thời gian dùng cũng bằng Lumina 920. Như vậy là chấp nhận được rồi. Nhìn chỉ số pin của 102p là 1150ma thì cảm giác vậy thôi, chứ Lumina 920 của mình pin 2000ma cũng chỉ sài được bằng 102p."
0,"Mệt, đang xài 6 chắc ko lên đâu, thấy xấu quá. Để 16/09 xem sao."
1,Camera này vô cùng mượt mà
0,"Món bánh mì vị ngán, không đáng tiền tí nào."
1,"Mới tậu con Huawei này về, hoàn hảo cực kỳ luôn."
1,Dịch vụ này quá tốt
0,"mình mới mua cái c5 dual mà loi muốn khóc luôn ,"
1,"Sa Di: Khi một người dùng tỉnh táo chọn iPhone, họ chọn nó vì tính ổn định, dễ dùng, ít lỗi vặt và nằm trong một hệ sinh thái tuyệt vời. Có đột phá thì cũng tốt nhưng cái quan trọng nhất là nó hoạt động trơn tru và tích hợp tốt, từ đó giải trí, học tập, làm việc cũng thú vị, thoải mái và đạt hiệu suất cao hơn."
0,"Món sushi ở quán này chán quá, ăn vài tháng là thấy không nuốt nổi."
0,"Mình rất thất vọng với Realme, vân tay quá tệ, hay bị hay bị lỗi."
1,"Dẫn em gái đi ăn kem, mẹ khen đặc sắc."
0,"Không thể chấp nhận được món pizza này, quá chua."
0,Dẫn người yêu đi ăn nem cuốn mà đồng nghiệp chê quá tệ quá.
0,"Mình cũng giật kinh khủng, cảm thấy hơi nản về cái bluetooth của nó..... đã cập nhật El Capitan mới nhất, lúc đầu ko bị, 1 thời gian sau lại giật lại như thường"
1,"Mình rất thích gà rán ở đây, quán phục vụ cuốn hút, đồ ăn sạch sẽ."
1,"Acer thiết kế đẳng cấp, cảm ứng bình thường."
1,"Không có gì để chê ở món cà phê này, quá béo."
1,"iPhone thiết kế nhẹ, chip ổn định."
0,Dẫn vợ đi ăn bánh mì mà vợ chê nguội ngắt quá.
0,Mới ăn thử cơm tấm ở đây mà thấy chán cực kỳ.
0,"Cứ nghe đến iPhone là thấy mùi làm tiền, phụ kiện chuyển đổi rắc rối, kết nối rất lằng nhằng"
1,Quán này hải sản là quá đã nhất rồi.
1,"Không có gì để chê ở Samsung, quá phù hợp."
1,"Dẫn vợ đi ăn bún chả, người yêu khen vừa vị."
1,Quán này kem là cuốn hút nhất rồi.
0,"MRL cuối cùng thì cũng ống kính lỉnh kỉnh. Tiêu chí gọn nhẹ cũng mất. Khả dĩ nhất khi chọn 1 body 1 lense là ống 18-55, mà giá 13tr5 cũng chát thật. Giá này chơi Canon 100D + sigma 17-70 vừa rẻ vừa gọn nhẹ, vừa đa dụng. chụp khéo thì cũng đẹp như nhau thôi"
0,"Không thể chấp nhận được món gà rán này, quá khét."
0,Mới ăn thử lẩu ở đây mà thấy ngán cực kỳ.
0,Đĩa cứng SAMSUNG tệ nhất trong các dòng đĩa cứng di động mà tôi dùng.
0,"Không thể chấp nhận được Nokia, quá quá tệ."
1,"Dẫn em trai đi ăn gà rán, em gái khen thơm."
1,"Món bún chả ngon hết sẩy, gia vị rất ngon."
0,Quán này đồ ăn ôi vậy là không đáng tiền.
1,"bữa trước thấy xanh lam nhỉn bẩn bựa, bữa nay đổi màu này nhìn đẹp a"
1,"Món sushi ngon hết sẩy, gia vị thơm."
0,"minh moi mua tivi sony bravia 43X830 cung bi tinh trang tren, goi len bao hanh sony noi do loi phan mem cho phai co cap nhat moi cua hang thi moi khac phuc duoc nen minh fai thuong rut dien ra sau khi xem tv, rat bat tien vi khi cam dien lai thi fai cho khoi dong lai cua hdh android rat lau.minh thay qua bat tien va that vong khi chon tivi sony."
0,"Trước đây mình có lấy vài con 102p với P04d về cho mấy anh em ở nhà xài, xong nghe phản hồi máy hay bị đơ, liệt cảm ứng khi cài 1 số ứng dụng, mình test thử và thấy đúng như vậy nên cạch luôn, ko dám đụng tới 2 em đó nữa."
0,"Mình rất thất vọng với AirPods, chip tệ, hay bị hay bị lỗi."
1,"Dẫn đồng nghiệp đi ăn bánh mì, vợ khen đặc sắc."
1,"Con Samsung này dùng sắc nét, pin không nóng máy."
1,"Không có gì để chê ở Surface, quá tốt."
1,"Không có gì để chê ở món sushi này, quá ngon miệng."
0,Với tầm giá này mà Huawei nóng vậy là không đáng tiền.
1,"Mình rất hài lòng với Macbook, sạc ấn tượng, ok lắm."
1,"Mới ăn thử sushi ở đây, vị tuyệt vời lắm luôn."
0,"Đồng ý với bạn, mình mới dùng mobiistar được chưa tới 1 tuần rồi phải ra thế giới di động đổi ngay vì bị lỗi, may quá hư sớm nên không tốn phí đổi trả !!"
1,"Mình rất thích vịt quay ở đây, quán phục vụ giòn, đồ ăn vừa miệng."
1,"Đã dùng Dell Latitube, HP Probook và Thinkpad T450. Thinkpad vẫn là dòng laptop chuẩn nhất, chạy ổn định, bền bỉ, bàn phím thì tuyệt vời."
1,"Mình rất hài lòng với Xiaomi, wifi mỏng, trâu."
1,Màn hình này hoàn toàn mát
0,Pin rất dở
1,Wow! Chỉ là sản phẩm tầm trung thôi mà ASUS cũng trang bị cho em nó kính cường lực tốt nhất hiện nay. Xem ra sản phẩm này đáng được quan tâm đấy!
1,"Món bún bò ngon hết sẩy, gia vị thơm."
1,Tuyệt vời. Hóng sự trở lại của một huyền thoại
0,"thôi hẹn iphone vào năm sau nhé. Năm nay vẫn lồi ra, nên thất bại rồi."
0,"Món sushi ở quán này quá kém quá, ăn mấy ngày là thấy khét lẹt."
0,"Không thể chấp nhận được món bánh mì này, quá mặn."
0,Mới ăn thử bún chả ở đây mà thấy quá tệ cực kỳ.
1,"ghét nhất la iphone, giá thì thật là trên trời vậy còn chưa chịu bán để mình mua nữa, đợi lâu qua rồi em iphone ơi :)"
1,"Món trà sữa vị tươi, gia vị làm rất rất ngon."
0,Mạng rất chán
0,Thua cây S7 thường của mình.
0,Mua Huawei về dùng thử mà thấy quá kém quá.
0,Sony c5 camera trc 13 mpx chup hinh con thua oppo. Oppo selfie dep thiet
0,"Món bún bò vị tanh, không đáng tiền tí nào."
1,"Apple Watch quá đẹp, mẫu mã xuất sắc"
1,"Mới tậu con Huawei này về, ổn định cực kỳ luôn."
1,"Không có gì để chê ở AirPods, quá bền."
1,Quán này bún chả là ngon miệng nhất rồi.
0,"LG thiết kế nặng, loa thì giật lag."
0,Dẫn em gái đi ăn cà phê mà bạn bè chê khó ăn quá.
1,"Mới tậu con Apple Watch này về, tuyệt vời cực kỳ luôn."
1,"Dẫn em trai đi ăn sushi, người yêu khen ngon."
0,"Mình rất thất vọng với bánh mì, decor không tươi, đồ ăn quá tệ."
1,"Sony ngon lành quá, xài một tháng rồi vẫn dùng rất sướng."
1,Quán này mì quảng là béo nhất rồi.
1,"Không có gì để chê ở HP, quá đẳng cấp."
1,Máy này cực kỳ đỉnh
1,"Mua Dell cho bạn bè dùng, bạn bè khen cao cấp."
0,"may cham, yeu ...xp la chuan nhat"
1,"Mua iPad cho em gái dùng, em gái khen đẳng cấp."
1,"Mua Realme cho em trai dùng, vợ khen mượt mà."
1,"AirPods thiết kế đáng tiền, vân tay rất bền."
0,"Món mì quảng ở quán này chán quá, ăn cả tuần là thấy tanh rình."
1,"Ngon, về Việt Nam quất luôn 1 em 13,3 inch"
0,Hàng philips này mà hỏng thì vứt xó có 1 đt philips pin trâu rốt cuộc mua về xài giờ hư pin ko mua được hãng bảo hành thì ko có chán hàng philips quá
0,"Con Samsung này dùng kém, pin nóng máy."
0,"Đặt cạnh Fuji XE2, XT1, Sony A7, Olympus OMD... sẽ thấy em này xấu thảm hại. Mà giá thì trên trời!"
0,Với tầm giá này mà Huawei yếu vậy là không đáng tiền.
1,"Món cơm tấm vị tuyệt vời, topping làm rất ngon."
1,Thiết kế này khá bền
1,"Mới ăn thử nem cuốn ở đây, vị hấp dẫn lắm luôn."
1,"Macbook thiết kế nhanh, thiết kế không nóng máy."
1,"Dẫn em trai đi ăn kem, em gái khen rất ngon."
0,"HP quá kém quá, xài vài hôm là thấy lag lòi."
1,"Con Oppo này dùng tuyệt vời, pin rất bền."
0,"Nokia thiết kế chán, cảm ứng thì chậm vãi."
0,cái lỗi này cực kì nghiêm trọng nó thuộc lỗi hệ thống rồi vì sony thần thánh mà nên nó mới vậy
1,"Không có gì để chê ở món bánh xèo này, quá giòn."
1,"Nokia thiết kế đáng tiền, vân tay phê lắm."
0,"em mua bên tcs bác ạ, chán đừng hỏi,"
1,"AirPods hoàn hảo quá, xài cả năm rồi vẫn bình thường."
0,Pin quá xấu
0,"Mình rất thất vọng với gà rán, đồ ăn không tươi, đồ ăn quá ngấy."
1,Sản phẩm này vô cùng đẹp
0,Pin rất lag
0,Cho tiền ko xài. Ngán Androi zoài
0,"Huawei yếu quá, xài vài hôm là thấy nóng máy."
0,Sản phẩm chưa êm
0,"Không thể chấp nhận được món mì quảng này, quá nguội ngắt."
0,"Vâng, home cảm ứng + ấn home để mở. Thế này ai ko đặt mã khóa với vân tay mà để túi quần thì thể nào cũng vướng nút home tự mở khóa rồi tự bấm lung tung :v"
1,"Mình mới mua dc 1 tháng. Dùng tốt, ổn đinh, màn hình cũng đẹp, mỗi tội là chơi game vs dùng 3g thì máy nóng lên khá nhanh. Nói chung là ngon trong tầm giá"
0,"Không thể chấp nhận được iPhone, quá tệ."
1,"Món phở ngon hết sẩy, gia vị đặc sắc."
0,Mặt sau nhìn giống điện thoại giá rẻ TQ mấy năm trước thế nhỉ !
1,"Mình rất hài lòng với Vivo, chip mượt mà, tuyệt vời."
1,Với tầm giá này thì iPhone là sang trọng nhất rồi.
0,Dẫn em gái đi ăn vịt quay mà đồng nghiệp chê quá dở quá.
0,Mới ăn thử gỏi cuốn ở đây mà thấy mặn cực kỳ.
0,"Mình rất thất vọng với Oppo, hiệu năng nặng, hay bị nóng máy."
0,cam giac man hinh no bi o vang
1,"Món lẩu vị chất lượng, đồ uống làm rất vừa vị."
1,"Mình rất thích pizza ở đây, quán phục vụ chất lượng, đồ ăn rất ngon."
0,Với tầm giá này mà Realme giật vậy là không đáng tiền.
0,"Không thể chấp nhận được Samsung, quá mờ."
1,"Không có gì để chê ở món nem cuốn này, quá chuẩn vị."
1,"Mua Apple Watch cho con dùng, bạn bè khen mỏng."
0,"Món bánh mì ở quán này quá dở quá, ăn suốt mấy tháng là thấy quá dở."
0,"Con Apple Watch này dùng chậm, pin kém quá."
1,"Cũng đúng, chuột, xài cả chục con, tá lả thương hiệu, nhưng cuối cùng con vác đi mọi nơi vẫn là con Xornet, không đau cổ tay, cho dù xài nhiều."
1,Đẹp nhẹ
0,"Lenovo loạn quá, xài một tuần là thấy quá chán."
0,(E) cũng có nghĩa là Expnsive giá trên trời
1,"Mình rất hài lòng với Vivo, vân tay phù hợp, hoạt động tốt."
0,Mua Dell về dùng thử mà thấy mờ quá.
0,"Tôi thì không thích BB, vì nhỏ thư ký không khoái dùng BB, mà điện thoại thì tôi toàn đưa nhỏ thư ký nghe giùm."
0,"Không thể chấp nhận được món bún chả này, quá thiu."
0,"Món mì quảng ở quán này không tươi quá, ăn vài hôm là thấy ôi thiu."
0,Dẫn chồng đi ăn phở mà con chê nguội ngắt quá.
1,"Không có gì để chê ở món cơm tấm này, quá giòn."
1,"Dẫn em gái đi ăn bún bò, chồng khen xuất sắc."
1,Đang dùng logitech M545 và chưa bao giờ muốn đổi em khác. vì nó có hư đâu mà đổi.
1,Pin này rất đỉnh
1,Yêu quá. Ra phát là xúc luôn. Không phải nghĩ.
0,Mới ăn thử bánh xèo ở đây mà thấy chua lè cực kỳ.
1,"HP mạnh quá, xài một tuần rồi vẫn không bị lag."
0,"Huawei thiết kế nóng, bàn phím thì kém quá."
0,"chuẩn bác ak.chỉ có điều em nó thứ nhất là giá hiện tại vẫn khá cao, thứ 2 là chưa đủ thuyết phục để nâng từ f05f lên.ko e đổi lâu rồi"
0,Mấy tính năng này có mấy ai xài đâu? Nó không có thực dụng cho lắm.
1,"Thật tuyệt vời sẽ mua 3 chiếc, tặng 2 con 2 chiếc và chồng một chiếc."
1,"Món gỏi cuốn ngon hết sẩy, gia vị cuốn hút."
0,"LG không ổn quá, xài mấy ngày là thấy mất sóng."
1,"Mua một cái Sharp sh12c từ 2012 đến nay vẫn chạy tốt. Lúc mua người bán không bảo hành nhưng đam mê vẫn mua. Đúng là hàng JMP xài rất tốt, 3D xem phà phà."
1,"Mua LG cho em gái dùng, em trai khen mượt mà."
0,Với tầm giá này mà Nokia bình thường vậy là không đáng tiền.
0,"Asus thiết kế giật, camera thì giật lag."
1,xài rất ok.độ pin được thì cũng phải nghĩ cách mở ra mà không phải cưa đã
1,"Món vịt quay ngon hết sẩy, gia vị quá đã."
1,"950 xl mà chậm hả bạn hư cấu quá,còn chuyện fb post bài thì khiong thể đỏi lỗi cho máy được nhé. Wp nổi tiếng là hđh mượt và ổn định b nhé"
1,"Mình rất thích mì xào ở đây, quán phục vụ béo, đồ ăn ngon miệng."
1,"Không có gì để chê ở Dell, quá đẹp."
1,"Món hải sản ở quán này sạch sẽ cực kỳ, ăn vài hôm vẫn ghiền."
1,"Món gà rán ở quán này thơm cực kỳ, ăn mấy ngày vẫn ghiền."
1,sử dụng Điện thoại thấy rất mát
1,trải nghiệm Pin thấy khá tốt
0,Dẫn con đi ăn mì xào mà bạn bè chê quá kém quá.
0,"Mình mua Sony Z3 xài, 1 năm thay 4 lần cảm ứng hết 2tr, sony mong manh và dễ vỡ lắm :("
0,"Không thể chấp nhận được món mì quảng này, quá chua lè."
1,Bạn nói đúng. Tôi đang dùng mà. Rất tiẹn
1,"Huawei thiết kế nhẹ, màn hình trâu."
1,"Mới ăn thử cà phê ở đây, vị xuất sắc lắm luôn."
0,"Mình rất thất vọng với Apple Watch, vân tay quá chán, hay bị quá chán."
0,"LG thiết kế lag, bàn phím thì hết pin nhanh."
0,"Lại là oppo, nói thật oppo máy thì linh kiện đểu mà giá rõ cao vì oppo chiết khấu với nhà bán lẻ nhiều, dùng huawei hoặc xiaomi hơn nhiều"
0,479 x 22.380 = 10 chaicũng khá chát
0,"Bác nào đã lấy con A6 bên TCS mà ngoại tỉnh ko, tiền ship 40k mà chuyển phát chậm cho mình, chuyển phát báo 5 ngày mới có, quá thất vọng"
1,"Mới ăn thử gỏi cuốn ở đây, vị thơm lắm luôn."
0,Camera vẫn chưa hết lồi ra...? Đúng là Samsung.
1,"Không có gì để chê ở Dell, quá xuất sắc."
0,Pin chả ngon
1,Loa này rất hoàn hảo
1,"Chuẩn, ra điện điện thoại tầm trung mà chức năng, cấu hình, pin, chất lượng, ứng dụng sử dụng cho công việc và giải trí quá tuyệt vời, iphone ko so nổi với tầm trung của samsung huống chi dòng samsung cao cấp thì iphone đọ làm sao được."
1,"Dell mỏng quá, xài cả năm rồi vẫn nhanh."
0,"Không thể chấp nhận được Asus, quá lag."
1,"Đúng là siêu phẩm, rất đẳng cấp!"
1,"Mấy con Zenfone đời cũ dùng chip Intel nên kém hơn, còn con Zenfone 3 và thế hệ Zen mới dùng chip Qualcomm hết rồi, thiết kế cũng đẹp hơn, thay đổi toàn diện so với bản cũ. Rất ủng hộ Zenfone 3"
0,Mua Vivo về dùng thử mà thấy kém quá.
1,"Đang xài MX1. Dùng bình thường ngon, pin trâu. Mỗi tội 2-3 thằng cùng dùng mà ngồi một chỗ thì cà giựt cà tang. Chắc bị lẫn vào nhau."
1,"Món trà sữa vị ngon tuyệt, không gian làm rất đặc sắc."
0,"Đã mua và trả lại gấp trong vòng 2 ngày, mất phí 10%. Tôi ít vọc vạch và windows 10 đáp ứng đủ nhu cầu công việc, Camera tốt.Nhưng mua về trải nghiệm thì mức độ hoàn thiện bên ngoài quá kém cho 1 sản phẩm flagship của hãng.Thiết kế vỏ bám vân tay và rất dễ trầy xước, vỏ nhựa như là sản phẩm phổ thông, lắp lưng chỉ cần cầm chắc tay là kêu ọp ẹp. Ai có ý định mua thì nên cân nhắc."
1,"Không có gì để chê ở món gỏi cuốn này, quá xuất sắc."
0,chưa có cách khắc phục nhé mang đem đi bảo hành rồi mà vẫn bị chả hiểu sao logitech kêu xài bt ..... thôi về cắm cái cục kia vô xài luôn cho lành. đồ rẻ rẻ thì ok đụng vô đát tí thì bị tè le
1,Mình vẫn thích 5s chẳng hiểu sao
0,"iPhone thiết kế giật, bộ nhớ thì giật lag."
0,"chán nhỉ, chẳng có j hay cả chẳng có lý do j để lên đời em iphone 6 này cả"
0,logitech chắc hàng phải tiền triệu trở lên dùng mới thích chứ em dùng con có 400k thấy được vài bữa là hư. chuyển sang eblue dùng được hơn năm chưa thấy hỏng.
1,Pin này vô cùng hoàn hảo
0,"Món mì quảng ở quán này ngán quá, ăn một thời gian là thấy nguội ngắt."
1,"Không có gì để chê ở Surface, quá sang trọng."
1,sử dụng Dịch vụ thấy hoàn toàn tuyệt vời
1,"Món bánh xèo ngon hết sẩy, gia vị ngon."
1,ngon quá
1,Điện thoại này khá tốt
0,Loa ít mượt mà
0,"Con Nokia này dùng không ổn, pin không xài được."
1,Máy này rất đỉnh
0,Tưởng thiết kế lần này có sự đổi mới khác biệt so với những lần trước nhưng vẫn hao hao giống nhau. Không được như mong đợi!
0,"Không thể chấp nhận được món cà phê này, quá ôi."
1,"Mình thích Sony nhất. Nghe nhạc hay chụp ảnh nét màn hình mịn, chống nước nựa, nói chung là sony đẳng cấp"
0,Với tầm giá này mà Huawei lag vậy là không đáng tiền.
0,"Mình thích xài hãng này,nhưng sao nó rơi vào tay Trung Quốc ?Chắc mình KHÔNG từ đây."
0,"Dell giật quá, xài suốt mấy tháng là thấy quá cùi."
0,Camera hơi tệ
0,"Cái này tốt và bền lắm, nó là của TQ đó. mình mới mua được 1 ngày đó, nó vẫn chưa hư."
0,"Món hải sản ở quán này mặn quá, ăn vài hôm là thấy khét lẹt."
1,"Mới ăn thử bánh mì ở đây, vị vừa vị lắm luôn."
1,"Mình rất hài lòng với Surface, sạc tốt, vô đối."
1,Máy này vô cùng đẹp
0,Pin hơi lag
1,"Con Xiaomi này dùng tốt, pin tuyệt vời."
1,Với tầm giá này thì Dell là nhanh nhất rồi.
1,Tuyệt vời.
1,"Mới ăn thử gà rán ở đây, vị rất ngon lắm luôn."
1,"Không có gì để chê ở món trà sữa này, quá đặc sắc."
0,"4G bên Korea còn rớt lên rớt xuống. Khởi đầu sao thấy cái gì cũng rầm rộ, rồi từ từ thì...."
1,Pin này cực kỳ mát
1,"Không có gì để chê ở iPhone, quá tuyệt vời."
1,"Mình rất thích mì quảng ở đây, quán phục vụ quá đã, đồ ăn béo."
1,"Không có gì để chê ở món cơm tấm này, quá béo."
0,máy ảnh xịn mà không có đèn flash...
0,Mua Apple Watch về dùng thử mà thấy đơ quá.
1,"Mới ăn thử hải sản ở đây, vị quá đã lắm luôn."
1,"Món cà phê vị quá đã, đồ uống làm rất xuất sắc."
0,"GPU trên chip Kirin của HW kém, chơi game 3D hay bị giật."
1,"Apple Watch thiết kế phù hợp, hiệu năng đẹp."
1,oh my got. gom lúa thôi.riêng android chỉ mê mỗi fujitsu
0,Điện thoại quá tệ
0,"Không thể chấp nhận được Macbook, quá loạn."
0,"Ôi, Spen, Apple ơi là Apple. Sao Ifan kg nói gì với Pencil nhỉ?"
0,Loa chưa xịn
0,"iPad lỗi quá, xài suốt mấy tháng là thấy nhanh tã."
0,Các dòng zenfone đều chán cả
0,Mới mua con Realme này về mà thấy quá chán cực kỳ.
1,"Món pizza vị đặc sắc, gia vị làm rất đậm đà."
1,"Mình rất hài lòng với iPhone, chip nhanh, không lỗi lầm."
1,"Mới ăn thử mì quảng ở đây, vị tuyệt vời lắm luôn."
1,Một ngàn câu phán về Iphone k ai giống ai..đủ mọi cách phán...Cả trăm lời khen ngợi Samsung củng chỉ ở mổi đặc điểm nào đó..nhưng tui chắc cả tỉ người trên thế giới này thích Iphone đều đồng quan điểm..về chất lượng
1,"Món phở vị rất ngon, đồ ăn làm rất thơm."
0,Apple thực sự nên nghĩ khác về việc thiết kế Iphone.
1,"Samsung thiết kế cao cấp, vân tay không nóng máy."
0,"Ipad2 đang ở firmware9.3.2 restore hạ firmware xuống mà không được toàn báo lỗi 3004 , sửa cả file hosts cũng ko xong. Mệt với ông apple này quá, bắt update liên tục chẳng khả quan gì , nhỡ tay bấm nhầm khi máy hỏi nâng cấp phát xong luôn chạy chậm như rùa"
0,"Không thể chấp nhận được món lẩu này, quá khét."
0,"Smw đầu tiên phải là 1 cái đồng hồ đúng nghĩa, đẹp sang, báo giờ 24/24. Sau đó là nhỏ gọn, pin dùng 2,3 ngày báo có cuộc gọi đến, lịch hẹn, hiển thị được thông báo và tin nhắn vậy thôi tham gì cho nó to tổ bố chức năng thừa thãi không hữu dụng"
0,"Gia vị món mì xào quá dở, ăn không vô."
0,Mới mua con Apple Watch này về mà thấy mờ cực kỳ.
0,"Không thể chấp nhận được Oppo, quá đơ."
1,"Không có gì để chê ở Surface, quá đáng tiền."
0,"Không thể chấp nhận được món hải sản này, quá ôi."
0,Dịch vụ không xịn
1,sử dụng Loa thấy rất ngon
1,Quán này pizza là ngon nhất rồi.
1,"Mới tậu con iPad này về, xuất sắc cực kỳ luôn."
1,"Không có gì để chê ở Surface, quá sắc nét."
0,"Món hải sản vị nguội ngắt, không đáng tiền tí nào."
1,Note 4 của mình đang đầy đủ tính năng của Note 5 và sắp tới sẽ là note 7 hehe
1,"Trước đây ghét SS lắm giờ thì có thiện cảm rồi, hy vọng là chụp ảnh đẹp hơn S7 luôn."
0,"Không thể chấp nhận được món nướng này, quá chán."
0,Nó chỉ là ĐT cùi bắp có dây đeo mà thui...
1,"Món kem vị ngon tuyệt, đồ ăn làm rất rất ngon."
1,"Nếu bán ở vn mua 5 chiếc, giá k thể tin nổi"
1,"Nokia đẹp quá, xài vài hôm rồi vẫn mượt."
0,"Mình rất thất vọng với Oppo, loa nóng, hay bị loạn cảm ứng."
1,"Mới tậu con Xiaomi này về, mạnh cực kỳ luôn."
0,"Gia vị món nem cuốn quá ôi, ăn không vô."
0,Dẫn chồng đi ăn mì xào mà con chê ngấy quá.
0,Lenovo chụp hình xấu nhất cõi đời . mua dùng thử đi rồi bít
1,"Dẫn người yêu đi ăn pizza, bố khen ngon."
0,Mới ăn thử kem ở đây mà thấy ôi cực kỳ.
1,"Realme thiết kế ổn định, bàn phím tốt."
1,"Mới tậu con Xiaomi này về, ấn tượng cực kỳ luôn."
1,"Mua j7 mà dùng, game nặng chơi được, chụp ảnh tốt, dùng lâu xuống mã, chẳng có lý do gì mà mua con này"
0,Mới mua con Vivo này về mà thấy lởm cực kỳ.
1,"Mua Realme cho bạn bè dùng, con khen sắc nét."
0,"Món pizza vị ôi, không đáng tiền tí nào."
0,Trông đẹp mà giá cũng trên trời Tự hỏi không biết cái kính cận của Hoàng Xuân Vinh giá bao nhiêu nhỉ
0,Dẫn mẹ đi ăn sushi mà bạn bè chê mặn quá.
1,"Dẫn chồng đi ăn sushi, em gái khen hấp dẫn."
1,Màn hình này cực kỳ đỉnh
0,"Mình rất thất vọng với hải sản, topping khô, đồ ăn ôi thiu."
1,"dùng 510 thích lắm, ko thì con mx anywhere là ổn"
1,"Món gỏi cuốn vị chuẩn vị, topping làm rất rất ngon."
1,"Huawei sang trọng quá, xài vài tháng rồi vẫn tốt."
1,"Mình rất hài lòng với AirPods, loa mạnh, vẫn mượt."
0,"Dù trang bị kính cường lực mấy đi chăng nữa thì người ta vẫn đem đt đi dán màn hình mà thôi. Chưa kể bây giờ các hãng còn đua nhau làm màn hình cong với cả kính cong 2,5D làm cho việc dán màn hình càng bị xấu nữa :))"
0,Mới mua con Lenovo này về mà thấy quá tệ cực kỳ.
1,Với tầm giá này thì Asus là nhẹ nhất rồi.
0,"Không thể chấp nhận được món bánh mì này, quá không tươi."
0,Mới ăn thử trà sữa ở đây mà thấy khét cực kỳ.
0,Mua Vivo về dùng thử mà thấy yếu quá.
0,Mình cắm ra loa mini mà còn không nghe nổi
0,Máy quá xấu
0,Mới mua con Dell này về mà thấy tệ cực kỳ.
1,"Dẫn em trai đi ăn bún chả, vợ khen ngon miệng."
0,"Con LG này dùng lỗi, pin chậm vãi."
1,với cấu hình quá khủng + màn hình 18.4 inh ... thật không còn gì bằng với gamer.... nhà thiết kế thật là quá hiểu các gamer ...thanhk
0,Mua iPad về dùng thử mà thấy chậm quá.
0,"AirPods nặng quá, xài cả năm là thấy quá chán."
0,Với tầm giá này mà Acer kém vậy là không đáng tiền.
0,Sản phẩm quá lag
1,"Món mì xào vị rất ngon, nước chấm làm rất ngon."
0,"Con Acer này dùng không ổn, pin mất sóng."
1,"Mua iPad cho con dùng, vợ khen hoàn hảo."
1,"Con Nokia này dùng mỏng, pin đẹp."
0,Quan điểm cá nhân là em này ko đẹp bằng s6 active.
0,Sản phẩm chả tuyệt vời
1,Quán này nướng là rất ngon nhất rồi.
1,"Mình rất thích cà phê ở đây, quán phục vụ tuyệt vời, đồ ăn ngon miệng."
0,Màn hình khá xấu
0,"Món cơm tấm vị chua, không đáng tiền tí nào."
1,"Mình rất hài lòng với Surface, loa xuất sắc, tuyệt vời."
0,"Fan Olympus ngậm ngùi đi ra. Tự an ủi Lens của Olym-Pana ngon bổ rẻ, cảm biến cùi nhưng đủ dùng."
1,"Mới ăn thử nướng ở đây, vị sạch sẽ lắm luôn."
0,"Gia vị món mì quảng quá quá kém, ăn không vô."
1,"Mua LG cho bố dùng, em gái khen bền."
1,Với tầm giá này thì AirPods là ngon lành nhất rồi.
1,Tôi thích sản phẩm này vì nó đáp ứng được nhu cầu người dùng hiện tại. Công việc và giải trí
0,Camera chả đỉnh
0,"Con Surface này dùng quá kém, pin vô dụng."
1,Lenovo G5080 lựa chọn tốt nhất
0,Mua iPad về dùng thử mà thấy đơ quá.
0,Dẫn bố đi ăn bánh xèo mà em gái chê tanh quá.
0,"Món bánh mì ở quán này quá kém quá, ăn một tuần là thấy dai quá."
1,"Loa đen thì có tăng giảm âm lượng + nhận/trả lời cuộc gọi , trắng thì chỉ có nút nguồn mà công nhận cái trắng nghe phê hơn , đang có 2 em nên chỉ biết nhận xét vậy"
0,Mua Realme về dùng thử mà thấy lởm quá.
1,"Oppo đẹp quá, xài một tháng rồi vẫn tuyệt vời."
1,"Tui bị mê thiết kế của dòng SUHD quá chài, mỏng mịn, đẹp từ mọi góc nhìn. Lại còn thiết kế tràn cạnh nữa, cảm giác không gian, hình ảnh nó bất tận, ko bị giới hạn luôn nè."
1,Đẹp
1,Thiết kế này quá tốt
0,"Không thể chấp nhận được món pizza này, quá quá kém."
0,Camera chả đỉnh
1,"Nokia tuyệt vời quá, xài một thời gian rồi vẫn trâu."
1,"Mình rất thích mì quảng ở đây, quán phục vụ cuốn hút, đồ ăn ngon."
1,"Đã nghịch ngợm thử con này và phải nói là đỉnh cao luôn. Nói về độ tinh xảo thì không thua gì Mac còn về độ sướng khi dùng thì hơn hẳn Mac. Tôi đang dùng Macbook Pro 15"" Retina nhưng vẫn phải công nhận là Surface Book hơn hẳn."
1,"AirPods thiết kế xuất sắc, cảm ứng tuyệt vời."
0,Nhược điểm là thiết kê quá phẳng và loa để ở sau lưng nên để trên mặt bàn gần như không nghe thấy chuông
1,"Mình rất hài lòng với Nokia, wifi xuất sắc, vẫn mượt."
1,6s là đỉnh nhất rồi.
0,Mua Sony về dùng thử mà thấy kém quá.
1,Quán này pizza là thơm nhất rồi.
0,"Nếu bỏ giắc 3.5 là phản bội người dùng. Tôi có 6 tai nghe của apple, sennheiser, beats...đều dùng giăc 3.5. Nếu bỏ thì tôi phải mua đầu chuyển, tốn thêm tiền và rườm rà. Thật bất công, muốn bỏ ip ghê"
1,"Con Oppo này dùng ấn tượng, pin tuyệt vời."
0,"Không thể chấp nhận được Samsung, quá quá tệ."
1,"cá nhân tôi thấy thiết kế tổng thể thiết kế của con P9 này đẹp hơn IP rất nhiều. Rất đẹp, mạnh mẽ, nam tính."
1,"Không có gì để chê ở món phở này, quá xuất sắc."
0,"Mình rất thất vọng với gà rán, đồ ăn mặn, đồ ăn nhạt nhẽo."
0,Mới mua con Samsung này về mà thấy loạn cực kỳ.
1,"Con nay dung wa dinh thiet ke rat mong va dep,nhin cuc pin 1100mah ma lau het khung dung nghe goi phai 3 ngay 3G thi mot ngay,minh cung dang dung mot con,da up Len android ban dl1 dung wa chat ,hang doc mua chu, may nay sim cua nha mang nao o vietnam cung dung duoc nha cac ban nao mua thi cu yen tam,may dung sim cat nhu iphone4,"
1,Thiệt là bá đạo
1,"Mình rất hài lòng với Lenovo, cấu hình sắc nét, ổn định."
0,"Món trà sữa vị ngán, không đáng tiền tí nào."
0,"Món nướng vị ngấy, không đáng tiền tí nào."
0,"Không thể chấp nhận được Macbook, quá nặng."
1,"Dẫn người yêu đi ăn cơm tấm, em gái khen xuất sắc."
0,"Gia vị món cơm tấm quá quá dở, ăn không vô."
0,Thời này ai mà sài Windows đâu nữaNhìn cái giao diện loằng loằng ngoằng rối mắt
1,"Không có gì để chê ở món mì quảng này, quá cuốn hút."
1,Mình là tín đồ của Note 1 rồi 5 chẳng lẽ 7 nữa sao trời. I love galaxy note.
0,"Mình rất thất vọng với mì xào, topping chán, đồ ăn chán phèo."
1,Với tầm giá này thì Acer là ổn định nhất rồi.
1,"Có tiền mình wuất con zen 3 duxlue 6g ram.aus 3 mẫu điều rất đep.sài nhiều asus rất ok,sài it ra oai thì iphone 6.nhưng mình đang sài zenphone 2 4g ram rom 64 chip 3580,mình thấy rất nhanh và mạnh,ủng hộ asus cố lên.nếu ai am hiểu về điện thoại thì đánh giá còn ko hiểu đừng nên phán xét lung tung."
0,"Mình rất thất vọng với AirPods, pin kém, hay bị chán hẳn."
0,Với tầm giá này mà Oppo xấu vậy là không đáng tiền.
0,Những gì cần làm đã làm hết ở những bản trước rồi. Màn hình to thì đã to rồi. Ram lớn cấu hình mạnh đều đã có rồi. Gần như là không còn gì thông minh hơn để tích hợp với smartphone nữa rồi. Trong khi ở Việt Nam mình thì có thể sử dụng đc hết hiệu xuất của mấy cái đó đâu. Rùa thi chạy với thỏ mà cứ tưởng mình chạy nhanh hơn là sao?
0,nokia thì đã bán luôn rồi giờ tới phiên anh apple tính sao đây hết ý tưởng rồi
0,Mới mua con Xiaomi này về mà thấy lỗi cực kỳ.
0,"Món trà sữa ở quán này thiu quá, ăn hơn nửa năm là thấy mặn chát."
0,"Acer xấu quá, xài một thời gian là thấy hay bị lỗi."
1,Ảnh ọt x-e2s thấy có vẻ đã mắt hơn
1,"Món mì quảng ngon hết sẩy, gia vị rất ngon."
1,"Chơi Game offline phê với Màn này. Lên Pub hỗ trợ mấy film này, công nhận y như rạp. Đáng tiền, không làm đồ họa không rõ? Nhưng màu khá đẹp."
0,"Gia vị món lẩu quá chua, ăn không vô."
0,Camera chưa đỉnh
1,"Cứ từ từ, đi chậm một chút, nhưng sẽ tránh sụp hố người đi trước. Sự khôn ngoan của táo là đây."
0,Dẫn bố đi ăn vịt quay mà con chê khô quá.
1,"Không có gì để chê ở món mì quảng này, quá quá đã."
0,"Gia vị món gà rán quá ngấy, ăn không vô."
1,"Mình vẫn đang dùng con Note2 thấy hài lòng và chưa muốn đổi, tiền dư mình đi làm từ thiện!"
0,Sony luôn đưa ra giá bán trên trời. Đó là lý do hàng bán không chạy.
0,Thiết kế ít đẹp
0,"Mình rất thất vọng với Vivo, cảm ứng chán, hay bị hay bị lỗi."
0,Mua Acer về dùng thử mà thấy lỗi quá.
0,Điện thoại rất nóng
1,"DÙ là chất liệu gì đi nữa, nút Home của IP vẫn rất ấn tượng và đẳng cấp..."
0,"Trước nghe thấy iphone mình cũng thích lắm, nhưng không đủ tiền mua, iphone trước kia hơn hẳn các dòng khác ở thiết kế, cảm ứng và màn hình đẹp tốt. Nhưng đến thời điểm iphone 5s, 6s không hiểu sao có tiền cũng không muốn nữa. Không nói đến những người yêu công nghệ họ mua về tìm hiểu vọc vạch nhé, còn đa số mua về chẳng biết để làm gì chỉ nghe với gọi giải quyết khâu oai là chính bởi họ có tiền họ có quyền thể hiện, con người VN khác các nước khác là ở chỗ đó. Giờ ra đường rút iphone ra bình thường quá, không bằng em V3 :D"
0,Dẫn em trai đi ăn nướng mà bố chê mặn quá.
0,"Món bánh mì ở quán này ôi quá, ăn một tuần là thấy nhạt nhẽo."
1,Loa này rất tốt
1,"Món mì xào ở quán này tuyệt vời cực kỳ, ăn suốt mấy tháng vẫn ghiền."
0,"Vivo chậm quá, xài mấy ngày là thấy giật lag."
1,"Tôi rất thích sản phẩm của HTC, bởi những lý do sau: Thứ nhất, khi mới ra nó là một siêu phẩm nên người tiêu dùng sẽ phải chi ra khoản tiền lên tới 17 triệu để được sở hưu em nó. Thứ hai, khi ra được 4 tháng, nó trở thành hàng cao cấp và người tiêu dùng lúc này phải bỏ ra 2/3 giá ban đầu để sở hữu em nó. Thứ b, sau một năm nó trở thành hàng phổ thông, và người tiêu dùng phải bỏ ra 1/2 gía ban đầu là có ngay em nó, và cuối cùng sau 2 năm em nó biến mất tăm không còn xuất hiện trên các của hàng lớn. Lời khuyên cho HTC là nên bán đúng giá trị thực của sản phẩm, không bán giá ảo để rồi xuống ào ào làm mất đi giá trị của sẩn phẩm mà phải mất bao công sức tạo ra."
0,"Mình rất thất vọng với sushi, nước chấm ngấy, đồ ăn mặn chát."
0,"Mình rất thất vọng với LG, hiệu năng bình thường, hay bị mất sóng."
0,"Không thể chấp nhận được HP, quá quá chán."
1,"Con Oppo này dùng xuất sắc, pin đẹp."
1,"Mua Realme cho vợ dùng, đồng nghiệp khen mạnh."
1,Cái nào cũng lưu trữ được 32G. Tha hồ. Lỡ như hết bộ nhớ thì để dành lưu ảnh cũng khoái.
0,"Con Oppo này dùng không ổn, pin quá đơ."
0,apple cạn ý tưởng rồi
1,ok
1,"Mới ăn thử sushi ở đây, vị chuẩn vị lắm luôn."
0,"Asus thiết kế quá tệ, camera thì không xài được."
0,"sáng nay nhận hàng em nó có 1 số chia sẽ vs anh em như sau: -quay tay bật màn hình ko ổn định. lúc đc lúc ko, dự là do phần mềm. điên luôn vs em nó. -có tiếng Việt nhưng font xấu cần hoàn chỉnh về phần mềm. - đo nhịp tim sai số vs con note 4 của mình, nhưng ko nhiều. -app trên android thấy cùi hơn trên ios. đồng bộ bao ngu. -màn hình ko sáng lắm. nhưng ít ra nắng nên ko sao."
0,Dẫn người yêu đi ăn bún bò mà bố chê chán quá.
0,"Không thể chấp nhận được món phở này, quá mặn."
0,Android xài rat nhanh het pin ko qua noi iOS dau dung mong vo vong
0,Vừa test xem phim để sáng Max tắt hết kết nối xem 45' tụt 15% haiz
1,"Mới ăn thử mì xào ở đây, vị tươi lắm luôn."
0,Mới ăn thử bánh xèo ở đây mà thấy nhạt cực kỳ.
0,Nói chung không thấy đẹp hơn và thấy bất tiện hơn ở chỗ ai nhỡ mua loa xịn rồi giờ không đổi điện thoại để lỉnh kỉnh giắc chuyển đổi.
0,"Mình rất thất vọng với nem cuốn, đồ ăn nguội ngắt, đồ ăn nguội ngắt."
0,thực sự là chán quá. về hiệu năng thì vô đối mà về kiểu dáng sao mãi không chịu lớn vậy :((
1,"Mới tậu con Sony này về, ấn tượng cực kỳ luôn."
0,"Thực ra tiện nhưng lại ko tiện. Ví dụ muốn nghe cuộc gọi đến SIM chính thì phải chuyển cuộc gọi, tự nhiên lại tốn tiền. Chưa kể nếu có ai nhắn đến SIM chính cũng không biết luôn. Ngoài ra khi muốn gọi thì lại phải gọi từ SIM trên watch, như vậy mọi người sẽ rất bối rối với 2 số của bạn. Ngoài ra ở nước ngoài việc duy trì 2 SIM với 2 số điện thoại là tốn kém và không cần thiết, mỗi line điện thoại tốn $40-$50 chứ không ít. Nếu coi watch không phải thiết bị ""nối dài"" của phone mà là thiết bị độc lập thì cũng tốt, tuy nhiên sẽ cần một thời gian nữa để nó có thể thực sự hoạt động độc lập được, đặc biệt là về pin. Hy vọng tương lai 5-7 năm nữa thì smartphone cũng không cần, chỉ cần 2 thiết bị: smartwatch với tablet lai laptop là đủ"
0,Với tầm giá này mà HP xấu vậy là không đáng tiền.
0,"Xa xỉ quá, tiền đâu mà mua. Mua tai nghe 30k còn xót, nói chi tới 30 triệu."
1,"Dẫn em gái đi ăn cơm tấm, mẹ khen tuyệt vời."
1,kết em sony gom lúa mua thôi
0,Mạng quá tệ
0,chủ đáng với galaxy y thôi. so với a5 thì vẫn ko đáng ngồi cùng a5.
0,Dẫn bố đi ăn trà sữa mà bố chê khó ăn quá.
1,"Mình rất thích cơm tấm ở đây, quán phục vụ đặc sắc, đồ ăn vừa vị."
0,"Con Oppo này dùng lag, pin kém quá."
1,"Mình rất thích cà phê ở đây, quán phục vụ giòn, đồ ăn ngon."
0,"Gia vị món bánh xèo quá quá dở, ăn không vô."
0,Với tầm giá này mà Xiaomi tệ vậy là không đáng tiền.
0,"Món hải sản ở quán này quá tệ quá, ăn mấy ngày là thấy khô khốc."
0,"17 củ, có nhầm không HTC"
0,Thiết kế ít hoàn hảo
1,"Sony nhanh quá, xài mấy ngày rồi vẫn không bị lag."
0,"Đã thử test windows phone từ hồi mới ra, kết quả cầm ko quá 2 phút là ném lại. Lâu lâu thấy bạn bè lôi Lúa Mì ra cũng mượn vuốt vuốt đâu đc 1-2 phút rồi trả lại. Tóm lại là ko thể nuốt nổi cái hệ điều hành này, nhất là cái giao diện!"
1,"Huawei thiết kế tốt, chip rất tốt."
1,Quán này mì xào là chuẩn vị nhất rồi.
0,Khong thích phím chức năng nằm trong màn hình của sony
1,rất tuyệt vời
1,"Dẫn vợ đi ăn nem cuốn, chồng khen vừa miệng."
0,Với tầm giá này mà Surface yếu vậy là không đáng tiền.
0,"Con LG này dùng loạn, pin kém quá."
1,"Món nướng ngon hết sẩy, gia vị cuốn hút."
0,"Món phở vị ngán, không đáng tiền tí nào."
1,"Món kem vị ngon, gia vị làm rất giòn."
0,"Món hải sản ở quán này nhạt quá, ăn một thời gian là thấy nhạt nhẽo."
0,"Oppo kém quá, xài vài hôm là thấy nóng máy."
1,"1. Thanh toán qua Apple Pay tốt, bản chất nó tự có NFC nên tốc độ ko khác thanh toán Apple Pay trên phone. Thậm chí vì lý do bảo mật, bạn phải add thẻ trên AW độc lập với các thẻ trên iPhone (hơi mất công nhưng nó an toàn) 2. Statbucks vẫn là barcode nên nhanh là chắc chắn rồi 3. Tính năng sức khoẻ mình ko đề cập vì nó khá basic, thích cái nhắc mình nhấc mông khi ngồi lâu"
1,"Mới tậu con iPhone này về, tuyệt vời cực kỳ luôn."
0,"Mình rất thất vọng với Samsung, hệ điều hành bình thường, hay bị giật lag."
0,Pin hơi nóng
1,Sản phẩm này thật sự mát
0,"Một lần mua Z1 chính hãng nhớ đời, dùng được 1 năm thì vỡ màn hình ( gẫy luôn con Victor barave sword 12 ) trong cùng 1 ngày, ra  thay mất 4tr2, thay về được 2 tháng thì lỗi main mới cú. Mang ra phán 4tr5 thay main, em xót tiền quá, mang về. Mang ra hàng điện thoại bán, xác máy 1tr5, em xót quá mang về làm kỷ niệm. Giờ chỉ mua hàng xách tay của Nhật, giá hợp lý mà bền."
0,"Không thể chấp nhận được Vivo, quá xấu."
0,"Món bánh mì ở quán này tanh quá, ăn một tháng là thấy khô khốc."
0,"Không thể chấp nhận được món lẩu này, quá quá kém."
1,"Món bún bò ngon hết sẩy, gia vị ngon tuyệt."
1,"Xiaomi đẹp quá, xài vài hôm rồi vẫn mạnh."
1,"Tuyệt vời ông mặt trời, order ngay và luôn thôi"
1,note 1 dùng 4 năm nay rồi vẫn chạy tôt. chỉ mới thay kính vì xướt thôi
0,Điện thoại quá kém
0,"Món hải sản vị thiu, không đáng tiền tí nào."
0,"Không thể chấp nhận được Huawei, quá yếu."
0,"Không thể chấp nhận được món cơm tấm này, quá khô."
1,Surface Pro 4 : đây là sự lựa chọn tốt nhất rồi
1,"Không có gì để chê ở món lẩu này, quá giòn."
1,Quán này nướng là ngon tuyệt nhất rồi.
1,"Dẫn em trai đi ăn bánh mì, đồng nghiệp khen chất lượng."
1,Chất lượng này khá êm
0,"Thật tiếc là đa số những ứng dụng trên đều không sử dụng được hoặc chưa thật sự hiểu quả tại Việt Nam cơ bản thì mình cũng có cùng quan điểm với bác chủ topic về khái niệm sử dụng smartwatch vào thời điểm hiện tại.Trung bình 300-400$ là 1 khoản tiền k nhỏ,kiếm 300-400$ tại Việt Nam cũng k phải đơn giản nhưng việc 1 người bỏ ra 300-400$ để thoả mãn đam mê của mình thì ngay cả ở Việt Nam cũng đâu phải cái j đó quá khủng khiếp.Mình thấy lạ là có rất nhiều người vào comment cái kiểu ""chả để làm j"", ""nâng bi"", ""phí tiền"",...Mình k nói bạn có tiền để mua hay k,nhưng đơn giản là bạn vào đọc,k thk bạn có thể đi ra và tìm 1 topic khác đúng sở thk của bạn.Bạn k cần phải thở ra những câu chả liên quan kiểu như vậy để người khác k mua giống mình cho đỡ cảm thấy lạc lõng vs xu hướng của thế giới"
0,"Món nem cuốn ở quán này ngán quá, ăn hơn nửa năm là thấy dai quá."
1,"Dẫn người yêu đi ăn lẩu, chồng khen xuất sắc."
1,"Không có gì để chê ở món vịt quay này, quá quá đã."
1,Với tầm giá này thì Lenovo là ổn định nhất rồi.
0,Dẫn bạn bè đi ăn phở mà người yêu chê chua lè quá.
1,"Mới tậu con Oppo này về, nhẹ cực kỳ luôn."
0,S7 thất vọng quá
0,"iPhone lởm quá, xài hơn nửa năm là thấy hay bị lỗi."
1,"Dẫn người yêu đi ăn lẩu, bạn bè khen ngon miệng."
1,Với tầm giá này thì Surface là bền nhất rồi.
1,Ồ....rẻ nhỉ.
0,Cần j phải home cảm ứng jailbreak xong cài activation là thành cảm ứng rồi.aple luôn đi sau jailbreak 10 năm
1,"Đang dùng redmi note 2 để cm đây. Máy tôi lúc mới mua cài rom của cửa hàng pin dùng vài tiếng hết, cứ đang tắt màn hình mở màn hình lên là pin tụt, nhưng sau đó tôi cài rom 7.21.01 pro thì pin rất trâu, dung 3g đọc báo liên tục được hơn 7 tiếng với độ sáng màn hình là 45. Các chức năng khác cũng rất tốt, có cái nắp lưng ọp ẹp đã mua nắp da thay thế."
0,"Gia vị món vịt quay quá nguội ngắt, ăn không vô."
1,"Mới ăn thử hải sản ở đây, vị chuẩn vị lắm luôn."
0,Pin chả đẹp
0,Điện thoại giá này chắc bảo hành chỉ 24h mà thôi ?
1,Pin này hoàn toàn êm
0,"theo ý mình chọn Dell XPS cấu hình cũng vậy, giá lại rẻ hơn cho lành."
1,"Mình rất thích bún bò ở đây, quán phục vụ béo, đồ ăn sạch sẽ."
1,"Mới tậu con Realme này về, đẹp cực kỳ luôn."
1,"Con HP này dùng ấn tượng, pin vẫn mượt."
1,"Huawei thiết kế cao cấp, cảm ứng ok lắm."
0,"Không thể chấp nhận được iPhone, quá lag."
1,"iPhone ổn định quá, xài cả tuần rồi vẫn hoạt động tốt."
1,"Món sushi vị rất ngon, decor làm rất chất lượng."
1,Ngầu phết
0,Dịch vụ ít ngon
1,"Công nghệ của SS thật tuyệt, biết lắng nghe, học hỏi và bứt phá trước đối thủ! Tôi kính trọng SS"
0,"Samsung thiết kế quá tệ, cảm ứng thì sụt pin nhanh."
1,"Món gỏi cuốn ngon hết sẩy, gia vị ngon."
1,"Không có gì để chê ở Asus, quá ngon lành."
0,"Gia vị món hải sản quá nguội ngắt, ăn không vô."
1,"Món cà phê ngon hết sẩy, gia vị hấp dẫn."
0,"Huawei xấu quá, xài một thời gian là thấy quá đơ."
1,"Dẫn em gái đi ăn kem, vợ khen xuất sắc."
0,"Con Macbook này dùng chán, pin không xài được."
0,Điện thoại không đẹp
0,Thiết kế chưa xuất sắc
1,"Mới tậu con HP này về, mượt mà cực kỳ luôn."
1,"Rất đẹp, dòng Envy cũng thế. like HP, logo mới cũng độc đáo."
0,"Mình rất thất vọng với Asus, hệ điều hành quá kém, hay bị mất sóng."
0,"Gia vị món nướng quá khó ăn, ăn không vô."
1,"Mình rất thích bún chả ở đây, quán phục vụ ngon tuyệt, đồ ăn tươi."
1,"Asus thiết kế sang trọng, thiết kế tốt."
1,"Mua Vivo cho bố dùng, con khen đẹp."
0,"Buồn ơi là buồn,,?))"
0,Pin chưa đỉnh
0,"Realme thiết kế chậm, sạc thì mất sóng."
0,"iPad chậm quá, xài một tuần là thấy quá đơ."
1,"Mình xin các bạn đấy. Tiền nào của nấy thôi, mấy cái máy rẻ này cấu hình so với tầm giá là tốt, thiết kế bắt mắt đấy. Nhưng dùng một thời gian là hệ điều hành bị lỗi lung tung, các bạn dùng đi rồi sẽ biết. Riêng với Apple thì các bạn miễn lo lỗi hệ điều hành nhé."
0,Mới mua con Nokia này về mà thấy loạn cực kỳ.
1,"Món vịt quay ngon hết sẩy, gia vị tuyệt vời."
1,qua ngon qua nguy hiem thay ma rat thich
0,Ai muốn mua cây bút chì chỉ với 99$? :))
1,"Đẹp, có thể nói đẹp nhất trong các mẫu điên thoại có trên thị trường."
1,Có thấy lỗi gì đâu nhỉ. Vẫn chạy ầm ầm này. :))) Vừa tối qua mới up lên cho iphone với ipad xong. Các thánh chém ghê quá.
0,"Lenovo thiết kế lởm, loa thì sụt pin nhanh."
0,"Con Acer này dùng đơ, pin không xài được."
0,"Không thể chấp nhận được món gỏi cuốn này, quá ngán."
0,"Mình rất thất vọng với mì quảng, decor ôi, đồ ăn khó nuốt."
1,"Mình rất thích bún bò ở đây, quán phục vụ hấp dẫn, đồ ăn tươi."
0,"Món lẩu vị dở, không đáng tiền tí nào."
1,"Món sushi ngon hết sẩy, gia vị đặc sắc."
1,"Mình rất hài lòng với Sony, cấu hình phù hợp, phê lắm."
1,"Món bánh xèo vị béo, đồ uống làm rất béo."
1,"Asus hoàn hảo quá, xài cả năm rồi vẫn tuyệt vời."
0,Mua iPhone về dùng thử mà thấy lag quá.
1,Camera đẹp thiệt
0,"Không thể chấp nhận được Xiaomi, quá bình thường."
1,"Không có gì để chê ở món pizza này, quá tuyệt vời."
0,Mới mua con Samsung này về mà thấy tệ cực kỳ.
1,Công nhận VN chuộng iPhone không thua bất cứ nước nào. Mà tính ra iphone là chiếc đt đẹp và bền
0,"Asus thiết kế yếu, wifi thì hay bị lỗi."
1,"Mình rất thích mì xào ở đây, quán phục vụ cuốn hút, đồ ăn sạch sẽ."
1,Mình thích nhất camera. Quá tốt....
1,"Món bánh mì ngon hết sẩy, gia vị đặc sắc."
1,"Món nướng vị quá đã, nước dùng làm rất rất ngon."
0,càng ngày càng xấu
1,Quán này bún bò là ngon nhất rồi.
0,"Con Nokia này dùng lỗi, pin chậm vãi."
1,"Con Apple Watch này dùng đẹp, pin ok lắm."
0,4s cua e vua nang 9.2.1 thi nút home liệt nan ghe
0,Camera chả êm
1,"Tậu em này đi bác ôi, ngon bổ rẻ"
0,Với tầm giá này mà iPhone không ổn vậy là không đáng tiền.
1,"Mới tậu con iPhone này về, sắc nét cực kỳ luôn."
1,"Món cơm tấm ngon hết sẩy, gia vị thơm."
0,"Không thể chấp nhận được món cà phê này, quá chua lè."
1,"Dẫn con đi ăn hải sản, bạn bè khen ngon tuyệt."
0,"Có lẽ màn hình tràn 2 cạnh ở Note EDGE là phát minh dở hơi nhất của SS, kể từ đời nhà Tống. Nhưng lại còn dở hơi nặng hơn nữa, khi SS vẫn tự hào về phát minh này và tiếp tục sử dụng ở các phiên bản tiếp theo."
1,"Sài Samsung có lợi thế:đi tới đâu củng ít bị để ý,không mang tiếng sang chảnh,khó mua đi bán lại,nên sài bền(bền sài)..và ít khi bị cướp giật vì bọn cướp giật chỉ nhòm ngó và nhận biết đc Iphone thôi,mặc dù mới mua con S7 xách tay Mĩ..vô công ty đồng nghiệp thấy người thì không quan tâm,người thì hỏi cho có(sài máy gì ngộ vậy)..vừa giận tím mặt vừa chảnh lên...mầy làm gì biết...cùi bắp,trong khi cùng một nữ đồng nghiệp trước đó mới mua cái Iphone,nhiều người nhận biết ngay(cha Iphone luôn,6 hay 6s vậy em?) và tui thầm cười trong bụng coi chừng bị cướp giật rồi khóc nhe...."
1,"Mình rất thích cơm tấm ở đây, quán phục vụ tuyệt vời, đồ ăn rất ngon."
0,Mình k chê nhưng thật sự hàng oppo xài mau xuống lắm. Mà giá quá chát không có xứng với giá trị. Bạn nào xài rồi sẽ biết
1,"Apple Watch thiết kế mượt mà, camera ok lắm."
0,Mua Surface về dùng thử mà thấy kém quá.
0,Nhìn quả CAMERA lồi như mắt cua ... rất mất thẩm mỹ !
1,Ống kính chất lượng build tốt thế. không giống mấy cái trước nhìn cùi cùi. nhìn màu coating cũng đã nữa
0,"Dell thiết kế bình thường, sạc thì không đáng tiền."
0,"Không thể chấp nhận được món sushi này, quá khô."
0,Theo em thấy thì có 2 vấn đề: 1. dây đeo mới cho vào cái hư luôn https://drive.google.com/file/d/0B5HmAZf5BrURY0ZUN3l3VWMwV2c/view?usp=sharing 151015-105213.jpg drive.google.com 2. Toàn khoản Mi khi tạo rồi thì không thể delete được. https://drive.google.com/file/d/0B5HmAZf5BrURZHlFdFJPcHhDa3M/view?usp=sharing Xiaomi.png drive.google.com Các bác có ý kiến gì ko?
1,Tôi đang dùng mì xào pispiston 3 và đang cảm thấy rất hài lòng
0,Nói chung thằng em mình mua 1 cái sau 15 ngày trải nghiệm đã lên đường về với chủ cũ chấp nhận mất 15% giá trị máy và thêm tiền mua air 2
0,Mạng thật sự kém
0,"Không thể chấp nhận được món cà phê này, quá đắng."
0,"Macbook thiết kế nóng, hệ điều hành thì rất tệ."
1,"quá đẹp, hi vọng giá nó về VN nhè nhẹ cho AE mình xài."
0,"Mình rất thất vọng với Macbook, sạc quá tệ, hay bị vô dụng."
0,Dẫn bạn bè đi ăn mì quảng mà con chê chua quá.
0,Mới ăn thử lẩu ở đây mà thấy không tươi cực kỳ.
1,Em muon mua em nay
1,Với tầm giá này thì Acer là ấn tượng nhất rồi.
1,"Huawei sắc nét quá, xài cả năm rồi vẫn mượt."
0,Mới ăn thử bún chả ở đây mà thấy dở cực kỳ.
0,thế thì ip 6 mà chiến tiếp...không có gì đặt biệt...
1,Camera này cực kỳ hoàn hảo
0,"Mình xài samsung series 9 mỏng, nhôm nguyên khối, viền mỏng teng nhìn đẹp hơn hẳn"
0,Với tầm giá này mà LG lỗi vậy là không đáng tiền.
1,"Nokia thiết kế ấn tượng, cảm ứng vẫn mượt."
1,"Asus đẹp quá, xài cả năm rồi vẫn dùng rất sướng."
0,Lý do cái máy này ra đời để làm gì??? riêng dung lượng pin 5700 là thấy không có tác dụng gì rồi
0,"Oppo chậm quá, xài một thời gian là thấy quá chán."
1,Mình chưa dùng IPHONE nên có bỏ hay không cũng thấy Iphone bình thường. BLACKBERRY vẫn đỉnh nhất.
1,Loa này quá xịn
0,"Gia vị món kem quá khét, ăn không vô."
1,"Con Realme này dùng cao cấp, pin phê lắm."
1,"Mình rất thích kem ở đây, quán phục vụ sạch sẽ, đồ ăn chất lượng."
0,"Mình rất thất vọng với mì quảng, đồ ăn dở, đồ ăn mất vệ sinh."
0,Về Vn thì đúng nghĩa là 1 cái đồng hồ thật
0,"iPhone chẳng cần hạ độ phân giải màn hình đã có chế độ tiết kiệm pin tự động từ rất lâu rồi. Giờ Sam mới có, đúng ""chuối"" luôn."
1,"Món vịt quay vị xuất sắc, gia vị làm rất hấp dẫn."
0,máy này mà hỏng chắc chỉ để ném nhau chứ đồ đâu mà sửa
0,Chất lượng chưa mát
1,Với tầm giá này thì Dell là nhẹ nhất rồi.
0,Thiết kế thật sự tệ
1,Thiết kế này vô cùng êm
0,"Món lẩu vị thiu, không đáng tiền tí nào."
1,"Mua Apple Watch cho vợ dùng, em trai khen xuất sắc."
1,"Muốn 1 cái thế này,chụp anhe hết sẩy, ống kính ra ảnh đẹp"
1,"Dẫn người yêu đi ăn cơm tấm, bố khen cuốn hút."
1,"Mới ăn thử bánh xèo ở đây, vị quá đã lắm luôn."
1,"Asus thiết kế đáng tiền, cấu hình tốt."
1,"Mới tậu con Macbook này về, sắc nét cực kỳ luôn."
1,"Mình rất thích pizza ở đây, quán phục vụ cuốn hút, đồ ăn vừa miệng."
0,Mới mua con Samsung này về mà thấy quá kém cực kỳ.
1,"Món bánh xèo ở quán này chất lượng cực kỳ, ăn cả năm vẫn ghiền."
1,"Mới tậu con Macbook này về, sang trọng cực kỳ luôn."
0,"Mình rất thất vọng với bánh mì, gia vị ngấy, đồ ăn chua loét."
1,"Sony xuất sắc quá, xài vài tháng rồi vẫn phê lắm."
0,"không ấn tượng chút nào, thà lùi mấy bước để lấy góc rộng còn hơn mất công gắn cái này vô"
1,"Không có gì để chê ở Oppo, quá tốt."
0,"Món sushi ở quán này quá kém quá, ăn cả năm là thấy mất vệ sinh."
0,"Mình rất thất vọng với mì xào, đồ ăn nguội ngắt, đồ ăn quá dở."
1,Với tầm giá này thì iPad là ngon lành nhất rồi.
0,"Oppo đang thổi giá sản phẩm của mình quá tốt, với con CPU rẻ tiền và 1 màn hình 5.5 nhưng chỉ đạt độ phân giải HD nhưng bán với cái giá 6tr là quá đắt. Họ PR quá tốt sản phẩm của mình"
0,Thực tế thi quá thất vọng
1,"Apple Watch thiết kế cao cấp, wifi phê lắm."
0,Mới mua con iPad này về mà thấy lag cực kỳ.
1,"Mới ăn thử vịt quay ở đây, vị vừa vị lắm luôn."
1,"Mua Oppo cho đồng nghiệp dùng, chồng khen ấn tượng."
0,"Gia vị món nướng quá khô, ăn không vô."
0,Mới ăn thử bún bò ở đây mà thấy mặn cực kỳ.
1,"Tưởng tỉ lệ màn hình vàng 3.5icnh và ram 512mb là ios là iphone của ifan chạy tốt vèo vèo rồi, cầm gì chạy đua màn hình to như note hay ram nhiều như note để làm gì đâu, ôi giờ đây apple đang định nghĩa lại đó thôi mà. Chúc mưng ifan xắp có iphone không có jack cắm tai nghe rồi nhé. Chuẩn bị được nghe nhạc bằng cổng sạc cơ đấy"
0,"Số chấm liên quan gì với bức hình nhỏ xíu thế này, Nếu SS nó làm siêu phẩm chỉ chụp như thế này thì nó phá sản rồi, đừng bào giờ có quan niệm là mobista hơn được các hãng lớn như SS hay apple nhé, thằng mobis này so với mấy con lumia cùi mía 930 950 con chua có cửa nữa đấy"
0,Mới mua con Asus này về mà thấy lởm cực kỳ.
0,giá taplet samsung không bao giờ khiến người dùng hài lòng !
0,Mới ăn thử gỏi cuốn ở đây mà thấy ôi cực kỳ.
1,"Không có gì để chê ở Apple Watch, quá mạnh."
0,"Thiết kế xấu thế thì ế là phải thôi, phần mềm thì chả ra làm sao !"
0,Nói ko với ap lập tức táo dở sẽ trở về thực tế thôi
0,Samsung có cái loa thoại xấu kinh điển mãi không thay thế !
0,"Món bánh mì vị không tươi, không đáng tiền tí nào."
0,"Gia vị món nướng quá chua lè, ăn không vô."
1,"Mình rất hài lòng với LG, bộ nhớ mượt mà, rất tốt."
0,Mua Lenovo về dùng thử mà thấy đơ quá.
0,"Mình rất thất vọng với nem cuốn, gia vị mặn, đồ ăn quá ngấy."
0,"Con LG này dùng lởm, pin sụt pin nhanh."
0,Sản phẩm hơi lag
1,Thiết kế này hoàn toàn bền
1,Chất lượng này thật sự ngon
1,"Xiaomi mượt mà quá, xài cả tuần rồi vẫn dùng rất sướng."
1,"Món lẩu vị đậm đà, không gian làm rất chuẩn vị."
1,minh dinh mua tivi gan tuong.nay thay e nay doi y ko mua tivi nua ruoc e nay ve dung nhieu trong 1ba dao hon.cam on ss
1,"Món cơm tấm ở quán này giòn cực kỳ, ăn vài hôm vẫn ghiền."
1,"Mình rất thích gỏi cuốn ở đây, quán phục vụ sạch sẽ, đồ ăn chất lượng."
0,"Mình đang dùng Bphone 16GB. Máy bắt sóng yếu, lỗi vặt, hoàn thiện kém. Dùng 6 tháng mà gởi bảo hành 2 lần. Tệ nhất là pin cực kém. Onscreen chỉ được 3giơ. Thất vọng toàn tập"
0,"Món bún bò ở quán này ôi quá, ăn cả năm là thấy tanh rình."
0,Camera chưa tốt
0,Noi Chung la Apple se het thoi.
0,"Mình rất thất vọng với phở, không gian chua lè, đồ ăn mất vệ sinh."
0,"Mình rất thất vọng với sushi, decor nhạt, đồ ăn khét lẹt."
0,Sản phẩm ít mát
1,Tốc độ ghi nhanh quá. Các phần cứng khác phải cỡ khủng để xứng đôi với raid 0.☺
1,"Món cơm tấm ở quán này hấp dẫn cực kỳ, ăn suốt mấy tháng vẫn ghiền."
0,Thua j5 2016
0,"Món trà sữa vị khó ăn, không đáng tiền tí nào."
0,"Huawei thiết kế nóng, thiết kế thì chậm vãi."
1,Tuyệt vời!
1,"Màu xanh rất hợp ý em, khi nào ra ip10 ip11 gì đó em mua một con là vừa."
1,"Vivo thiết kế xuất sắc, wifi bình thường."
1,Ngon quá
0,"Mình rất thất vọng với trà sữa, gia vị quá tệ, đồ ăn chua loét."
1,"Không có gì để chê ở Dell, quá sang trọng."
1,"Dẫn vợ đi ăn vịt quay, con khen ngon tuyệt."
0,"Món cơm tấm vị đắng, không đáng tiền tí nào."
0,"Mình rất thất vọng với trà sữa, nước chấm chua lè, đồ ăn nhạt nhẽo."
1,"Nhiều người kỳ thị hàng Trung Quốc trong khi chả hề biết nhiều thương hiệu TQ như Huawei hay Xiaomi đều lọt top những thương hiệu smartphone hàng đầu thế giới, cả chất lượng và trải nghiệm đều xếp trên Sony hay LG."
0,"móa viettel làm ăn như shit, cpn từ 21 mà hnay chưa tới, hỏi thì bảo do cái vòng tay bị cấm vận chuyển hàng không, phải chuyển sang đường bộ nên mai mới tới"
1,Với tầm giá này thì Macbook là sắc nét nhất rồi.
1,Siêu phẩm của những siêu phẩm. Đẹp đấy Samsung.
1,Bút sơn thần thánh đã biến dòng Note của Samsung trở nên tuyệt vời:))) tôi sẽ mua hẳn 2 chiếc cho vợ và con chơi Vẽ :))) vào năm 2020
1,"Mới tậu con Dell này về, bền cực kỳ luôn."
0,Mua iPad về dùng thử mà thấy quá kém quá.
1,"Surface mỏng quá, xài mấy ngày rồi vẫn hoạt động tốt."
0,Mới mua con Sony này về mà thấy lỗi cực kỳ.
0,"Không thể chấp nhận được món pizza này, quá nhạt."
1,"Món lẩu ở quán này ngon cực kỳ, ăn vài hôm vẫn ghiền."
0,Đây là điểm yếu của IP.
0,"Máy HTC one V khi xưa của mình vừa mua xong đã phải bảo hành, không được up android, Sensei chạy rất lag và nặng, loa kém hơn iphone thấy rõ. Từ đó mình ghét HTC."
1,acer nhìn đẹp nhất
1,"Mình rất hài lòng với LG, sạc đẳng cấp, đẹp."
1,"Món gỏi cuốn ở quán này cuốn hút cực kỳ, ăn suốt mấy tháng vẫn ghiền."
1,"Món kem vị xuất sắc, topping làm rất thơm."
1,"Món gỏi cuốn ở quán này thơm cực kỳ, ăn vài hôm vẫn ghiền."
0,Có cảm giác màu bị sai và ở rìa bị mờ...
0,Mua Realme về dùng thử mà thấy tệ quá.
0,"Oppo thiết kế loạn, wifi thì không đáng tiền."
1,Loa này thật sự đẹp
0,"iphone quả pin 1715mah tồi tệ . Có web đánh giá pin 6s rồi nhé , chót bảng ."
1,"Chắc chắn sẽ mua e này. Quả thật xiaomi đang tạo cho m 1 hệ sinh thái tuyệt vời. Cái j cũng thấy sx & đều kết nối đc vs nhau. Đã xài miband 1, đang xài mi box , cam ip , loa... Chất lượng & giá thì khỏi bàn . Lo mỗi cái an ninh cho quốc gia"
0,"Thằng bạn mình nó xài tần suất trung bình, chủ yếu nghe gọi và fb, thỉnh thoảng lướt net thì chỉ được gần ngày rưỡi, thua xa f05f trước đây, chắc tại cái màn hình 2k nó ""hút máu"" dữ quá, bắt sóng wifi kém nó cũng góp phần hao pin thêm.Nhưng dđược cái sạc pin cực nhanh, tầm hơn tiếng là xong,có điều nghe nhạc tệ quá với chả thấy gì hấp dẫn,thiết kế na ná Z3 nên next luôn, chờ F04G coi sao."
0,Mới ăn thử bún chả ở đây mà thấy khét cực kỳ.
1,"iPhone thiết kế ngon lành, cảm ứng bình thường."
0,"Không thể chấp nhận được LG, quá kém."
0,"Món bánh mì ở quán này khét quá, ăn một tuần là thấy quá tệ."
1,Quán này trà sữa là ngon nhất rồi.
0,"xấu và yếu thậm tệ, nói chung là thảm họa, chúc cty oppo VN mau đóng cửa"
0,"Con AirPods này dùng quá kém, pin không xài được."
1,Dịch vụ này hoàn toàn đẹp
1,"Món gỏi cuốn ngon hết sẩy, gia vị chất lượng."
1,"Món pizza ở quán này xuất sắc cực kỳ, ăn một thời gian vẫn ghiền."
0,"Cứ từ từ, rồi IP cũng sẽ có tính năng này thôi Một phan quả táo cho biết như vậy :)))"
1,Với tầm giá này thì Surface là mạnh nhất rồi.
0,"Mình rất thất vọng với Realme, vân tay đơ, hay bị quá cùi."
1,"Con Vivo này dùng hoàn hảo, pin tốt."
0,Mới mua con Apple Watch này về mà thấy chậm cực kỳ.
1,Đẹp hơn s7
0,"Không thể chấp nhận được món cà phê này, quá mặn."
0,Mới mua con Nokia này về mà thấy nặng cực kỳ.
0,"Không thể chấp nhận được Macbook, quá kém."
1,"Mình rất hài lòng với Xiaomi, thiết kế nhẹ, dùng rất sướng."
1,"Mới tậu con Nokia này về, cao cấp cực kỳ luôn."
0,Dẫn bố đi ăn phở mà vợ chê ngán quá.
1,"Con Apple Watch này dùng đáng tiền, pin ok lắm."
0,"Món sushi ở quán này ngấy quá, ăn vài hôm là thấy chán phèo."
1,Với tầm giá này thì Huawei là bền nhất rồi.
1,Quán này nem cuốn là vừa miệng nhất rồi.
1,"duyệt rồi đấy lúc đầu tưởng chỉ có bản life stype giớ bán bản snap 820 thì hốt ,đến lúc cho bé 8x về vườn :3"
1,Với tầm giá này thì Nokia là nhanh nhất rồi.
1,"Không có gì để chê ở món gà rán này, quá thơm."
1,"Không có gì để chê ở Dell, quá tốt."
0,Mình cũng không rõ bạn mở bản WP mấy (10 hay mấy) Mình mở trên WP8 thì thất vọng hoàn toàn và không bao giờ muốn sử dụng lại nữa.
1,"Mới ăn thử phở ở đây, vị chất lượng lắm luôn."
1,Giá quá tốt cho 1 siêu phẩm như G5
1,"Mình rất thích kem ở đây, quán phục vụ sạch sẽ, đồ ăn cuốn hút."
0,Pin chả bền
1,"Món phở vị đặc sắc, đồ ăn làm rất ngon."
1,"Mình rất hài lòng với Dell, cấu hình ấn tượng, nhanh."
0,"Tôi đã xài Acer S7, đẹp thì đúng rồi, nhưng hay hỏng vặt. Xài Mac ổn hơn nhiều"
0,Dẫn bạn bè đi ăn nướng mà mẹ chê thiu quá.
1,"Món lẩu ở quán này chuẩn vị cực kỳ, ăn hơn nửa năm vẫn ghiền."
1,"Mình sài zenphone 2 bản cao cấp nhất.thì cũng test thử,mình ra quán cafe thử đừng truền wifi mạnh thử hết công suất của nó mình thấy thật bá đạo mọi thứ điều rất nhanh và mạnh nửa pin thì ngon hơn zen 5 hồi xưa.mún mua dt nên mua zen 2 ram 4g trở lên đả hoàn thiện rất đáng mua."
1,"Món gà rán ngon hết sẩy, gia vị xuất sắc."
0,Mua Oppo về dùng thử mà thấy xấu quá.
0,"Samsung quá tệ quá, xài suốt mấy tháng là thấy không đáng tiền."
1,"Mới ăn thử nem cuốn ở đây, vị đậm đà lắm luôn."
0,Dm. Lại PR cho Tàu. Vãi cả Tinh Tế ko có tý tinh thần dân tộc nào cả.
0,"Mình rất thất vọng với Xiaomi, sạc kém, hay bị nhanh tã."
1,"Mình rất hài lòng với AirPods, màn hình nhẹ, mạnh."
0,6 triệu cho cái điện thoại này có đáng đồng tiền bát gạo không anh em??? không hiểu sao mà người ta cứ ầm ầm đi mua oppo. :v
1,"Con Asus này dùng xuất sắc, pin ổn định."
1,"Dẫn con đi ăn bánh xèo, bạn bè khen đậm đà."
0,Mới mua con AirPods này về mà thấy bình thường cực kỳ.
1,siêu mạnh
1,Máy này vô cùng đẹp
1,Quán này phở là ngon miệng nhất rồi.
1,"Dell sắc nét quá, xài vài tháng rồi vẫn phê lắm."
0,Mua iPhone về dùng thử mà thấy chậm quá.
0,"Macbook quá kém quá, xài vài hôm là thấy sụt pin nhanh."
0,Có mà Iphone giời đi nữa dùng một thời gian cũng chán như nhau .
0,"Con AirPods này dùng bình thường, pin nhanh tã."
1,"Dẫn bố đi ăn bánh xèo, bố khen quá đã."
1,"Mua Vivo cho bạn bè dùng, bạn bè khen phù hợp."
0,"LG thiết kế nóng, camera thì nhanh tã."
1,"Dẫn đồng nghiệp đi ăn bún bò, em gái khen vừa vị."
0,Mới ăn thử mì xào ở đây mà thấy chán cực kỳ.
0,"Mình rất thất vọng với Oppo, loa bình thường, hay bị mất sóng."
0,"Không thể chấp nhận được Samsung, quá nặng."
0,"Surface nặng quá, xài mấy ngày là thấy không xài được."
0,"Món cơm tấm vị ngán, không đáng tiền tí nào."
0,"Không thể chấp nhận được Acer, quá xấu."
1,"6S+ cả năm rồi mà quá đỉnh, lên IOS10 trải nghiệm 3D touch quá đỉnh...!"
0,"Surface loạn quá, xài một thời gian là thấy hết pin nhanh."
0,Apple hết ý tưởng cho iphone. Vẫn dậm chân tại chỗ.
0,Dịch vụ chả tốt
0,"Món mì quảng vị ngán, không đáng tiền tí nào."
0,"Thực ra IP đang bị định giá không phải là giá trị thực của nó, chỉ là IP khôn hơn người ở chỗ lợi dụng thương hiệu để đẩy giá lên thôi. Ai thích chạy theo thương hiệu thì mua, không thì thôi. Xét về cấu hình thì không bằng SS, OP, MS"
0,"Món sushi ở quán này nguội ngắt quá, ăn một tuần là thấy quá dở."
1,Thiết kế này thật sự tốt
0,"Không thể chấp nhận được Acer, quá nóng."
0,"Không thể chấp nhận được Dell, quá nóng."
1,"Món pizza ở quán này giòn cực kỳ, ăn một tuần vẫn ghiền."
1,Đỉnh của đỉnh
0,"Gia vị món cơm tấm quá khó ăn, ăn không vô."
1,"Hay, đúng cái m đang tìm. Lâu giờ ko muốn mua mấy cái đồ tàu"
0,Mới ăn thử kem ở đây mà thấy khét cực kỳ.
1,"Món lẩu ngon hết sẩy, gia vị thơm."
1,"về thiết kế thì bây giờ các hãng đều na ná nhau, chẳng thể nói ai copy ai được nữa. Quan trọng là chất lượng và giá thành. Mình dùng vài sản phẩm xiaomi rồi nên có cảm tình vì giá tốt, xài ngon. Chẳng hiểu sao cấu hình như con Mi5 này mà nó có thể bán giá thế kia ? mấy hãng khác ăn dày quá chăng?"
1,"Mua Asus cho bạn bè dùng, bố khen tốt."
1,Ở tầm giá đó mà có một chiếc điện thoại đẹp như này thì quá tốt
0,"Gia vị món vịt quay quá chán, ăn không vô."
1,"Vivo nhẹ quá, xài một tháng rồi vẫn không bị lag."
0,"Mình rất thất vọng với Oppo, sạc giật, hay bị hết pin nhanh."
1,"Không có gì để chê ở món bánh mì này, quá giòn."
1,"Món pizza ngon hết sẩy, gia vị ngon tuyệt."
1,"Hệ điều hành mới, nếu tinh giản từ bản gốc android của google thì quá ngon, đỡ rác. Ram 2GB thì chạy mượt."
1,ồ rất tiện và gọn
1,Với tầm giá này thì Acer là đáng tiền nhất rồi.
1,"Món nem cuốn ngon hết sẩy, gia vị thơm."
0,"Giờ thì ai mua điện thoại Sam về chụp hình thì cũng phải nghĩ lại, chụp còn xấu hơn cả phone Việt Ủng hộ hàng Việt đẩy lùi hàng Hàn...."
1,"Món pizza vị béo, đồ uống làm rất cuốn hút."
1,cứ như primeX có tăng độ tương phản ấy nhỉ
0,"từ 6 lên 6s có khác gì đâu, bây giờ k lẽ giống tiếp"
1,Dịch vụ này quá đỉnh
0,"Con iPad này dùng chán, pin quá chán."
0,Pin khá nóng
1,"Mới ăn thử lẩu ở đây, vị chất lượng lắm luôn."
0,"Món trà sữa ở quán này nguội ngắt quá, ăn hơn nửa năm là thấy nguội ngắt."
1,"Mới tậu con Macbook này về, nhẹ cực kỳ luôn."
0,"máy tính bảng 9.8"" đã to vật vã rất bất tiện hơn 8"" rồi, giờ ra máy tính bảng 12,9"" thì ... theo tôi sẽ là một thất bại"
1,"Vừa thoát vụ Panama, phải sắm con này ngay mới được. 14k bằng ổ bánh mỳ thỉ phải, quá rẻ.................."
0,"Không thể chấp nhận được món bún chả này, quá quá tệ."
0,"Sony nặng quá, xài vài tháng là thấy quá cùi."
0,"Không thể chấp nhận được món vịt quay này, quá chua."
1,"Acer thiết kế sang trọng, loa mượt."
0,"Mình rất thất vọng với iPad, camera quá chán, hay bị nóng máy."
1,"Mình rất thích vịt quay ở đây, quán phục vụ quá đã, đồ ăn cuốn hút."
1,"cấu hình này chắc chạy file .exe đc luôn, bá đạo thât 500 gb lưu file sướng lòi"
0,"Mua cho em gái Macbook Pro, dùng hết bảo hành chết main, hỏi giá thay thế: 11 triệu. Ném máy đi luôn"
0,"Món pizza ở quán này nhạt quá, ăn suốt mấy tháng là thấy mặn chát."
0,"Con Surface này dùng nặng, pin loạn cảm ứng."
0,"Acer quá kém quá, xài vài tháng là thấy nhanh tã."
1,Rẻ hơn mình tưởng..!
1,"Món pizza ở quán này ngon miệng cực kỳ, ăn vài hôm vẫn ghiền."
1,"Thời này còn chê ip pin yếu là biết bạn xài ip từ đời nào rồi, pin ip6 đã khá trâu mà nhất là dòng Plus, pin trâu ngang ipad, kinh dị"
1,"Mua Macbook cho mẹ dùng, mẹ khen bền."
0,"Con Apple Watch này dùng lag, pin quá chán."
1,"Dẫn vợ đi ăn bánh mì, em trai khen hấp dẫn."
1,Quán này nướng là chuẩn vị nhất rồi.
0,"Không thể chấp nhận được AirPods, quá không ổn."
1,"Vivo mạnh quá, xài suốt mấy tháng rồi vẫn hoạt động tốt."
0,"Món bún bò ở quán này khô quá, ăn vài hôm là thấy quá dở."
1,"Dẫn em gái đi ăn bún chả, bố khen ngon miệng."
1,Chất lượng này khá hoàn hảo
1,"Mới ăn thử cà phê ở đây, vị béo lắm luôn."
1,"máy tôi 2011 update lên win10 mượt còn hơn máy mới.win7 ,ram có 2gb ,máy chạy cả ngày luôn chả thấy đơ là gì ,1 năm rồi .ngon nhất .."
0,"Mình rất thất vọng với Huawei, thiết kế giật, hay bị không đáng tiền."
1,Với tầm giá này thì Macbook là nhanh nhất rồi.
1,Thiết kế này vô cùng hoàn hảo
1,"Mua AirPods cho người yêu dùng, em gái khen đáng tiền."
0,Tăng được chất lượng âm thanh thì đã không có chuyện để nói.
1,"Huawei sang trọng quá, xài mấy ngày rồi vẫn không bị lag."
1,"Dẫn bạn bè đi ăn bánh xèo, con khen tươi."
0,Pin chả hoàn hảo
0,Không nên mua sony . Đã xác định trả góp thì mua loại khác không hối hận đấy bạn
0,"Gia vị món mì quảng quá chán, ăn không vô."
1,"Món mì quảng ở quán này ngon cực kỳ, ăn mấy ngày vẫn ghiền."
0,"Không thể chấp nhận được Sony, quá loạn."
1,"Mua Sony cho bạn bè dùng, vợ khen sắc nét."
1,Màu đẹp quá. Đang có 6s lại phải tốn tiền để đổi em và mang em về rồi.
1,"Hàng điện tử thì khó nói trước! Ko phải tôi nói ra để bênh vực asus. Vì tôi đã từng xài 1 con zen 5 hàng xách tay nha, chứ ko đc hàng chính hãng đâu. Vậy mà xài ngon lành cành đào cả gần 2 năm, chỉ vì gây lộn với bx nên vung tay đập nát tươm cái đt luôn. À trong thời gian đó tôi có giới thiệu cho thằng bạn thân cũng mua 1 con zen, xài đến bây giờ chả thấy nó nói máy bị gì hết. Trải nghiệm của riêng bản thân thôi, có thể tôi ko bị xiu như bạn."
0,"Không thể chấp nhận được Surface, quá chán."
1,"Acer phù hợp quá, xài vài tháng rồi vẫn đẹp."
0,Có ai dùng 6s lên 9.2.1 lại nhanh hết pin như tôi không. Nhanh hết pin quá
1,"Vật vờ đánh giá htc 10 chụp ngon, nhỉnh hơn s7 edge 1 tí. Cho thằng bạn xem xong nó quất luôn ... kiểu này htc 10 lại vực htc dậy như htc one rồi. Thiết kế đẹp, chụp ảnh tốt, màn hình tốt, pin vừa phải ..."
0,Dẫn chồng đi ăn mì quảng mà con chê khét quá.
1,Máy này cực kỳ xuất sắc
1,dùng Máy thấy rất hoàn hảo
1,Em này ngon
0,"Không thể chấp nhận được món trà sữa này, quá ôi."
0,"Mình rất thất vọng với pizza, không gian tanh, đồ ăn ôi thiu."
0,Mới ăn thử bún bò ở đây mà thấy thiu cực kỳ.
0,Apple watch quá cùi để đc gọi là smart watch.
0,"Mình rất thất vọng với AirPods, pin giật, hay bị mất sóng."
0,"Mình rất thất vọng với bún chả, topping khó ăn, đồ ăn chua loét."
1,"Món pizza ngon hết sẩy, gia vị cuốn hút."
0,"iphone nghe nhạc dở quá, nên bỏ luôn trình nghe nhạc là hợp lý. tai nghe đi kèm theo máy chỉ để đàm thoại thôi, nên tích hợp vào cổng lightning là hợp lý."
1,"Surface thiết kế tốt, thiết kế không lỗi lầm."
1,Máy này thật sự tuyệt vời
1,Camera này khá êm
0,"Cái ""tấm bảng"" đã ra đời hic"
1,"Mình rất thích pizza ở đây, quán phục vụ tươi, đồ ăn đặc sắc."
0,"Món lẩu ở quán này khó ăn quá, ăn mấy ngày là thấy quá tệ."
1,iPhone rất đẹp. Tôi mua 2 cái. Tay trái 1 cái. Tay phải 1 cái Kkkkkkkkkkkkk
1,Cam trước 5MP có flash luôn thì selfie thỏa thích r hen :3
0,Máy thật sự chậm
1,"Món mì xào vị ngon miệng, decor làm rất giòn."
1,"LG cao cấp quá, xài một tháng rồi vẫn vẫn mượt."
1,"Mình rất thích vịt quay ở đây, quán phục vụ vừa vị, đồ ăn tươi."
1,"Mình rất thích bánh mì ở đây, quán phục vụ giòn, đồ ăn ngon miệng."
1,"Mình rất hài lòng với Vivo, hiệu năng ổn định, không bị lag."
0,"Realme thiết kế không ổn, hiệu năng thì giật lag."
1,"Con Surface này dùng cao cấp, pin mạnh."
1,"Con Vivo này dùng đẹp, pin không nóng máy."
1,Đang dùng con VX nano từ 2009 đến giờ chưa hỏng
0,"Con Acer này dùng đơ, pin vô dụng."
1,"Món kem ở quán này vừa miệng cực kỳ, ăn hơn nửa năm vẫn ghiền."
0,"Ngoại hình có tí xíu đột phá trong việc dời dãy ăng-ten + thêm các tai nghe cổng lightning thì theo ý kiến RIÊNG của em ip7 sẽ ""thành công"" hơn. Em ko là fan của ai hết nhé :("
0,"Không thể chấp nhận được món gà rán này, quá nguội ngắt."
0,Thiết kế thật sự xấu
0,"Mình rất thất vọng với mì xào, nước chấm chán, đồ ăn tanh rình."
0,"Chia sẽ với các bạn tý. mình đang dùng zenfone 2. Thật sự thất vọng với những gì mình đã mong đợi. Máy có độ sáng màn hình thấp. ra nắng là mù luôn. rất hay lỗi mất sóng, đôi khi đang nghe ai đó gọi đến,tự nhiên mất sóng, ngắt cuộc gọi giữa chừng làm họ tưởng mình không thích nghe, thật bất tiện. Nghe nói đa số dòng zen 2 lỗi mất sóng và sóng yếu, chụp ảnh không đẹp tuy camera 8 chấm. chỉ được một điểm cộng duy nhất là có mặt kính cường lực chống được trầy sướt nên khỏi phải dán màn hình. không bao giờ dùng asus nửa"
0,"Nokia thiết kế yếu, hệ điều hành thì yếu xìu."
1,"Món gỏi cuốn vị hấp dẫn, không gian làm rất thơm."
1,"Xiaomi ngon lành quá, xài cả năm rồi vẫn rất bền."
0,"Acer thiết kế lỗi, sạc thì quá cùi."
1,"Món vịt quay ngon hết sẩy, gia vị hấp dẫn."
1,Với tầm giá này thì Realme là phù hợp nhất rồi.
0,Mua Asus về dùng thử mà thấy yếu quá.
1,"Mình vẫn dùng 4s và ios6, pin quá ổn"
0,"Mình rất thất vọng với Huawei, camera quá tệ, hay bị yếu xìu."
0,"Mình rất thất vọng với phở, decor không tươi, đồ ăn không ngon."
0,"vãi thật 6GB xài chưa hết, 8GB làm gì không biết"
0,Mới mua con Apple Watch này về mà thấy không ổn cực kỳ.
0,Pin ít xuất sắc
0,Mới ăn thử gỏi cuốn ở đây mà thấy quá dở cực kỳ.
0,"Món lẩu ở quán này thiu quá, ăn hơn nửa năm là thấy mặn chát."
0,"Không thể chấp nhận được món nem cuốn này, quá tanh."
1,"Quá hay. Từ ngày đi du lịch Nhật thấy mê cây bút này. Chỉ việc đưa máy chụp biển hiệu, biển báo, bảng giá rồi dùng bút khoanh chữ dịch nhanh, không cần nhờ phiên dịch"
1,Quá đẹp cho đội smartphone!
1,Cái này nhìn hấp dẫn thật. Nếu giá hấp dẫn thì cũng mua một chiếc cho công việc văn phòng. quá tuyệt vời.
0,"không đẹp, 9tr mua đồng hồ Nhật hay Tissot đeo vẫn sướng hơn :)))"
0,Mua Samsung về dùng thử mà thấy xấu quá.
1,Quán này sushi là sạch sẽ nhất rồi.
1,Chuẩn đó..dùng android ( dòng s và note ) thì quá là ngon và tiện dụng hữu ích..ifan còn biết chê bai gì được nữa..
0,Chả có gì đột phá. Chán òm.
0,"HTC nghĩ sao với vị thế của hãng mà tự tin áp mức giá này? HTC 10 có thể là một chiếc phone tốt, nhưng với giá bán này doanh số sẽ thảm hại."
0,Màn hình không tuyệt vời
1,"Mới ăn thử bánh mì ở đây, vị đặc sắc lắm luôn."
0,"Con LG này dùng nóng, pin sụt pin nhanh."
0,Chất lượng CAM chỉ so sánh được với huyền thoại cách đây nửa thập kỷ Nokia N73.
1,Điện thoại này cực kỳ mát
1,"Dẫn con đi ăn mì xào, bạn bè khen hấp dẫn."
0,"trông ""bẩn"" hơn Xiaomi nhiều nhỉ :3"
0,Dẫn vợ đi ăn bánh xèo mà bạn bè chê nhạt quá.
0,Mua Sony về dùng thử mà thấy chán quá.
0,"Macbook quá kém quá, xài một tuần là thấy yếu xìu."
0,Điện thoại quá lag
0,Mới ăn thử vịt quay ở đây mà thấy khét cực kỳ.
0,"Mình rất thất vọng với bún chả, decor đắng, đồ ăn không đáng tiền."
0,"Không thể chấp nhận được HP, quá quá kém."
0,"Con LG này dùng loạn, pin nhanh tã."
0,"giá quá chát. mắc hơn HP spectre 13. nặng chỉ 1.1kg . giá cũng bèo hơn con này, nhưng mạnh hơn.ps: nói vậy thôi chứ có tiền sẽ mua Microsoft Surface Book, hoặc Dell inspiron 7000 series."
0,"Xiaomi xấu quá, xài một tháng là thấy nóng máy."
1,"Món gỏi cuốn ở quán này hấp dẫn cực kỳ, ăn cả tuần vẫn ghiền."
1,"Chắc dòng máy lai sẽ lên ngôi,thích cái surface book quá"
0,"Không thể chấp nhận được Surface, quá xấu."
1,"Món mì xào vị xuất sắc, đồ ăn làm rất chuẩn vị."
1,trải nghiệm Dịch vụ thấy vô cùng hoàn hảo
0,"Con Vivo này dùng bình thường, pin giật lag."
1,"Mình rất thích nem cuốn ở đây, quán phục vụ đậm đà, đồ ăn chuẩn vị."
1,"HTC Butterfly 2 đi bạn. Cấu hình tuyệt vời. Màn hình đẹp. Chống nước, pin trâu. Chụp hình vô đối trong tầm giá. Thương hiệu tốt, made in taiwan luôn chứ k fải china nghe. Tôi đang dùng, hài lòng tuyệt đối."
0,Mua Dell về dùng thử mà thấy quá tệ quá.
1,"Mua LG cho người yêu dùng, đồng nghiệp khen nhanh."
1,Ko biết là nó có tiện ích thế nào nhưng vì được cái lạ và độc nên sẽ được nhiều người sử dụng
1,"Con Nokia này dùng mượt mà, pin hoạt động tốt."
0,Mua iPhone về dùng thử mà thấy quá tệ quá.
0,màn hình không lên full hd được thì thua rồi.
0,"Mình rất thất vọng với Asus, bàn phím giật, hay bị hay bị lỗi."
1,"Mình rất hài lòng với Dell, sạc bền, mượt."
1,Bác nói chuẩn mình chưa thấy con đt nào mỏng như thế. thật phong cách
0,Lại theo bác LG rồi...thay đổi vài cái lằng nhằng hình thức vẫn vậy chỉ khè được ifan thôi.số còn lại họ đi trước vài năm rồi...
1,"Món nướng vị ngon miệng, decor làm rất cuốn hút."
0,"Mình rất thất vọng với cơm tấm, nước chấm quá dở, đồ ăn không ngon."
1,"Món vịt quay ở quán này vừa miệng cực kỳ, ăn suốt mấy tháng vẫn ghiền."
1,"Mình rất hài lòng với AirPods, chip phù hợp, tuyệt vời."
1,"Kết cái hệ điều hành Cyanogen này, tối ưu từ bản gốc của Google android thì ít rác chạy mượt hơn mấy con khác với lại không ngốn nhiều Ram."
1,Mình đã thử rồi! Ứng dụng này chụp hình đẹp... IOS 9 nên tải về!
0,"Không thể chấp nhận được iPad, quá yếu."
1,"Con HP này dùng tuyệt vời, pin tốt."
1,"Mới ăn thử mì xào ở đây, vị rất ngon lắm luôn."
1,"May quá đang định xuống tiền mau iPhone 6s 64Gb, giờ găp em này quất luôn lại dư được ít tiền"
1,xài Máy thấy rất hoàn hảo
0,"Giá này mua Moto E 2015 4G-LTE ngon hơn nhiều, mà còn dư tiền"
1,"Oppo thiết kế mạnh, vân tay vô đối."
1,"Mới ăn thử cà phê ở đây, vị đậm đà lắm luôn."
0,"Món cơm tấm vị chua lè, không đáng tiền tí nào."
0,Mới mua con Asus này về mà thấy tệ cực kỳ.
0,Thất bại của LG G5 là đây
0,"Gia vị món phở quá ngán, ăn không vô."
0,"Con Nokia này dùng tệ, pin chán hẳn."
0,"fujitsu lúc nào cũng quảng cáo công nghệ âm thanh này nọ mà nghe nhạc chán hơn sharp,chỉ được cái màn hình hơn sharp thôi đúng không bác Nhật"
1,"Mới ăn thử bún bò ở đây, vị vừa miệng lắm luôn."
0,"Apple Watch thiết kế lỗi, sạc thì không đáng tiền."
1,"Không có gì để chê ở món kem này, quá chuẩn vị."
1,"Mới tậu con Nokia này về, xuất sắc cực kỳ luôn."
1,"Món pizza ở quán này đậm đà cực kỳ, ăn hơn nửa năm vẫn ghiền."
1,Với tầm giá này thì Macbook là xuất sắc nhất rồi.
1,nhìn ảnh quá đẹp đó chứ
0,SS giống bị dơ kính camera vậy ??? Thấy ánh đèn 1 số ảnh có vệt dài
1,Chất lượng này cực kỳ tuyệt vời
1,Quán này mì xào là rất ngon nhất rồi.
0,"Con Lenovo này dùng lag, pin quá đơ."
1,"Dẫn chồng đi ăn gà rán, bạn bè khen ngon tuyệt."
1,"Mình rất hài lòng với Realme, bàn phím cao cấp, phê lắm."
1,"Dẫn đồng nghiệp đi ăn bún chả, bố khen ngon."
0,sản phẩm vô dụng nhất mà tôi từng thấy
1,"Dẫn đồng nghiệp đi ăn cà phê, vợ khen béo."
1,Với tầm giá này thì Xiaomi là ổn định nhất rồi.
0,Với tầm giá này mà Xiaomi không ổn vậy là không đáng tiền.
0,"phần cứng HTC làm khá tốt, chưa kể các sense khá ok, nhưng giá thì trên trời, maketing quá kém"
1,Quán này sushi là béo nhất rồi.
1,Với tầm giá này thì Huawei là mỏng nhất rồi.
0,"lens E 16-50mm chỉ là lens chữa cháy của sony so làm sao với XC 16-50mm được, chưa kể giá còn khác hẳn nhau. Đánh giá con a6300 qua con mắt lens rác 16-50 thì thật là thiển cận. Đẳng cấp của sony là file RAW, jpeg chỉ để làm cảnh, quả này sony rất thông minh dành tài nguyên hệ thống để tăng khả năng chụp nhanh còn hậu kì là việc của máy tính. File raw của fuji thì đúng là thô như cái bô, xứng đáng vứt vào giỏ rác. Đơn giản là một bức ảnh đẹp thì fuji hơn, nhưng muốn có một bức ảnh đỉnh cao thật sự làm người khác phải trầm trồ thì ko ai khác ngoài sony."
1,"Dell mỏng quá, xài hơn nửa năm rồi vẫn không lỗi lầm."
1,Thật sự thì mình rất rất thích S7 và S7 edge nhưng chắc phải chờ hạ giá mới mua !
1,"tay lông gớm quá.....con nầy ngon thế, xiaomi chính hãng có khác"
1,Chip Snapdragon mà có thêm ram 2GB thì chạy mượt rồi. Lại có hệ điều hành mới Cyanogen ít rác thì mượt ăn đứt android khác quá.
0,"Mình dùng Sony nhưng nghe nói Canon cho chất ảnh hồng hào của màu da do vậy chụp hình cưới thì hợp lý hơn. Sony body ko đắt, ống kính đắt là do thương hiệu CZ và ít đc hãng ống kính thứ 3 hỗ trợ như Canon và Nikon."
1,đẹp và sang trọng ko kém táo ...
1,xài Điện thoại thấy cực kỳ xịn
0,Quán này đồ ăn ngấy vậy là không đáng tiền.
0,"Mình rất thất vọng với gỏi cuốn, đồ uống ôi, đồ ăn khét lẹt."
1,Loa này rất tốt
0,Mua Oppo về dùng thử mà thấy mờ quá.
0,Mua Vivo về dùng thử mà thấy xấu quá.
1,"Sony thiết kế tuyệt vời, camera không lỗi lầm."
1,"Món lẩu vị vừa vị, nước chấm làm rất giòn."
1,Mình đag dung ip 3s và cảm thấy chưa cần thiết phải đổi mới. Quá mượt
1,Thiết kế này quá đỉnh
0,Với tầm giá này mà Dell loạn vậy là không đáng tiền.
1,"Món pizza ở quán này ngon miệng cực kỳ, ăn một thời gian vẫn ghiền."
1,xài Thiết kế thấy quá bền
0,"Món bún chả vị quá tệ, không đáng tiền tí nào."
1,"Món nướng vị vừa miệng, phục vụ làm rất quá đã."
0,"HP mờ quá, xài suốt mấy tháng là thấy loạn cảm ứng."
0,"Không thể chấp nhận được món lẩu này, quá dở."
0,"Gia vị món hải sản quá quá dở, ăn không vô."
0,Mới ăn thử gỏi cuốn ở đây mà thấy ngấy cực kỳ.
0,"Món phở vị tanh, không đáng tiền tí nào."
1,"Dell thiết kế ấn tượng, cảm ứng vẫn mượt."
0,Máy chả mượt mà
0,Mới ăn thử gỏi cuốn ở đây mà thấy quá tệ cực kỳ.
0,Pin chả đẹp
0,"Con LG này dùng nặng, pin rất tệ."
0,"AirPods giật quá, xài một tuần là thấy yếu xìu."
0,Mới ăn thử phở ở đây mà thấy quá dở cực kỳ.
1,"HP thiết kế bền, camera trâu."
0,"Mình rất thất vọng với Nokia, bàn phím yếu, hay bị sụt pin nhanh."
0,"Dell thiết kế bình thường, chip thì không xài được."
0,Màn hình hơi nhanh hỏng
0,Với tầm giá này mà Oppo quá chán vậy là không đáng tiền.
1,trải nghiệm Sản phẩm thấy cực kỳ mát
0,"HP thiết kế xấu, màn hình thì không đáng tiền."
0,"Không thể chấp nhận được món cà phê này, quá quá dở."
1,Giá này mà có snapdragon + ram 2G thêm cái camera selfie chuẩn thì ngon quá mà mấy bác còn so sánh :))
1,ứng dụng hay
0,"iPhone không ổn quá, xài vài hôm là thấy lag lòi."
0,"Gia vị món cơm tấm quá đắng, ăn không vô."
1,Đẹp mà
0,"rườm rà quá, thực sự mình thích sự tối ưu và nhỏ gọn, giống như bphone vậy, theo như giới thiệu thì có thể sử dụng 1 tay và tiết kiệm 30% thao tác kia mà :)"
1,"Mình rất thích pizza ở đây, quán phục vụ giòn, đồ ăn chuẩn vị."
0,"Món mì quảng vị khó ăn, không đáng tiền tí nào."
0,Mới ăn thử bánh xèo ở đây mà thấy quá tệ cực kỳ.
0,23 chai thì mìh làm cái logine hàng hiệu 1k$ hay hơn nha.
1,"Surface xuất sắc quá, xài cả năm rồi vẫn không nóng máy."
1,"Mình rất hài lòng với HP, hệ điều hành bền, mạnh."
1,Quán này phở là tươi nhất rồi.
0,"Mình rất thất vọng với cơm tấm, nước chấm quá dở, đồ ăn nguội ngắt."
1,"Món cà phê ở quán này cuốn hút cực kỳ, ăn hơn nửa năm vẫn ghiền."
0,"Đang điên vì đung android hỗ trợ phần mềm cùi quá... ios ít khi bị dis,android bị hoài. Mong là sẽ có update ngon hơn. Chứ thấy trừ nhịp tim,còn lại thua i5+,. Bùn ghê..."
0,"Món sushi vị chua lè, không đáng tiền tí nào."
1,Với tầm giá này thì AirPods là sang trọng nhất rồi.
0,Có bữa pin nỗ đứt cả bàn tay :))
1,"Đúng là chẳng có con nào đẹp bằng 4 với 4s, thiết kế càng ngày càng mất cảm tình, thôi cứ cầm tiếp 4s vậy."
0,"Con iPhone này dùng lỗi, pin yếu xìu."
1,"Mới ăn thử cơm tấm ở đây, vị béo lắm luôn."
1,"Không có gì để chê ở iPhone, quá xuất sắc."
0,NHÌN TỆ HƠN C5 NỮA
0,Với tầm giá này mà Sony đơ vậy là không đáng tiền.
1,"Mới tậu con Samsung này về, sắc nét cực kỳ luôn."
0,"Con Huawei này dùng chán, pin yếu xìu."
0,"Mình rất thất vọng với Dell, wifi bình thường, hay bị không xài được."
1,mình sài con 48j6600. rất tuyệt vào mạng mạnh hơn iphone 5
1,"Acer nhanh quá, xài một tháng rồi vẫn ok lắm."
1,"HP bền quá, xài cả năm rồi vẫn rất bền."
1,"Mới ăn thử trà sữa ở đây, vị béo lắm luôn."
1,"Món kem vị ngon, món ăn làm rất rất ngon."
0,"Mình rất thất vọng với Vivo, thiết kế mờ, hay bị mất sóng."
1,"Món cơm tấm ở quán này đậm đà cực kỳ, ăn suốt mấy tháng vẫn ghiền."
1,Quá hoàn hảo..quá đẹp..quá hiện đại và sang trọng..muốn mua mà phải dành tiền chăm con..lương chục củ bao giờ mới mua nổi..thèm nhỏ dãi
1,Cá tính chứ lịch lãm nỗi gì bạn. Công nhận chiếc này nhìn quá đẹp. Biết vậy ráng chờ để mua luôn ;(
0,"Món nướng vị không tươi, không đáng tiền tí nào."
0,Mạng rất chậm
1,Ngon quá
1,Màn hình 144hz chủ yếu để chơi các thể loại game FPS nên như vậy cũng ok r
0,"Asus thiết kế chán, bộ nhớ thì quá cùi."
0,"AirPods lởm quá, xài vài hôm là thấy vô dụng."
1,"Không có gì để chê ở món trà sữa này, quá cuốn hút."
1,"Mua Vivo cho em gái dùng, bố khen đáng tiền."
0,"Mình rất thất vọng với bánh mì, decor quá tệ, đồ ăn quá ngấy."
0,Màn hình ít xịn
1,"Mới ăn thử hải sản ở đây, vị ngon lắm luôn."
0,các nước lớn họ không có xài hàng TQ vì bảo mật
1,MS luôn làm thay đổi cả thế giới :D
1,"Không có gì để chê ở Oppo, quá bền."
1,"Món bánh xèo ở quán này hấp dẫn cực kỳ, ăn một tháng vẫn ghiền."
1,Màn hình này cực kỳ mát
1,Mình cũng vậy .ngon bổ rẻ và rất đẹp nữa
1,"Món pizza ở quán này ngon cực kỳ, ăn suốt mấy tháng vẫn ghiền."
1,Sản phẩm này quá mát
0,"iPhone thiết kế mờ, cảm ứng thì hay bị lỗi."
1,"Mua AirPods cho em trai dùng, bố khen mượt mà."
1,"Android là một hđh mở, nó gần như miễn phí cho các nhà sản xuất phần cứng. Không hiểu gì về android thì đừng tỏ ra nguy hiểm. Chính sự phát triển của android mà thế giới gần như bằng 1 cái màn hình smartphone."
0,"Món mì quảng vị khét, không đáng tiền tí nào."
0,"Mình rất thất vọng với sushi, món ăn đắng, đồ ăn nhạt nhẽo."
0,"Món bún bò vị khó ăn, không đáng tiền tí nào."
0,Dẫn bố đi ăn phở mà người yêu chê quá kém quá.
0,Thiết kế ít bền
0,"Mình rất thất vọng với HP, màn hình nặng, hay bị quá chán."
0,"Sam hay Apple cũng đều hết trò, mỗi năm ra mẫu mới cũng chỉ là nâng cấu hình."
1,Với tầm giá này thì HP là tốt nhất rồi.
0,Đây có lẽ là cú ngáp cuối cùng của HTC chăng. Sao mà đắt quá vậy.
1,"Mới ăn thử phở ở đây, vị chuẩn vị lắm luôn."
1,"AirPods thiết kế tốt, hiệu năng bình thường."
1,"Món pizza ở quán này giòn cực kỳ, ăn suốt mấy tháng vẫn ghiền."
0,Em này xách dép cho xiaomi thôi!!!
1,"Con AirPods này dùng nhanh, pin ổn định."
0,"Không thể chấp nhận được món kem này, quá khét."
1,"Mình thì đang dùng con Samsung New Seríes 9 bản 2012 mua cũ 9tr3 xài đc hơn 1 năm, nhìn đi nhìn lại chả con nào ưng ý bằng con này, cực đẹp, pin trâu, cấu hình khá :)"
1,"Dẫn con đi ăn vịt quay, em trai khen ngon miệng."
0,Mới mua con AirPods này về mà thấy loạn cực kỳ.
0,Viền màn hình to đùng. Thôi phá sản đi.
1,"Không có gì để chê ở Xiaomi, quá hoàn hảo."
0,"Vivo giật quá, xài một tháng là thấy nhanh tã."
0,"Giá khá mắc , tuy nhiên nếu bạn nào điều kiện dư giả thì có thể mua nó để ủng hộ cho thương hiệu việt cũng được :)"
0,"Mình rất thất vọng với trà sữa, nước chấm nhạt, đồ ăn chán phèo."
1,"Món cà phê ngon hết sẩy, gia vị tuyệt vời."
0,mạng 3g mà vài phút đã mất mấy trăm nghìn rồi 4G chắc nhà mạng nó rút 5 triệu 1 phút quá
1,Đúng vậy. Note mới là dòng điện thoại anh cả của Samsung :)
0,"Không thể chấp nhận được Macbook, quá lởm."
0,"Con Macbook này dùng loạn, pin lag lòi."
1,"chắc là pin li ion nên giá mới rẻ vậy nhưng hàng asus thì ổn rồi, các bạn cẩn thận với mấy cái tung của 20.000 mah bán ngoài đường nhà. có ngày lòi mặt chuột. Mấy cục xạc dự phòng li po mắc và bền hơn nhiều"
0,Với tầm giá này mà Oppo chán vậy là không đáng tiền.
1,"chất lượng của bb phải nói là tuyệt, phong cách, cá tính...nếu giá mềm tí thì bb sẽ lấy lại thời huy hoàng của mình"
0,"Mình rất thất vọng với Oppo, hiệu năng lỗi, hay bị nhanh tã."
1,"Dẫn người yêu đi ăn bún bò, chồng khen xuất sắc."
0,Máy cực kỳ nóng
0,Dẫn bạn bè đi ăn mì xào mà em gái chê quá kém quá.
1,"Mình rất thích sản phẩm của Sony, laptop thi mình cũng chọn Sony Vaio, mình đã từng xài qua Sony Z, Z1, Z3. Mình xin có ý kiến như sau : * Tấc cả các model khác của Sony thì chất lượng về màu sắc, camera đều không bằng Sony Z3 hoặc Z5. Cho dù bạn có chọn các model mới ra sau này của Sony đi nữa thì màn hình bảo đảm không đẹp bằng Sony Z3 hoặc Z5 đâu, đơn giản vì model thuộc dòng Z là model cao cấp nhất của Sony, bên mãng laptop của Sony cũng vậy, dòng Z là đắt tiền nhất."
0,"Món mì quảng ở quán này quá dở quá, ăn cả năm là thấy quá ngấy."
0,"Quanh đi quẩn lại vấn đề vẫn chỉ ở chỗ hệ điều hành Windowsphone và Windows 10 mobile. Sau một thời gian sử dụng Lumia tôi đã cảm thấy chán ngấy. Tìm hiểu về Windows 10 mobile tôi có chút xíu hứng thú nhưng tựu chung lại cốt lõi của nó là APP vẫn không được cải thiện. Microsoft quá bảo thủ và chậm chạp, đến giờ phút này chậm hơn 1 tháng mà trước đây tuyên bố ra mắt windows 10 mobile họ vẫn chỉ phát hành...build qua insider. Bây giờ để viết APP cho Windows 10 mobile người ta lại phải...đập đi xây lại ngay từ đầu bởi cách viết cho windows phone 8.1 không còn tương thích cho windows 10 mobile, chả ai lai hứng thú đi làm điều đó cả. Điểm cộng duy nhất cho windows phone là nó hao tài nguyên ít, giờ tôi xài cái lumia chỉ để nghe gọi nhắn tin, hết."
1,sử dụng Dịch vụ thấy hoàn toàn mượt mà
1,Sẽ dừng lại ở Note 4 vì có cổng hồng ngoại. Mấy thứ khác ko quan trọng bằng :)
0,"Món bún bò vị quá kém, không đáng tiền tí nào."
1,"Xiaomi là thương hiệu Thế giới rồi, chứ không còn là hàng TQ nữa nhé."
0,"TQ K quan trọng, quan trong là nó xấu"
0,"Suface, giá cao quá, so với giá trị sử dụng!"
0,Sản phẩm khá lag
0,Mới ăn thử gà rán ở đây mà thấy quá tệ cực kỳ.
1,"Mới ăn thử gỏi cuốn ở đây, vị vừa vị lắm luôn."
0,"Realme không ổn quá, xài suốt mấy tháng là thấy hết pin nhanh."
0,Sản phẩm ít đỉnh
0,"Không nên mua Zenfone 2: màn hình xấu, chip Intel chưa hoàn toàn tương thích với một số phần mềm, chụp hình bình thường, pin cũng chả xuất sắc gì..."
1,"Acer thiết kế mượt mà, camera dùng rất sướng."
0,Mạng quá kém
0,Thiết kế rất cùi
0,"Mình rất thất vọng với mì xào, decor mặn, đồ ăn nguội ngắt."
0,"iPhone thiết kế xấu, vân tay thì quá chán."
1,"Món bánh xèo vị giòn, không gian làm rất rất ngon."
1,"Món bún chả vị sạch sẽ, phục vụ làm rất quá đã."
0,Mới ăn thử bún chả ở đây mà thấy đắng cực kỳ.
1,bảo hành của oppo ko tệ
1,"Món bánh xèo ở quán này béo cực kỳ, ăn cả tuần vẫn ghiền."
1,"t đang dùng con galaxy e7 máy pin trâu, chơi game máy chỉ ấm nhẹ, máy mượt. thánh ghét SS thì kệ thánh chứ đừng phán bừa nhé"
1,"Mới ăn thử bánh mì ở đây, vị sạch sẽ lắm luôn."
0,Dẫn đồng nghiệp đi ăn hải sản mà con chê quá kém quá.
1,Thấy thích rồi
0,"Con HP này dùng yếu, pin vô dụng."
1,"chắc chắn doanh thu của nó chấp cả sam,LG, HTC, Sony,moto. tin tôi đi. nếu phải bỏ hơn 155 ra mua đt ai cũng chọn ip thôi."
0,Dẫn vợ đi ăn bún bò mà đồng nghiệp chê chán quá.
0,Pin chả mượt mà
1,"hàng nhật thì khỏi phải bàn,quá đỉnh,bền đẹp,khủng. và giá cũng "" khủng"""
0,Ipad 4 của mình sau khi nâng cấp IOS 9.1 bị lỗi sau khi sạc mở nắp cover ko tự sáng màn hình. Phải bấm phím cứng. Nhưng chấp nhận được :D iFan mà......
0,"Bản chất 2 vấn đề này là khác nhau. Apple thiết kế sản phẩm để ai cũng dùng được, còn Microsoft thiết kế sản phẩm để không ai thèm dùng."
0,Với tầm giá này mà Asus quá chán vậy là không đáng tiền.
0,Với tầm giá này mà Lenovo chậm vậy là không đáng tiền.
1,"Không có gì để chê ở Apple Watch, quá đẳng cấp."
0,Mình update 9.3.2 cho cái air 2 xong thì ảnh mình đã đưa vào máy bằng itunes bị nhảy loạn xạ ra
0,"Thất vọng, cảm giác mọi thứ làm nên IP đã thật sự ra đi theo ông Steven Jobs."
1,"Món cơm tấm ở quán này ngon cực kỳ, ăn cả năm vẫn ghiền."
1,"Không có gì để chê ở Apple Watch, quá hoàn hảo."
0,Dẫn bạn bè đi ăn gà rán mà bạn bè chê ngấy quá.
1,Công nhận chụp đêm ăn đứt s7 Choáng Nokia 808 đâu nhỉ
1,"Dell hoàn hảo quá, xài vài tháng rồi vẫn tốt."
0,"Không thể chấp nhận được món bánh xèo này, quá chua lè."
0,Mới được dùng ổ cắm đa năng Xiaomi. Cảm nhận thất vọng với giá hơn 200k
0,Dẫn bạn bè đi ăn bánh xèo mà con chê không tươi quá.
1,"Không có gì để chê ở Samsung, quá sắc nét."
1,"Không có gì để chê ở món nem cuốn này, quá tươi."
0,"Không thể chấp nhận được món nem cuốn này, quá mặn."
1,"đẹp thế, cho m lấy luôn"
1,"Mình rất hài lòng với Asus, thiết kế nhẹ, vẫn mượt."
0,Mua Asus về dùng thử mà thấy không ổn quá.
1,tuyệt thế nhẩy!!!!!
0,"Mình rất thất vọng với gỏi cuốn, phục vụ chua, đồ ăn khó nuốt."
0,Tin ông bb mấy năm mà nản. Lần đầu con PlayBook hứa lên bb10. Lần 2 con z30 thì ông chạy sang Android. Nếu 2 sản phẩm kia là thật thì BlackBerry nên giải tán phần cứng và chuyển sang kinh doanh phần mềm và dịch vụ là vừa. Thật sự mấy hãng tq nó làm máy còn đẹp hơn.
1,đợi giảm giá sẽ suy nghĩ lại..chup đẹp và thiết kế đẹp
0,Mới mua con Surface này về mà thấy kém cực kỳ.
0,Camera xấu vậy?
0,Dẫn mẹ đi ăn bún chả mà vợ chê khó ăn quá.
1,Quá khủng. Phải mình có được em nó thì...
0,"Taxi: chính xác đó bạn, chỉ thêm chống bụi và nước thôi... chả có gì đột phá... tôi vẫn dùng Note5."
0,"Asus lởm quá, xài hơn nửa năm là thấy không xài được."
0,Tự nhiên thấy BB thật rẻ tiền. Mất hình tượng quá.
1,trải nghiệm Chất lượng thấy thật sự hoàn hảo
0,"Không thể chấp nhận được món cơm tấm này, quá ngán."
1,Với tầm giá này thì Surface là mỏng nhất rồi.
0,Metrophone mua hàng 1 lần tởn tới già...
1,"Món sushi ở quán này ngon miệng cực kỳ, ăn vài tháng vẫn ghiền."
1,"Món mì xào vị hấp dẫn, gia vị làm rất chuẩn vị."
0,"Mình rất thất vọng với Nokia, màn hình kém, hay bị rất tệ."
1,"Dẫn vợ đi ăn nướng, bạn bè khen giòn."
0,"Sony tốt hơn Samsung 10 về trước thời Non OS lúc C901, 905, làm mưa làm gió thì đúng như z thật . Sony giờ bảo thủ lắm , ngoài thiết kế ra thì ko có gì có thể so sánh dc với Samsung đâu bạn ."
1,"Món cơm tấm ngon hết sẩy, gia vị ngon miệng."
0,"Không thể chấp nhận được món cơm tấm này, quá quá kém."
1,"Dẫn mẹ đi ăn bánh mì, mẹ khen hấp dẫn."
0,"i5 plus thì nghe bảo chống nước chán bạn ah, mình mới lấy con x6s mà mới 2 ngày bị hở mặt kính, đang gửi lại ra xem bên tcs trả lời thế nào."
1,"Món mì xào ở quán này chuẩn vị cực kỳ, ăn suốt mấy tháng vẫn ghiền."
0,Mua Sony về dùng thử mà thấy không ổn quá.
0,"Món gà rán ở quán này ngán quá, ăn cả tuần là thấy không nuốt nổi."
0,Điện thoại chả xịn
0,"Mình rất thất vọng với Asus, sạc lởm, hay bị giật lag."
0,Mới mua con Dell này về mà thấy giật cực kỳ.
1,Chất lượng này khá xuất sắc
0,Mua Dell về dùng thử mà thấy nóng quá.
1,"Blackberry dù k còn đc như xưa nữa, nhưng xài sp của bbry có cảm giác an toàn và thể hiện đc phong cách và cá tính của mình."
0,Mới mua con Nokia này về mà thấy xấu cực kỳ.
0,"Mình rất thất vọng với Surface, pin nặng, hay bị lag lòi."
0,Với tầm giá này mà Apple Watch lởm vậy là không đáng tiền.
1,Nhin thiet ke đẹp quÁ.
0,"Món kem ở quán này ngán quá, ăn suốt mấy tháng là thấy khó nuốt."
1,"Món gà rán ngon hết sẩy, gia vị ngon miệng."
0,Camera chả mát
1,dùng Camera thấy rất hoàn hảo
0,"Gia vị món bún chả quá thiu, ăn không vô."
0,"Món trà sữa vị chua lè, không đáng tiền tí nào."
1,"Samsung thiết kế bền, cảm ứng vẫn mượt."
1,"Món bánh mì ở quán này cuốn hút cực kỳ, ăn vài tháng vẫn ghiền."
1,"Con Huawei này dùng tốt, pin nhanh."
0,"Gia vị món bánh mì quá thiu, ăn không vô."
1,"Mình rất thích trà sữa ở đây, quán phục vụ thơm, đồ ăn ngon."
0,Dòng này pin yếu mà tại mỏng. Thôi xài thêm cái sạc dự phòng nữa là ok ))
0,"2 Sim chỉ dành cho SV, mất đi sự đẳng cấp !"
1,"Con Huawei này dùng sắc nét, pin đẹp."
1,"Dẫn em gái đi ăn nướng, con khen béo."
0,"Món bún bò ở quán này dở quá, ăn một tuần là thấy ôi thiu."
1,"Mình rất hài lòng với Apple Watch, loa đáng tiền, hoạt động tốt."
0,"Mình rất thất vọng với Realme, chip loạn, hay bị nhanh tã."
1,"Món sushi ở quán này ngon tuyệt cực kỳ, ăn cả tuần vẫn ghiền."
0,"Gia vị món mì quảng quá tanh, ăn không vô."
0,"Không thể chấp nhận được món trà sữa này, quá chua."
0,"Mình rất thất vọng với gà rán, món ăn nhạt, đồ ăn ôi thiu."
0,Tôi thấy có khi còn kém hơn cả em Z3 tôi đang xài :)
0,"iPhone kém quá, xài suốt mấy tháng là thấy hay bị lỗi."
1,"Mình rất hài lòng với HP, bộ nhớ bền, rất tốt."
0,"Mình làm kỹ thuật, cách đây 1 tuần có để con Samsung A5 2016 ở nhà cho vợ vọc, mượn con Z5 ở shop dùng tạm, thấy chán quá mượn con Z5 Premium dùng xem thử. Kết quả là sau 2 ngày dùng 2 con như bạn đang phân vân mình phải về nhà đòi lại con A5 của vợ :). Máy mau nóng, pin trung bình, hiệu năng ngang ngửa A5 (1 số điểm thậm chí còn thua). Khuyên bạn đã bỏ tiền ra mua, tiền vay tiền góp thì càng nên suy tính cân nhắc giữa giá cả - hiệu năng - trải nghiệm cho kỹ, đừng chỉ vì đam mê 1 chữ Sony mà sau này ôm hận. Sony chẳng có máy nào đáng đồng tiền cả, tâm sự thật đấy :)"
1,Qúa kinh khủng!
1,"Ai đã xài qua Windows 10 ,sẽ không bỏ nó,để về Windows 7 hay 8 nữa.Bởi xài nó rất MƯỢT, nhanh,giao điện lại quá đẹp,tiện lợi.Chỉ trừ những máy quá củ, cấu hình quá yếu,mới không xài được thôi."
1,"Không có gì để chê ở món bánh xèo này, quá rất ngon."
1,"Mình nghĩ con Zenbook là đẹp nhất. Con gái sài hợp quá trời vừa gọn nhẹ lại vừa đẹp, nhôm nguyên khối màu hồng nữ tính :)"
1,"Con Acer này dùng tuyệt vời, pin rất bền."
0,Slide Display chỉ như vậy thôi thì hơi bị chán.
0,"Món nem cuốn vị mặn, không đáng tiền tí nào."
0,"Món cà phê ở quán này chua quá, ăn cả năm là thấy mặn chát."
1,Quán này trà sữa là vừa vị nhất rồi.
0,"Quá bình thường nuôn, Điện thoại bây giờ đa số đều có!?!"
1,"Dẫn mẹ đi ăn kem, người yêu khen xuất sắc."
1,"Xiaomi là hãng TQ làm ăn tốt nhất mình thấy đến thời điểm hiện tại (dù mình vốn không thích TQ). Mọi sản phẩm đều rất ngon, giá cả rất ổn, sản phẩm hợp lí, thiết kế rất ổn, hiện đại,không màu mè hay đơn điệu lại hoàn thiện rất tốt. Chưa từng nghe tiếng xấu gù về hãng này. Mi mà chịu chuyển sang Đài Loan hay Hongkong chắc sẽ được tin dùng hơn nhiều. P.s: vòng tay này quá ngon, giá rẻ, ra chắc chắn sẽ xúc liền một em"
0,troi oi cemara vẫn lồi
1,5s vẫn đẹp nhất!
1,"Dell xuất sắc quá, xài mấy ngày rồi vẫn vẫn mượt."
1,Quán này kem là tươi nhất rồi.
0,14 nghàn usd...... ối tí ngã
0,Dẫn bạn bè đi ăn trà sữa mà chồng chê quá dở quá.
1,"Đọc xong định thích nhưng thấy giá lại thấy cứ ngài ngại thế nào ấy! Quả LED toàn màn hình nhìn fê nhể, y như trên sàn ấy!"
0,"Không thể chấp nhận được Xiaomi, quá giật."
1,"Dẫn bố đi ăn sushi, em gái khen đặc sắc."
1,"Món pizza ngon hết sẩy, gia vị vừa vị."
0,"Không thể chấp nhận được món bún bò này, quá ngán."
0,Mới ăn thử phở ở đây mà thấy đắng cực kỳ.
0,"Gia vị món gỏi cuốn quá dở, ăn không vô."
1,Thích hệ thống đèn LED ge
1,Loa này cực kỳ mát
1,"Dẫn người yêu đi ăn bún chả, em gái khen giòn."
0,Kỷ niệm tuổi thơ tôi. Mỗi tội đắt quá éo có tiền mua.
1,"Không có gì để chê ở Oppo, quá nhanh."
1,"không biết thật không nữa, thật không thể tin nổi, X max phơi sáng đẹp hơn cả S7"
1,"Dẫn chồng đi ăn pizza, người yêu khen chất lượng."
0,"lúc đầu thích bon sơn tùng, noo phước thịnh lắm nhưng về sau nó quảng cáo cho oppo nhiều quá đâm ghét, đt oppo đéo rẻ tí nào luôn so cả về chất lượng và cấu hình, nghe tiếng chuông ở đâu chỉ muốn đập cmn máy ra"
0,"Con Realme này dùng quá chán, pin quá chán."
1,"Hi. Mình cũng đang hóng Note 6 ra để mua ... Note 4, hy vọng lúc đó Note 4 sẽ còn khỏang 8t. Note 6 thì quá đỉnh, mình không chống nổi."
1,"Mới tậu con Realme này về, ổn định cực kỳ luôn."
1,"Món bún chả vị béo, phục vụ làm rất tươi."
0,Mua Surface về dùng thử mà thấy nóng quá.
1,"Nếu giải trí hãy dùng IP, nếu nghe gọi hãy dùng BB. kinh nghiệm là mình sử qua rất nhiều ĐT nhưng chất lương nghe gọi của BB rất tuyệt vời."
1,"Ios thật là ổn định, cứ ra bản mới thì phải có vài lỗi để người dùng trải nghiệm."
0,Mua HP về dùng thử mà thấy giật quá.
0,Dẫn vợ đi ăn cơm tấm mà bạn bè chê nguội ngắt quá.
0,"Oppo kém quá, xài một tháng là thấy chán hẳn."
0,theo minh am luong hoi nho . voi am bass kha ngeo con lai kha la ọk hon han e cano cug cua xiaomi
1,"Vn cũng cuồng aw chả kém gì http://genk.vn/do-choi-so/nguoi-vie...ang-la-tinh-trang-chung-20150509171244829.chn Người Việt cũng cuồng Apple Watch, khan hàng là tình trạng chung Mặc cho những dự đoán không mấy khả quan về doanh số của mình, Apple Watch đã liên tục rơi vào tình trạng cháy hàng trên toàn thế giới. genk.vn"
0,"Không thể chấp nhận được Macbook, quá không ổn."
1,"Đang chờ mong em nó ! Hi vọng e nó có thể tuỳ chọn 2sim hoặc 1sim 1thẻ nhớ như con S7 , S7edge !!!"
1,Nhìn thấy thích cái điện thoại kia rồi
0,"Con Dell này dùng đơ, pin hay bị lỗi."
1,"Con Vivo này dùng phù hợp, pin trâu."
1,Quán này phở là béo nhất rồi.
1,"Mới ăn thử nem cuốn ở đây, vị giòn lắm luôn."
1,"Macbook thiết kế nhanh, cấu hình đẹp."
1,"Không có gì để chê ở món bún bò này, quá xuất sắc."
1,"Món cơm tấm ngon hết sẩy, gia vị ngon."
1,Mình đang dùng 6plush vừa lên ios 9.3.2 thấy mượt và ổn định mà
0,"Món cơm tấm vị thiu, không đáng tiền tí nào."
1,"Dẫn em trai đi ăn lẩu, mẹ khen ngon."
0,"Món lẩu ở quán này không tươi quá, ăn một thời gian là thấy quá tệ."
0,đúng như bác fann-ryu nói.mình làm sim vina sáng nay thấy bản kim loại to hơn hẳn sim vịt teo.sáng giờ chưa maatd sóng lần nào.sim vịt teo 5 phút mất 1 lần
0,Gì chứ cứ nhìn thấy oppo và cái thg st mượn tác phẩm ý là ghét rồi
1,Quán này mì xào là tuyệt vời nhất rồi.
1,Thật tuyệt. Chính Tim Cook cũng phải ganh tị
1,"Acer xuất sắc quá, xài cả tuần rồi vẫn nhanh."
0,Mua Apple Watch về dùng thử mà thấy tệ quá.
0,"Không thể chấp nhận được món pizza này, quá khô."
1,"Mình rất hài lòng với Lenovo, camera mạnh, rất tốt."
1,"Dẫn bố đi ăn nướng, vợ khen chuẩn vị."
1,Máy này hoàn toàn xịn
1,"wa ấn độ mua mấy cái xài chơi, đẹp và chất quá giá lại quá đẹp."
1,Được như này thì nhất định phải sắm 1 e và 1 cái doc để nâng cao sự chuyên nghiệp trong mắt khách hàng. Chất vật vã
1,"Mua Acer cho vợ dùng, bạn bè khen hoàn hảo."
0,"Mình rất thất vọng với trà sữa, món ăn nhạt, đồ ăn mặn chát."
1,"Không có gì để chê ở LG, quá đẳng cấp."
1,"Apple Watch thiết kế ngon lành, thiết kế mạnh."
1,"Huawei Matebook đầu tư kĩ lưỡng ghê, muốn có em nó quá à"
0,Có bị điên mới mua cái đồng hồ điện tử đến 23 triệu. Sao không phải là hàng của thụy sỹ
1,Good
1,sử dụng Loa thấy cực kỳ xuất sắc
0,Dẫn vợ đi ăn cà phê mà chồng chê thiu quá.
1,Camera này thật sự xịn
1,Màn hình này cực kỳ hoàn hảo
0,"iPad chậm quá, xài vài tháng là thấy chậm vãi."
1,Toàn mấy thánh fanSs vs ip... Tôi dùng con Z từ ngày bắt đầu bán chính hãng tại Vn (1-4) đến bây giờ có thỉnh thoảng máy load ứng dụng hơi chậm còn lại chẳng vấn đề gì mặc dù rơi mấy lần. Về pin thì cứ mang con ip từ đời 5s đổ lại hoặc ss s3 cùng sạc đầy rồi dùng xem con nào ngất trước.... Chưa dùng thì đừng có chém gió
0,"Không thể chấp nhận được món cơm tấm này, quá thiu."
1,"Dẫn vợ đi ăn bún chả, chồng khen sạch sẽ."
0,"Mình rất thất vọng với nướng, nước dùng nguội ngắt, đồ ăn khó nuốt."
1,"Mới tậu con Dell này về, nhẹ cực kỳ luôn."
1,"Mình rất thích mì quảng ở đây, quán phục vụ tươi, đồ ăn rất ngon."
1,dùng Camera thấy thật sự hoàn hảo
1,Đang xài QWERTY Q10 được 2 năm. Ngoài viec ung dung ít ra thì ko có j để chê. Bàn phím hoàn hảo
1,"Giá quá chất. Không biết có bền không nhưng cấu hình, kiểu giáng và giá cả quá tốt."
1,"Quá ngon, oder về VN 500k là đẹp"
0,"Món nem cuốn vị tanh, không đáng tiền tí nào."
0,Màn hình chả đỉnh
1,"Mua LG cho bạn bè dùng, em trai khen nhẹ."
1,"Đã mua, xài 6 tháng chưa thấy lỗi, pin trâu, game mượt mà, camera chụp đêm auto bình bình, biết chỉnh tay thì đẹp, lên android 6 hơi nóng máy. lâu lâu máy dơ đem rửa. Nói chung là hài lòng."
1,Máy này vô cùng tốt
1,Ôi mình thích ống kính này 112
0,"Mình rất thất vọng với kem, đồ ăn tanh, đồ ăn chán phèo."
0,"Con này sao lỗi nguồn nhìu thế nhỉ, trong này đã 2 người bị rồi"
1,Swype là tuyệt nhất
1,"ngon. chả nhớ đang dùng 1 em, vẫn tốt"
0,"Món mì quảng ở quán này quá dở quá, ăn cả năm là thấy ôi thiu."
0,Dẫn chồng đi ăn gỏi cuốn mà con chê khô quá.
1,Motorola Start Tax một thời đình đám vẫn là tuyệt nhất.
1,Kiểu dáng hoàn hảo quá .
1,"mới qua mai nguyên xách về 1 bé, đúng trâu vật, dùng 2 ngày rồi mà mới giảm 40%, e dùng cả cả wifi,3G facebook từa lưa, cắm 2 sim xài luôn nhé    nhìn ngoài cũng khá sang :)"
1,Dịch vụ này hoàn toàn ngon
0,Thiết kế chả tốt
0,"Món bánh mì ở quán này ngán quá, ăn một thời gian là thấy nhạt nhẽo."
1,"iPhone nhẹ quá, xài cả năm rồi vẫn đẹp."
0,Thiết kế viền màn hình và cạnh bàn phím dầy quá
1,"Con iPad này dùng ổn định, pin dùng rất sướng."
0,Mua HP về dùng thử mà thấy loạn quá.
0,"Mình rất thất vọng với gà rán, nước chấm không tươi, đồ ăn chán phèo."
1,Quán này cà phê là béo nhất rồi.
0,Dịch vụ không hoàn hảo
1,thích camera mi5 chụp hình quay phim đẹp. khẩu 2.0 mà bokeh cũng dk
0,Mới ăn thử lẩu ở đây mà thấy nhạt cực kỳ.
1,Quán này nem cuốn là đặc sắc nhất rồi.
0,Mỏng mà pin yếu thì để làm gì nhỉ
1,"Dẫn bố đi ăn cà phê, bạn bè khen béo."
1,"Mình rất thích nướng ở đây, quán phục vụ cuốn hút, đồ ăn tươi."
0,"Món gà rán vị thiu, không đáng tiền tí nào."
0,"Huawei không ổn quá, xài một tuần là thấy rất tệ."
1,"Mình rất hài lòng với Acer, chip tốt, phê lắm."
1,trải nghiệm Camera thấy vô cùng tuyệt vời
1,"Mình rất thích nem cuốn ở đây, quán phục vụ tươi, đồ ăn giòn."
0,"Thiệt ức chế, đọc 10 inch giá 5.5tr muốn mua nhưng đọc cái đoạn ram+rom+camera thiệt y như lao dốc không phanh, thiệt nản cho asus!!!"
0,"Món kem ở quán này đắng quá, ăn cả tuần là thấy không nuốt nổi."
0,Mua Huawei về dùng thử mà thấy quá tệ quá.
0,Dẫn bạn bè đi ăn gà rán mà người yêu chê đắng quá.
0,"Tôi không phải chê bai, nhưng thực sự tôi thấy BKAV vẫn chưa thể đem lại hài lòng cho khách hàng. Từ đầu đến cuối từ khi giới thiệu sản phẩm đến khi giao hàng cho khách đều ở mức kém. Kém từ chất lượng sản phẩm: Nay lỗi, mai lỗi, thu hồi máy. Đến khâu kinh doanh: Giao hàng chậm, liên tục thay đổi, bổ sung tính năng. Đúng theo kiểu vừa làm vừa nghiên cứu, vừa thử nghiệm. Không được chuẩn bị tốt các khâu. Hãy chu đáo đã lại cho ra sản phẩm"
1,"rất đẹp :) mình ko hiểu sao các hãng lại cứ thi nhau làm viền mỏng, nhìn rất xấu :/ mình thấy viền màn hình như máyny là hợp lí :)"
1,"Con Realme này dùng đẳng cấp, pin bình thường."
1,"Không có gì để chê ở Realme, quá mượt mà."
1,"Món kem ở quán này xuất sắc cực kỳ, ăn vài tháng vẫn ghiền."
0,Dẫn chồng đi ăn bún chả mà con chê nguội ngắt quá.
1,"Mới ăn thử kem ở đây, vị đậm đà lắm luôn."
1,"HP sắc nét quá, xài hơn nửa năm rồi vẫn nhanh."
1,iphone bảo mật tốt ghê :))
0,"Gia vị món cơm tấm quá ngán, ăn không vô."
1,"Mình rất thích trà sữa ở đây, quán phục vụ vừa vị, đồ ăn sạch sẽ."
1,Màu sắc như này cũng là đẹp rồi. 72% NTSC thì cũng phải 100% sRGB rồi. Thêm nữa để so sánh với một con màn hình được rất nhiều designer ở VN ưa chuộng là Dell Ultrasharp U2414 thì cũng chỉ 72% NTSC thôi nhé. Xin lỗi cái bác nói là bật đen trắng chứ em nghĩ con này nó hiển thị nhiều màu hơn những màu mà bác biết đấy
1,"Món mì quảng vị rất ngon, món ăn làm rất chuẩn vị."
0,"Mình rất thất vọng với hải sản, decor thiu, đồ ăn quá dở."
1,"Mới ăn thử bánh xèo ở đây, vị béo lắm luôn."
1,"Món vịt quay ngon hết sẩy, gia vị ngon miệng."
1,"Con Dell này dùng bền, pin đẹp."
0,"Món mì xào vị ngán, không đáng tiền tí nào."
0,Quá đắt cho 1 cuộc tình. Cái màn hình chỉ đáng 200$. Nếu bỏ thêm tới 300$ thì tôi kì vọng phải có pin đủ xài 5 tiếng.
0,"Mình rất thất vọng với gà rán, topping chua, đồ ăn không đáng tiền."
1,"Thiết kế thì không có gì thay đổi nhưng cái vỏ nhôm trên HTC thật tuyệt hơn tất cả hãng còn lại, nó cứng và bền hơn nhiều iphone,samsung, smartphone trung quốc.. nhiều."
1,"Mình rất thích nướng ở đây, quán phục vụ hấp dẫn, đồ ăn vừa miệng."
1,"Với màn hình cỡ lớn thì các gia đình có điều kiện chẳng khác nào sắm một rạp xem phim tại gia rồi, em có tiền em cũng sắm mấy quả này xem cho nó bõ :D"
1,Đã mua loa này chiều qua và trải nghiệm âm thanh của nó khá ok kiểu dáng đẹp chuẩn bị khắc laze cho mấy cái viền nhôm luôn anh em có ai có hình đẹp không cho mình mấy cái
0,"Không có ấn tượng, phải nói là thường"
1,"Dẫn em trai đi ăn bún bò, chồng khen hấp dẫn."
0,Điện thoại cực kỳ xấu
1,"Mình rất thích phở ở đây, quán phục vụ quá đã, đồ ăn hấp dẫn."
1,"Dẫn em trai đi ăn pizza, bạn bè khen chuẩn vị."
0,"Gia vị món nướng quá thiu, ăn không vô."
0,Thực sự hy vọng Iphone có thiết kế đẹp hơn. Nếu đúng như này thì buồn quá
0,"Không thể chấp nhận được món phở này, quá ôi."
1,Quán này mì quảng là đặc sắc nhất rồi.
0,Mua HP về dùng thử mà thấy mờ quá.
1,"Samsung phù hợp quá, xài một thời gian rồi vẫn dùng rất sướng."
0,Dẫn em gái đi ăn vịt quay mà bạn bè chê ôi quá.
0,"Món nem cuốn ở quán này quá kém quá, ăn vài tháng là thấy đắt đỏ."
1,NGON
1,"Mình rất hài lòng với Realme, cảm ứng tốt, đẹp."
1,Chiếc này camera tốt quá. Mầu sắc chuẩn. Ko bị ám. Cái led thích thế
0,Laban key tốt hơn
1,Với tầm giá này thì Asus là sang trọng nhất rồi.
0,"Không thể chấp nhận được Surface, quá kém."
0,"Mất chất rồi, BlackBerry nên cải tiến phần mềm, đàm phán với google để app của google chạy mượt trên BlackBerry OS sẽ hay hơn."
1,Máy này vô cùng bền
1,đẹp phết
1,"Món bánh mì ở quán này đậm đà cực kỳ, ăn cả tuần vẫn ghiền."
1,"Con Samsung này dùng đẳng cấp, pin không lỗi lầm."
1,"Không có gì để chê ở Xiaomi, quá sắc nét."
0,"Món bún bò ở quán này ngán quá, ăn một tháng là thấy tanh rình."
0,"Món trà sữa vị quá tệ, không đáng tiền tí nào."
0,Dẫn mẹ đi ăn vịt quay mà em gái chê chán quá.
0,Mới ăn thử nem cuốn ở đây mà thấy ôi cực kỳ.
0,"Con LG này dùng xấu, pin rất tệ."
0,"Thông tin mật của tôi chưa tới 1000usd, mua chi điện thoại bảo mật 14000usd? Sản phẩm này sẽ rất kén khách vì cái giá của nó không đáng để đánh đổi 14000usd."
1,Hàng khủng quá!!!
0,"Món gỏi cuốn ở quán này khô quá, ăn một tuần là thấy không đáng tiền."
1,"Con Apple Watch này dùng ấn tượng, pin không lỗi lầm."
0,Mới ăn thử mì quảng ở đây mà thấy nguội ngắt cực kỳ.
0,cục sạc này dày quá
1,"Ba mình dùng xong để lại cho mình con Macbook Pro early 2011, giờ vẫn xài ngon lành, mượt mà vi vu, nâng cấp RAM lên 8gb rồi, iMovie này nọ vẫn còn ngon lắm! Mà xài MacOS mình toàn để sleep, rất hiếm khi tắt máy hoàn toàn."
1,Sướng bạn ah. Xài là ghiền
1,"Mình rất hài lòng với Apple Watch, vân tay mỏng, ổn định."
0,"Món cà phê ở quán này nguội ngắt quá, ăn vài tháng là thấy khó nuốt."
1,"Mới ăn thử lẩu ở đây, vị ngon lắm luôn."
1,"Dẫn vợ đi ăn mì quảng, bố khen tuyệt vời."
1,"Mình rất hài lòng với Dell, chip đẳng cấp, đẹp."
1,"Món bún chả vị xuất sắc, món ăn làm rất thơm."
1,Với tầm giá này thì Asus là đáng tiền nhất rồi.
1,Với tầm giá này thì Realme là đáng tiền nhất rồi.
1,"Không có gì để chê ở món hải sản này, quá hấp dẫn."
0,Rẻ mà nhiều chức năng nghe là không han rồi.cái gì cũng có cái giá của nó
0,Mua Macbook về dùng thử mà thấy tệ quá.
0,Mới mua con Apple Watch này về mà thấy quá chán cực kỳ.
1,Với tầm giá này thì Huawei là cao cấp nhất rồi.
1,"Món nem cuốn ở quán này chất lượng cực kỳ, ăn cả tuần vẫn ghiền."
0,"Quá thất vọng, 19/8 ngân sách lại thâm hụt 19,8 triệu rồi!!!"
1,"Lenovo phù hợp quá, xài một tháng rồi vẫn tuyệt vời."
1,"Món cơm tấm ngon hết sẩy, gia vị giòn."
1,"Không có gì để chê ở Macbook, quá hoàn hảo."
0,"Mình rất thất vọng với gà rán, không gian dở, đồ ăn quá ngấy."
0,"Gia vị món gà rán quá nhạt, ăn không vô."
1,"Mua Apple Watch cho em trai dùng, con khen tốt."
1,Với tầm giá này thì Asus là tốt nhất rồi.
1,"Không có gì để chê ở món pizza này, quá tươi."
0,"Gia vị món pizza quá chua, ăn không vô."
0,"Vivo thiết kế quá tệ, cấu hình thì quá cùi."
1,trải nghiệm Loa thấy thật sự tuyệt vời
0,"Mình rất thất vọng với vịt quay, topping quá tệ, đồ ăn dai quá."
1,"Mới tậu con Surface này về, tuyệt vời cực kỳ luôn."
1,"Không có gì để chê ở món mì xào này, quá ngon miệng."
0,"Gia vị món phở quá ôi, ăn không vô."
0,"Con Oppo này dùng lag, pin nhanh tã."
1,E vua mua con 6s co 1.7 thoi dung tot phet tai cho tan thành hiii
1,"Dẫn bạn bè đi ăn hải sản, chồng khen vừa miệng."
0,thà mua sony ngon hơn
1,"Không có gì để chê ở Macbook, quá ấn tượng."
1,"Vivo thiết kế đáng tiền, hệ điều hành trâu."
0,Tôi dùng s7 đây chưa đầy 2 tháng đã chán. Sợ luôn anh em nhà họ Sam
0,"Vivo thiết kế kém, cảm ứng thì kém quá."
1,Với tầm giá này thì Lenovo là mượt mà nhất rồi.
1,"Mua Oppo cho đồng nghiệp dùng, con khen đẹp."
0,Mua HP về dùng thử mà thấy xấu quá.
1,Với tầm giá này thì Asus là phù hợp nhất rồi.
1,"Món kem ở quán này vừa vị cực kỳ, ăn hơn nửa năm vẫn ghiền."
1,Quán này cà phê là đậm đà nhất rồi.
